NIS code/code NIS;Jaar/Année;autodiefstal/vol de voiture;
11001;2000;40;
11002;2000;2299;
11004;2000;11;
11005;2000;52;
11007;2000;25;
11008;2000;56;
11009;2000;62;
11013;2000;38;
11016;2000;22;
11018;2000;16;
11021;2000;15;
11022;2000;35;
11023;2000;46;
11024;2000;51;
11025;2000;6;
11029;2000;45;
11030;2000;20;
11035;2000;37;
11037;2000;33;
11038;2000;15;
11039;2000;41;
11040;2000;43;
11044;2000;18;
11050;2000;38;
11052;2000;49;
11053;2000;30;
11054;2000;30;
11055;2000;31;
11056;2000;20;
11057;2000;15;
12002;2000;10;
12005;2000;20;
12007;2000;18;
12009;2000;26;
12014;2000;28;
12021;2000;47;
12025;2000;198;
12026;2000;14;
12029;2000;17;
12030;2000;23;
12034;2000;3;
12035;2000;15;
12040;2000;51;
13001;2000;21;
13002;2000;2;
13003;2000;25;
13004;2000;16;
13006;2000;9;
13008;2000;74;
13010;2000;25;
13011;2000;54;
13012;2000;21;
13013;2000;10;
13014;2000;39;
13016;2000;10;
13017;2000;19;
13019;2000;42;
13021;2000;14;
13023;2000;8;
13025;2000;76;
13029;2000;27;
13031;2000;5;
13035;2000;13;
13036;2000;23;
13037;2000;10;
13040;2000;66;
13044;2000;8;
13046;2000;10;
13049;2000;39;
13053;2000;27;
21001;2000;702;
21002;2000;131;
21003;2000;108;
21004;2000;1516;
21005;2000;218;
21006;2000;131;
21007;2000;273;
21008;2000;104;
21009;2000;583;
21010;2000;281;
21011;2000;130;
21012;2000;595;
21013;2000;368;
21014;2000;157;
21015;2000;635;
21016;2000;418;
21017;2000;85;
21018;2000;208;
21019;2000;120;
21020;2000;0;
23002;2000;72;
23003;2000;46;
23009;2000;2;
23016;2000;109;
23023;2000;6;
23024;2000;3;
23025;2000;88;
23027;2000;63;
23032;2000;13;
23033;2000;23;
23038;2000;21;
23039;2000;18;
23044;2000;10;
23045;2000;24;
23047;2000;54;
23050;2000;41;
23052;2000;17;
23060;2000;11;
23062;2000;55;
23064;2000;5;
23077;2000;60;
23081;2000;38;
23086;2000;22;
23088;2000;114;
23094;2000;100;
23095;2000;47;
23096;2000;76;
23097;2000;13;
23098;2000;39;
23099;2000;26;
23100;2000;15;
23101;2000;49;
23102;2000;70;
23103;2000;25;
23104;2000;12;
23105;2000;15;
24001;2000;38;
24007;2000;4;
24008;2000;8;
24009;2000;8;
24011;2000;20;
24014;2000;27;
24016;2000;12;
24020;2000;50;
24028;2000;3;
24033;2000;13;
24038;2000;22;
24041;2000;14;
24043;2000;8;
24045;2000;12;
24048;2000;13;
24054;2000;5;
24055;2000;27;
24059;2000;24;
24062;2000;214;
24066;2000;12;
24086;2000;10;
24094;2000;19;
24104;2000;30;
24107;2000;67;
24109;2000;13;
24130;2000;6;
24133;2000;4;
24134;2000;21;
24135;2000;7;
24137;2000;4;
25005;2000;10;
25014;2000;82;
25015;2000;31;
25018;2000;34;
25023;2000;32;
25031;2000;47;
25037;2000;45;
25043;2000;6;
25044;2000;18;
25048;2000;22;
25050;2000;28;
25068;2000;25;
25072;2000;152;
25084;2000;30;
25091;2000;43;
25105;2000;74;
25107;2000;24;
25110;2000;130;
25112;2000;122;
25117;2000;23;
25118;2000;4;
25119;2000;34;
25120;2000;7;
25121;2000;159;
25122;2000;8;
25123;2000;22;
25124;2000;24;
31003;2000;12;
31004;2000;40;
31005;2000;131;
31006;2000;8;
31012;2000;9;
31022;2000;21;
31033;2000;17;
31040;2000;22;
31042;2000;2;
31043;2000;48;
32003;2000;14;
32006;2000;5;
32010;2000;3;
32011;2000;4;
32030;2000;1;
33011;2000;53;
33016;2000;6;
33021;2000;17;
33029;2000;19;
33037;2000;11;
33039;2000;11;
33040;2000;2;
33041;2000;2;
34002;2000;4;
34003;2000;8;
34009;2000;14;
34013;2000;33;
34022;2000;212;
34023;2000;9;
34025;2000;9;
34027;2000;89;
34040;2000;48;
34041;2000;32;
34042;2000;21;
34043;2000;7;
35002;2000;19;
35005;2000;9;
35006;2000;10;
35011;2000;50;
35013;2000;211;
35014;2000;4;
35029;2000;16;
36006;2000;5;
36007;2000;10;
36008;2000;23;
36010;2000;10;
36011;2000;8;
36012;2000;11;
36015;2000;64;
36019;2000;2;
37002;2000;5;
37007;2000;6;
37010;2000;2;
37011;2000;5;
37012;2000;6;
37015;2000;5;
37017;2000;4;
37018;2000;6;
37020;2000;4;
38002;2000;5;
38008;2000;53;
38014;2000;45;
38016;2000;30;
38025;2000;12;
41002;2000;95;
41011;2000;14;
41018;2000;17;
41024;2000;5;
41027;2000;6;
41034;2000;11;
41048;2000;17;
41063;2000;10;
41081;2000;11;
41082;2000;12;
42003;2000;5;
42004;2000;4;
42006;2000;32;
42008;2000;13;
42010;2000;15;
42011;2000;16;
42023;2000;11;
42025;2000;50;
42026;2000;12;
42028;2000;21;
43002;2000;11;
43005;2000;19;
43007;2000;2;
43010;2000;14;
43014;2000;2;
43018;2000;8;
44001;2000;28;
44011;2000;37;
44012;2000;21;
44013;2000;10;
44019;2000;11;
44020;2000;13;
44021;2000;492;
44029;2000;4;
44034;2000;13;
44036;2000;4;
44040;2000;11;
44043;2000;15;
44045;2000;8;
44048;2000;14;
44049;2000;10;
44052;2000;12;
44064;2000;19;
44072;2000;1;
44073;2000;4;
44080;2000;5;
44081;2000;12;
45017;2000;6;
45035;2000;22;
45041;2000;28;
45057;2000;3;
45059;2000;5;
45060;2000;5;
45061;2000;5;
45062;2000;1;
45063;2000;3;
45064;2000;6;
45065;2000;2;
46003;2000;29;
46013;2000;12;
46014;2000;59;
46020;2000;20;
46021;2000;101;
46024;2000;9;
46025;2000;26;
51004;2000;79;
51008;2000;29;
51009;2000;44;
51012;2000;15;
51014;2000;4;
51017;2000;2;
51019;2000;4;
51065;2000;7;
52010;2000;58;
52011;2000;3946;
52012;2000;390;
52015;2000;226;
52018;2000;58;
52021;2000;187;
52022;2000;121;
52025;2000;92;
52043;2000;95;
52048;2000;156;
52055;2000;82;
52063;2000;53;
52074;2000;47;
52075;2000;48;
53014;2000;313;
53020;2000;92;
53028;2000;137;
53039;2000;26;
53044;2000;25;
53046;2000;5;
53053;2000;1185;
53065;2000;147;
53068;2000;78;
53070;2000;219;
53082;2000;100;
53083;2000;6;
53084;2000;38;
54007;2000;461;
54010;2000;49;
55004;2000;104;
55010;2000;31;
55022;2000;526;
55023;2000;29;
55035;2000;92;
55039;2000;10;
55040;2000;87;
55050;2000;47;
56001;2000;96;
56005;2000;32;
56011;2000;220;
56016;2000;32;
56022;2000;88;
56029;2000;13;
56044;2000;23;
56049;2000;14;
56051;2000;9;
56078;2000;101;
56085;2000;44;
56086;2000;74;
56087;2000;64;
56088;2000;11;
57003;2000;6;
57018;2000;2;
57027;2000;46;
57062;2000;22;
57064;2000;116;
57072;2000;12;
57081;2000;256;
57093;2000;4;
57094;2000;40;
57095;2000;2;
61003;2000;72;
61010;2000;7;
61012;2000;6;
61019;2000;17;
61024;2000;18;
61028;2000;17;
61031;2000;165;
61039;2000;8;
61041;2000;4;
61043;2000;19;
61048;2000;8;
61063;2000;6;
61068;2000;26;
61072;2000;35;
61079;2000;7;
61080;2000;23;
61081;2000;6;
62003;2000;244;
62006;2000;50;
62009;2000;46;
62011;2000;25;
62015;2000;89;
62022;2000;85;
62026;2000;22;
62027;2000;21;
62032;2000;72;
62038;2000;102;
62051;2000;385;
62060;2000;29;
62063;2000;3792;
62079;2000;150;
62093;2000;197;
62096;2000;528;
62099;2000;57;
62100;2000;51;
62108;2000;103;
62118;2000;115;
62119;2000;51;
62120;2000;123;
62121;2000;25;
62122;2000;30;
63001;2000;2;
63003;2000;11;
63004;2000;21;
63012;2000;2;
63013;2000;6;
63020;2000;52;
63023;2000;43;
63035;2000;62;
63038;2000;19;
63040;2000;15;
63045;2000;5;
63046;2000;22;
63048;2000;12;
63049;2000;36;
63057;2000;16;
63058;2000;51;
63061;2000;15;
63067;2000;21;
63072;2000;40;
63073;2000;19;
63075;2000;5;
63076;2000;46;
63079;2000;481;
63080;2000;1;
63084;2000;24;
63086;2000;5;
63087;2000;3;
63088;2000;14;
63089;2000;14;
64008;2000;7;
64015;2000;14;
64021;2000;19;
64023;2000;6;
64025;2000;9;
64029;2000;7;
64034;2000;44;
64047;2000;6;
64056;2000;16;
64063;2000;15;
64065;2000;29;
64074;2000;67;
64075;2000;5;
64076;2000;5;
71002;2000;20;
71004;2000;68;
71011;2000;36;
71016;2000;203;
71017;2000;15;
71020;2000;13;
71022;2000;350;
71024;2000;15;
71034;2000;18;
71037;2000;20;
71045;2000;4;
71047;2000;12;
71053;2000;229;
71057;2000;40;
71066;2000;34;
71067;2000;16;
71069;2000;23;
71070;2000;44;
72003;2000;13;
72004;2000;11;
72018;2000;9;
72020;2000;59;
72021;2000;46;
72025;2000;15;
72029;2000;12;
72030;2000;17;
72037;2000;13;
72038;2000;11;
72039;2000;62;
72040;2000;11;
72041;2000;27;
73001;2000;22;
73006;2000;74;
73009;2000;22;
73022;2000;14;
73028;2000;0;
73032;2000;8;
73040;2000;11;
73042;2000;76;
73066;2000;21;
73083;2000;105;
73098;2000;8;
73107;2000;102;
73109;2000;11;
81001;2000;115;
81003;2000;5;
81004;2000;41;
81013;2000;2;
81015;2000;12;
82003;2000;54;
82005;2000;5;
82009;2000;3;
82014;2000;20;
82032;2000;9;
82036;2000;4;
82037;2000;7;
82038;2000;3;
83012;2000;34;
83013;2000;2;
83028;2000;17;
83031;2000;8;
83034;2000;74;
83040;2000;7;
83044;2000;0;
83049;2000;9;
83055;2000;3;
84009;2000;20;
84010;2000;14;
84016;2000;1;
84029;2000;0;
84033;2000;7;
84035;2000;7;
84043;2000;17;
84050;2000;5;
84059;2000;10;
84068;2000;9;
84075;2000;6;
84077;2000;29;
85007;2000;3;
85009;2000;8;
85011;2000;16;
85024;2000;8;
85026;2000;5;
85034;2000;7;
85039;2000;3;
85045;2000;24;
85046;2000;18;
85047;2000;2;
91005;2000;6;
91013;2000;9;
91015;2000;1;
91030;2000;41;
91034;2000;43;
91054;2000;4;
91059;2000;5;
91064;2000;7;
91072;2000;4;
91103;2000;1;
91114;2000;30;
91120;2000;7;
91141;2000;12;
91142;2000;8;
91143;2000;3;
92003;2000;108;
92006;2000;9;
92035;2000;36;
92045;2000;14;
92048;2000;29;
92054;2000;9;
92087;2000;23;
92094;2000;481;
92097;2000;8;
92101;2000;13;
92114;2000;27;
92137;2000;106;
92138;2000;27;
92140;2000;39;
92141;2000;15;
92142;2000;111;
93010;2000;14;
93014;2000;40;
93018;2000;1;
93022;2000;31;
93056;2000;8;
93088;2000;39;
93090;2000;7;
11001;2006;17;
11002;2006;1318;
11004;2006;8;
11005;2006;23;
11007;2006;4;
11008;2006;20;
11009;2006;7;
11013;2006;16;
11016;2006;21;
11018;2006;7;
11021;2006;7;
11022;2006;2;
11023;2006;13;
11024;2006;27;
11025;2006;7;
11029;2006;24;
11030;2006;5;
11035;2006;10;
11037;2006;18;
11038;2006;7;
11039;2006;10;
11040;2006;10;
11044;2006;15;
11050;2006;12;
11052;2006;19;
11053;2006;16;
11054;2006;5;
11055;2006;6;
11056;2006;12;
11057;2006;7;
12002;2006;3;
12005;2006;5;
12007;2006;4;
12009;2006;6;
12014;2006;10;
12021;2006;17;
12025;2006;108;
12026;2006;4;
12029;2006;4;
12030;2006;9;
12034;2006;2;
12035;2006;6;
12040;2006;20;
13001;2006;11;
13002;2006;2;
13003;2006;3;
13004;2006;7;
13006;2006;2;
13008;2006;20;
13010;2006;9;
13011;2006;18;
13012;2006;7;
13013;2006;4;
13014;2006;25;
13016;2006;2;
13017;2006;10;
13019;2006;7;
13021;2006;0;
13023;2006;1;
13025;2006;30;
13029;2006;8;
13031;2006;6;
13035;2006;9;
13036;2006;6;
13037;2006;9;
13040;2006;34;
13044;2006;2;
13046;2006;4;
13049;2006;11;
13053;2006;6;
21001;2006;545;
21002;2006;64;
21003;2006;43;
21004;2006;812;
21005;2006;103;
21006;2006;81;
21007;2006;209;
21008;2006;72;
21009;2006;249;
21010;2006;185;
21011;2006;73;
21012;2006;412;
21013;2006;219;
21014;2006;70;
21015;2006;321;
21016;2006;232;
21017;2006;48;
21018;2006;85;
21019;2006;60;
21020;2006;0;
23002;2006;39;
23003;2006;41;
23009;2006;6;
23016;2006;62;
23023;2006;1;
23024;2006;3;
23025;2006;52;
23027;2006;33;
23032;2006;2;
23033;2006;8;
23038;2006;3;
23039;2006;2;
23044;2006;8;
23045;2006;12;
23047;2006;31;
23050;2006;35;
23052;2006;3;
23060;2006;9;
23062;2006;19;
23064;2006;2;
23077;2006;64;
23081;2006;3;
23086;2006;17;
23088;2006;77;
23094;2006;42;
23095;2006;17;
23096;2006;18;
23097;2006;4;
23098;2006;15;
23099;2006;15;
23100;2006;7;
23101;2006;25;
23102;2006;48;
23103;2006;22;
23104;2006;3;
23105;2006;9;
24001;2006;19;
24007;2006;1;
24008;2006;5;
24009;2006;14;
24011;2006;6;
24014;2006;1;
24016;2006;4;
24020;2006;32;
24028;2006;3;
24033;2006;5;
24038;2006;10;
24041;2006;9;
24043;2006;7;
24045;2006;4;
24048;2006;2;
24054;2006;0;
24055;2006;6;
24059;2006;25;
24062;2006;73;
24066;2006;5;
24086;2006;4;
24094;2006;7;
24104;2006;18;
24107;2006;41;
24109;2006;1;
24130;2006;3;
24133;2006;0;
24134;2006;6;
24135;2006;13;
24137;2006;4;
25005;2006;6;
25014;2006;38;
25015;2006;17;
25018;2006;8;
25023;2006;13;
25031;2006;18;
25037;2006;7;
25043;2006;3;
25044;2006;9;
25048;2006;15;
25050;2006;10;
25068;2006;8;
25072;2006;59;
25084;2006;12;
25091;2006;25;
25105;2006;62;
25107;2006;20;
25110;2006;55;
25112;2006;46;
25117;2006;18;
25118;2006;5;
25119;2006;24;
25120;2006;3;
25121;2006;83;
25122;2006;4;
25123;2006;14;
25124;2006;11;
31003;2006;3;
31004;2006;18;
31005;2006;80;
31006;2006;8;
31012;2006;3;
31022;2006;12;
31033;2006;10;
31040;2006;6;
31042;2006;1;
31043;2006;12;
32003;2006;5;
32006;2006;1;
32010;2006;1;
32011;2006;4;
32030;2006;0;
33011;2006;21;
33016;2006;2;
33021;2006;13;
33029;2006;14;
33037;2006;1;
33039;2006;2;
33040;2006;1;
33041;2006;2;
34002;2006;5;
34003;2006;0;
34009;2006;5;
34013;2006;16;
34022;2006;81;
34023;2006;11;
34025;2006;1;
34027;2006;45;
34040;2006;16;
34041;2006;22;
34042;2006;10;
34043;2006;2;
35002;2006;8;
35005;2006;2;
35006;2006;2;
35011;2006;20;
35013;2006;90;
35014;2006;6;
35029;2006;4;
36006;2006;4;
36007;2006;4;
36008;2006;11;
36010;2006;3;
36011;2006;3;
36012;2006;3;
36015;2006;29;
36019;2006;3;
37002;2006;0;
37007;2006;3;
37010;2006;0;
37011;2006;2;
37012;2006;0;
37015;2006;9;
37017;2006;2;
37018;2006;1;
37020;2006;5;
38002;2006;1;
38008;2006;16;
38014;2006;22;
38016;2006;9;
38025;2006;10;
41002;2006;60;
41011;2006;9;
41018;2006;11;
41024;2006;3;
41027;2006;5;
41034;2006;3;
41048;2006;17;
41063;2006;4;
41081;2006;14;
41082;2006;8;
42003;2006;4;
42004;2006;5;
42006;2006;17;
42008;2006;3;
42010;2006;3;
42011;2006;9;
42023;2006;9;
42025;2006;18;
42026;2006;4;
42028;2006;10;
43002;2006;3;
43005;2006;10;
43007;2006;2;
43010;2006;12;
43014;2006;0;
43018;2006;4;
44001;2006;5;
44011;2006;8;
44012;2006;5;
44013;2006;14;
44019;2006;9;
44020;2006;3;
44021;2006;254;
44029;2006;3;
44034;2006;6;
44036;2006;4;
44040;2006;12;
44043;2006;3;
44045;2006;0;
44048;2006;17;
44049;2006;2;
44052;2006;5;
44064;2006;6;
44072;2006;2;
44073;2006;2;
44080;2006;2;
44081;2006;7;
45017;2006;3;
45035;2006;16;
45041;2006;30;
45057;2006;1;
45059;2006;0;
45060;2006;2;
45061;2006;0;
45062;2006;0;
45063;2006;3;
45064;2006;2;
45065;2006;1;
46003;2006;61;
46013;2006;6;
46014;2006;17;
46020;2006;3;
46021;2006;48;
46024;2006;9;
46025;2006;16;
51004;2006;47;
51008;2006;19;
51009;2006;19;
51012;2006;8;
51014;2006;3;
51017;2006;1;
51019;2006;1;
51065;2006;8;
52010;2006;55;
52011;2006;1491;
52012;2006;147;
52015;2006;267;
52018;2006;24;
52021;2006;69;
52022;2006;50;
52025;2006;13;
52043;2006;58;
52048;2006;28;
52055;2006;68;
52063;2006;41;
52074;2006;20;
52075;2006;17;
53014;2006;103;
53020;2006;43;
53028;2006;76;
53039;2006;13;
53044;2006;22;
53046;2006;4;
53053;2006;445;
53065;2006;35;
53068;2006;24;
53070;2006;92;
53082;2006;67;
53083;2006;5;
53084;2006;21;
54007;2006;183;
54010;2006;23;
55004;2006;40;
55010;2006;12;
55022;2006;201;
55023;2006;30;
55035;2006;18;
55039;2006;18;
55040;2006;54;
55050;2006;12;
56001;2006;20;
56005;2006;12;
56011;2006;56;
56016;2006;20;
56022;2006;24;
56029;2006;4;
56044;2006;6;
56049;2006;6;
56051;2006;5;
56078;2006;28;
56085;2006;22;
56086;2006;17;
56087;2006;21;
56088;2006;3;
57003;2006;8;
57018;2006;6;
57027;2006;31;
57062;2006;13;
57064;2006;48;
57072;2006;12;
57081;2006;187;
57093;2006;0;
57094;2006;21;
57095;2006;2;
61003;2006;15;
61010;2006;3;
61012;2006;1;
61019;2006;2;
61024;2006;2;
61028;2006;7;
61031;2006;87;
61039;2006;5;
61041;2006;1;
61043;2006;7;
61048;2006;3;
61063;2006;4;
61068;2006;10;
61072;2006;11;
61079;2006;4;
61080;2006;14;
61081;2006;3;
62003;2006;93;
62006;2006;14;
62009;2006;21;
62011;2006;19;
62015;2006;24;
62022;2006;35;
62026;2006;7;
62027;2006;4;
62032;2006;29;
62038;2006;25;
62051;2006;108;
62060;2006;10;
62063;2006;1122;
62079;2006;49;
62093;2006;83;
62096;2006;304;
62099;2006;14;
62100;2006;7;
62108;2006;38;
62118;2006;45;
62119;2006;18;
62120;2006;87;
62121;2006;9;
62122;2006;7;
63001;2006;6;
63003;2006;6;
63004;2006;3;
63012;2006;3;
63013;2006;2;
63020;2006;29;
63023;2006;13;
63035;2006;21;
63038;2006;3;
63040;2006;5;
63045;2006;4;
63046;2006;6;
63048;2006;5;
63049;2006;18;
63057;2006;1;
63058;2006;15;
63061;2006;5;
63067;2006;13;
63072;2006;36;
63073;2006;8;
63075;2006;2;
63076;2006;9;
63079;2006;141;
63080;2006;6;
63084;2006;8;
63086;2006;2;
63087;2006;2;
63088;2006;9;
63089;2006;7;
64008;2006;5;
64015;2006;7;
64021;2006;6;
64023;2006;3;
64025;2006;7;
64029;2006;0;
64034;2006;19;
64047;2006;5;
64056;2006;9;
64063;2006;15;
64065;2006;16;
64074;2006;39;
64075;2006;3;
64076;2006;2;
71002;2006;6;
71004;2006;12;
71011;2006;16;
71016;2006;93;
71017;2006;4;
71020;2006;2;
71022;2006;117;
71024;2006;3;
71034;2006;6;
71037;2006;21;
71045;2006;0;
71047;2006;6;
71053;2006;37;
71057;2006;8;
71066;2006;6;
71067;2006;7;
71069;2006;3;
71070;2006;17;
72003;2006;2;
72004;2006;11;
72018;2006;10;
72020;2006;26;
72021;2006;22;
72025;2006;8;
72029;2006;9;
72030;2006;13;
72037;2006;15;
72038;2006;4;
72039;2006;24;
72040;2006;4;
72041;2006;10;
73001;2006;7;
73006;2006;14;
73009;2006;4;
73022;2006;2;
73028;2006;0;
73032;2006;3;
73040;2006;5;
73042;2006;21;
73066;2006;12;
73083;2006;30;
73098;2006;1;
73107;2006;36;
73109;2006;6;
81001;2006;61;
81003;2006;2;
81004;2006;39;
81013;2006;4;
81015;2006;12;
82003;2006;34;
82005;2006;2;
82009;2006;2;
82014;2006;2;
82032;2006;11;
82036;2006;6;
82037;2006;1;
82038;2006;3;
83012;2006;16;
83013;2006;2;
83028;2006;5;
83031;2006;4;
83034;2006;36;
83040;2006;4;
83044;2006;0;
83049;2006;0;
83055;2006;5;
84009;2006;10;
84010;2006;7;
84016;2006;2;
84029;2006;1;
84033;2006;2;
84035;2006;12;
84043;2006;7;
84050;2006;5;
84059;2006;12;
84068;2006;1;
84075;2006;1;
84077;2006;16;
85007;2006;7;
85009;2006;5;
85011;2006;3;
85024;2006;1;
85026;2006;7;
85034;2006;5;
85039;2006;1;
85045;2006;14;
85046;2006;10;
85047;2006;3;
91005;2006;4;
91013;2006;9;
91015;2006;3;
91030;2006;24;
91034;2006;14;
91054;2006;0;
91059;2006;9;
91064;2006;2;
91072;2006;8;
91103;2006;3;
91114;2006;12;
91120;2006;2;
91141;2006;5;
91142;2006;2;
91143;2006;2;
92003;2006;37;
92006;2006;5;
92035;2006;17;
92045;2006;5;
92048;2006;13;
92054;2006;8;
92087;2006;10;
92094;2006;200;
92097;2006;9;
92101;2006;7;
92114;2006;24;
92137;2006;64;
92138;2006;4;
92140;2006;25;
92141;2006;6;
92142;2006;37;
93010;2006;5;
93014;2006;22;
93018;2006;1;
93022;2006;17;
93056;2006;16;
93088;2006;22;
93090;2006;1;
11001;2007;11;
11002;2007;1053;
11004;2007;3;
11005;2007;20;
11007;2007;13;
11008;2007;17;
11009;2007;13;
11013;2007;17;
11016;2007;9;
11018;2007;9;
11021;2007;9;
11022;2007;10;
11023;2007;15;
11024;2007;27;
11025;2007;3;
11029;2007;11;
11030;2007;4;
11035;2007;7;
11037;2007;24;
11038;2007;4;
11039;2007;15;
11040;2007;12;
11044;2007;19;
11050;2007;10;
11052;2007;19;
11053;2007;7;
11054;2007;11;
11055;2007;10;
11056;2007;15;
11057;2007;6;
12002;2007;6;
12005;2007;8;
12007;2007;1;
12009;2007;4;
12014;2007;9;
12021;2007;17;
12025;2007;94;
12026;2007;11;
12029;2007;2;
12030;2007;10;
12034;2007;1;
12035;2007;8;
12040;2007;15;
13001;2007;6;
13002;2007;4;
13003;2007;6;
13004;2007;8;
13006;2007;2;
13008;2007;33;
13010;2007;3;
13011;2007;14;
13012;2007;0;
13013;2007;3;
13014;2007;21;
13016;2007;0;
13017;2007;9;
13019;2007;12;
13021;2007;4;
13023;2007;2;
13025;2007;24;
13029;2007;11;
13031;2007;4;
13035;2007;9;
13036;2007;6;
13037;2007;5;
13040;2007;34;
13044;2007;2;
13046;2007;9;
13049;2007;5;
13053;2007;1;
21001;2007;490;
21002;2007;40;
21003;2007;74;
21004;2007;768;
21005;2007;98;
21006;2007;79;
21007;2007;153;
21008;2007;70;
21009;2007;268;
21010;2007;145;
21011;2007;77;
21012;2007;396;
21013;2007;202;
21014;2007;52;
21015;2007;305;
21016;2007;175;
21017;2007;42;
21018;2007;79;
21019;2007;64;
21020;2007;0;
23002;2007;49;
23003;2007;22;
23009;2007;1;
23016;2007;55;
23023;2007;2;
23024;2007;4;
23025;2007;43;
23027;2007;31;
23032;2007;5;
23033;2007;9;
23038;2007;6;
23039;2007;3;
23044;2007;2;
23045;2007;14;
23047;2007;30;
23050;2007;17;
23052;2007;18;
23060;2007;10;
23062;2007;17;
23064;2007;1;
23077;2007;36;
23081;2007;3;
23086;2007;9;
23088;2007;113;
23094;2007;68;
23095;2007;6;
23096;2007;14;
23097;2007;4;
23098;2007;8;
23099;2007;11;
23100;2007;8;
23101;2007;15;
23102;2007;60;
23103;2007;10;
23104;2007;5;
23105;2007;5;
24001;2007;22;
24007;2007;4;
24008;2007;4;
24009;2007;5;
24011;2007;9;
24014;2007;6;
24016;2007;9;
24020;2007;14;
24028;2007;0;
24033;2007;8;
24038;2007;8;
24041;2007;5;
24043;2007;2;
24045;2007;6;
24048;2007;6;
24054;2007;2;
24055;2007;8;
24059;2007;9;
24062;2007;91;
24066;2007;3;
24086;2007;5;
24094;2007;3;
24104;2007;23;
24107;2007;36;
24109;2007;2;
24130;2007;3;
24133;2007;1;
24134;2007;11;
24135;2007;6;
24137;2007;1;
25005;2007;2;
25014;2007;62;
25015;2007;19;
25018;2007;10;
25023;2007;18;
25031;2007;14;
25037;2007;9;
25043;2007;3;
25044;2007;3;
25048;2007;19;
25050;2007;9;
25068;2007;22;
25072;2007;71;
25084;2007;13;
25091;2007;31;
25105;2007;43;
25107;2007;19;
25110;2007;63;
25112;2007;51;
25117;2007;13;
25118;2007;7;
25119;2007;28;
25120;2007;4;
25121;2007;65;
25122;2007;5;
25123;2007;18;
25124;2007;15;
31003;2007;4;
31004;2007;9;
31005;2007;61;
31006;2007;0;
31012;2007;4;
31022;2007;6;
31033;2007;8;
31040;2007;7;
31042;2007;3;
31043;2007;23;
32003;2007;16;
32006;2007;2;
32010;2007;2;
32011;2007;3;
32030;2007;1;
33011;2007;10;
33016;2007;0;
33021;2007;3;
33029;2007;6;
33037;2007;1;
33039;2007;6;
33040;2007;4;
33041;2007;1;
34002;2007;1;
34003;2007;7;
34009;2007;4;
34013;2007;16;
34022;2007;98;
34023;2007;5;
34025;2007;1;
34027;2007;35;
34040;2007;19;
34041;2007;11;
34042;2007;11;
34043;2007;5;
35002;2007;4;
35005;2007;6;
35006;2007;0;
35011;2007;14;
35013;2007;40;
35014;2007;4;
35029;2007;7;
36006;2007;2;
36007;2007;3;
36008;2007;10;
36010;2007;2;
36011;2007;2;
36012;2007;5;
36015;2007;25;
36019;2007;1;
37002;2007;4;
37007;2007;1;
37010;2007;2;
37011;2007;2;
37012;2007;1;
37015;2007;3;
37017;2007;4;
37018;2007;4;
37020;2007;5;
38002;2007;3;
38008;2007;14;
38014;2007;19;
38016;2007;8;
38025;2007;11;
41002;2007;35;
41011;2007;12;
41018;2007;18;
41024;2007;3;
41027;2007;4;
41034;2007;6;
41048;2007;16;
41063;2007;3;
41081;2007;14;
41082;2007;10;
42003;2007;5;
42004;2007;2;
42006;2007;12;
42008;2007;4;
42010;2007;3;
42011;2007;6;
42023;2007;2;
42025;2007;17;
42026;2007;3;
42028;2007;5;
43002;2007;0;
43005;2007;10;
43007;2007;0;
43010;2007;11;
43014;2007;1;
43018;2007;8;
44001;2007;8;
44011;2007;14;
44012;2007;4;
44013;2007;6;
44019;2007;12;
44020;2007;8;
44021;2007;287;
44029;2007;3;
44034;2007;11;
44036;2007;3;
44040;2007;8;
44043;2007;6;
44045;2007;1;
44048;2007;8;
44049;2007;3;
44052;2007;5;
44064;2007;6;
44072;2007;0;
44073;2007;1;
44080;2007;1;
44081;2007;4;
45017;2007;2;
45035;2007;13;
45041;2007;16;
45057;2007;3;
45059;2007;2;
45060;2007;5;
45061;2007;0;
45062;2007;0;
45063;2007;1;
45064;2007;0;
45065;2007;2;
46003;2007;83;
46013;2007;9;
46014;2007;18;
46020;2007;8;
46021;2007;33;
46024;2007;4;
46025;2007;18;
51004;2007;52;
51008;2007;25;
51009;2007;15;
51012;2007;6;
51014;2007;0;
51017;2007;0;
51019;2007;6;
51065;2007;5;
52010;2007;42;
52011;2007;1270;
52012;2007;112;
52015;2007;152;
52018;2007;26;
52021;2007;60;
52022;2007;48;
52025;2007;24;
52043;2007;36;
52048;2007;37;
52055;2007;56;
52063;2007;31;
52074;2007;13;
52075;2007;22;
53014;2007;59;
53020;2007;31;
53028;2007;38;
53039;2007;8;
53044;2007;9;
53046;2007;4;
53053;2007;328;
53065;2007;22;
53068;2007;18;
53070;2007;60;
53082;2007;74;
53083;2007;3;
53084;2007;17;
54007;2007;177;
54010;2007;29;
55004;2007;22;
55010;2007;14;
55022;2007;182;
55023;2007;24;
55035;2007;20;
55039;2007;5;
55040;2007;23;
55050;2007;7;
56001;2007;22;
56005;2007;20;
56011;2007;57;
56016;2007;30;
56022;2007;19;
56029;2007;6;
56044;2007;9;
56049;2007;7;
56051;2007;14;
56078;2007;29;
56085;2007;9;
56086;2007;19;
56087;2007;36;
56088;2007;1;
57003;2007;12;
57018;2007;5;
57027;2007;37;
57062;2007;15;
57064;2007;25;
57072;2007;9;
57081;2007;240;
57093;2007;14;
57094;2007;28;
57095;2007;0;
61003;2007;15;
61010;2007;3;
61012;2007;3;
61019;2007;9;
61024;2007;4;
61028;2007;7;
61031;2007;54;
61039;2007;3;
61041;2007;2;
61043;2007;10;
61048;2007;5;
61063;2007;6;
61068;2007;8;
61072;2007;11;
61079;2007;4;
61080;2007;12;
61081;2007;0;
62003;2007;95;
62006;2007;17;
62009;2007;14;
62011;2007;19;
62015;2007;24;
62022;2007;31;
62026;2007;2;
62027;2007;5;
62032;2007;16;
62038;2007;29;
62051;2007;159;
62060;2007;21;
62063;2007;1092;
62079;2007;64;
62093;2007;99;
62096;2007;283;
62099;2007;23;
62100;2007;8;
62108;2007;49;
62118;2007;60;
62119;2007;16;
62120;2007;61;
62121;2007;11;
62122;2007;14;
63001;2007;1;
63003;2007;3;
63004;2007;5;
63012;2007;0;
63013;2007;1;
63020;2007;16;
63023;2007;7;
63035;2007;22;
63038;2007;3;
63040;2007;7;
63045;2007;1;
63046;2007;8;
63048;2007;4;
63049;2007;15;
63057;2007;3;
63058;2007;16;
63061;2007;7;
63067;2007;10;
63072;2007;15;
63073;2007;3;
63075;2007;3;
63076;2007;7;
63079;2007;147;
63080;2007;1;
63084;2007;12;
63086;2007;1;
63087;2007;3;
63088;2007;4;
63089;2007;4;
64008;2007;2;
64015;2007;5;
64021;2007;10;
64023;2007;5;
64025;2007;4;
64029;2007;3;
64034;2007;18;
64047;2007;2;
64056;2007;4;
64063;2007;1;
64065;2007;10;
64074;2007;17;
64075;2007;4;
64076;2007;1;
71002;2007;6;
71004;2007;16;
71011;2007;10;
71016;2007;77;
71017;2007;3;
71020;2007;6;
71022;2007;115;
71024;2007;8;
71034;2007;13;
71037;2007;9;
71045;2007;3;
71047;2007;6;
71053;2007;40;
71057;2007;9;
71066;2007;16;
71067;2007;1;
71069;2007;6;
71070;2007;24;
72003;2007;5;
72004;2007;6;
72018;2007;6;
72020;2007;22;
72021;2007;16;
72025;2007;5;
72029;2007;2;
72030;2007;7;
72037;2007;8;
72038;2007;7;
72039;2007;23;
72040;2007;18;
72041;2007;16;
73001;2007;10;
73006;2007;18;
73009;2007;2;
73022;2007;6;
73028;2007;0;
73032;2007;6;
73040;2007;2;
73042;2007;26;
73066;2007;5;
73083;2007;27;
73098;2007;1;
73107;2007;42;
73109;2007;5;
81001;2007;40;
81003;2007;0;
81004;2007;44;
81013;2007;3;
81015;2007;12;
82003;2007;20;
82005;2007;3;
82009;2007;0;
82014;2007;5;
82032;2007;9;
82036;2007;5;
82037;2007;2;
82038;2007;1;
83012;2007;20;
83013;2007;3;
83028;2007;9;
83031;2007;5;
83034;2007;36;
83040;2007;5;
83044;2007;4;
83049;2007;4;
83055;2007;2;
84009;2007;7;
84010;2007;7;
84016;2007;1;
84029;2007;1;
84033;2007;4;
84035;2007;8;
84043;2007;13;
84050;2007;2;
84059;2007;7;
84068;2007;4;
84075;2007;5;
84077;2007;18;
85007;2007;3;
85009;2007;3;
85011;2007;5;
85024;2007;0;
85026;2007;3;
85034;2007;2;
85039;2007;1;
85045;2007;31;
85046;2007;3;
85047;2007;0;
91005;2007;9;
91013;2007;9;
91015;2007;2;
91030;2007;17;
91034;2007;18;
91054;2007;1;
91059;2007;6;
91064;2007;0;
91072;2007;5;
91103;2007;3;
91114;2007;11;
91120;2007;5;
91141;2007;5;
91142;2007;2;
91143;2007;1;
92003;2007;43;
92006;2007;9;
92035;2007;19;
92045;2007;10;
92048;2007;13;
92054;2007;3;
92087;2007;16;
92094;2007;181;
92097;2007;2;
92101;2007;5;
92114;2007;12;
92137;2007;45;
92138;2007;7;
92140;2007;17;
92141;2007;12;
92142;2007;30;
93010;2007;1;
93014;2007;27;
93018;2007;0;
93022;2007;16;
93056;2007;14;
93088;2007;10;
93090;2007;7;
11001;2008;5;
11002;2008;838;
11004;2008;4;
11005;2008;27;
11007;2008;5;
11008;2008;15;
11009;2008;12;
11013;2008;3;
11016;2008;5;
11018;2008;4;
11021;2008;7;
11022;2008;13;
11023;2008;7;
11024;2008;9;
11025;2008;2;
11029;2008;17;
11030;2008;2;
11035;2008;6;
11037;2008;11;
11038;2008;10;
11039;2008;10;
11040;2008;17;
11044;2008;7;
11050;2008;6;
11052;2008;10;
11053;2008;10;
11054;2008;9;
11055;2008;12;
11056;2008;10;
11057;2008;9;
12002;2008;5;
12005;2008;1;
12007;2008;4;
12009;2008;7;
12014;2008;10;
12021;2008;25;
12025;2008;109;
12026;2008;14;
12029;2008;9;
12030;2008;9;
12034;2008;3;
12035;2008;10;
12040;2008;30;
13001;2008;7;
13002;2008;1;
13003;2008;6;
13004;2008;12;
13006;2008;4;
13008;2008;26;
13010;2008;4;
13011;2008;25;
13012;2008;3;
13013;2008;5;
13014;2008;35;
13016;2008;1;
13017;2008;13;
13019;2008;12;
13021;2008;7;
13023;2008;10;
13025;2008;24;
13029;2008;4;
13031;2008;2;
13035;2008;13;
13036;2008;16;
13037;2008;3;
13040;2008;42;
13044;2008;2;
13046;2008;6;
13049;2008;10;
13053;2008;9;
21001;2008;405;
21002;2008;53;
21003;2008;43;
21004;2008;667;
21005;2008;85;
21006;2008;66;
21007;2008;150;
21008;2008;43;
21009;2008;279;
21010;2008;111;
21011;2008;42;
21012;2008;268;
21013;2008;177;
21014;2008;47;
21015;2008;274;
21016;2008;148;
21017;2008;38;
21018;2008;71;
21019;2008;34;
21020;2008;0;
23002;2008;40;
23003;2008;29;
23009;2008;0;
23016;2008;30;
23023;2008;2;
23024;2008;10;
23025;2008;32;
23027;2008;26;
23032;2008;1;
23033;2008;8;
23038;2008;11;
23039;2008;1;
23044;2008;3;
23045;2008;7;
23047;2008;36;
23050;2008;13;
23052;2008;13;
23060;2008;11;
23062;2008;13;
23064;2008;3;
23077;2008;53;
23081;2008;9;
23086;2008;15;
23088;2008;48;
23094;2008;44;
23095;2008;4;
23096;2008;14;
23097;2008;3;
23098;2008;11;
23099;2008;15;
23100;2008;9;
23101;2008;11;
23102;2008;34;
23103;2008;16;
23104;2008;8;
23105;2008;5;
24001;2008;27;
24007;2008;3;
24008;2008;3;
24009;2008;5;
24011;2008;6;
24014;2008;3;
24016;2008;5;
24020;2008;15;
24028;2008;1;
24033;2008;5;
24038;2008;14;
24041;2008;3;
24043;2008;1;
24045;2008;5;
24048;2008;1;
24054;2008;3;
24055;2008;10;
24059;2008;13;
24062;2008;59;
24066;2008;3;
24086;2008;1;
24094;2008;4;
24104;2008;11;
24107;2008;19;
24109;2008;1;
24130;2008;2;
24133;2008;2;
24134;2008;11;
24135;2008;3;
24137;2008;1;
25005;2008;3;
25014;2008;52;
25015;2008;11;
25018;2008;6;
25023;2008;15;
25031;2008;22;
25037;2008;7;
25043;2008;0;
25044;2008;3;
25048;2008;14;
25050;2008;6;
25068;2008;12;
25072;2008;55;
25084;2008;9;
25091;2008;27;
25105;2008;27;
25107;2008;14;
25110;2008;36;
25112;2008;35;
25117;2008;4;
25118;2008;3;
25119;2008;14;
25120;2008;4;
25121;2008;55;
25122;2008;1;
25123;2008;13;
25124;2008;8;
31003;2008;3;
31004;2008;18;
31005;2008;43;
31006;2008;2;
31012;2008;4;
31022;2008;5;
31033;2008;9;
31040;2008;4;
31042;2008;1;
31043;2008;15;
32003;2008;9;
32006;2008;1;
32010;2008;2;
32011;2008;1;
32030;2008;0;
33011;2008;14;
33016;2008;2;
33021;2008;3;
33029;2008;8;
33037;2008;4;
33039;2008;7;
33040;2008;0;
33041;2008;0;
34002;2008;8;
34003;2008;7;
34009;2008;9;
34013;2008;9;
34022;2008;81;
34023;2008;6;
34025;2008;3;
34027;2008;40;
34040;2008;30;
34041;2008;22;
34042;2008;16;
34043;2008;3;
35002;2008;10;
35005;2008;5;
35006;2008;0;
35011;2008;23;
35013;2008;53;
35014;2008;1;
35029;2008;10;
36006;2008;2;
36007;2008;1;
36008;2008;15;
36010;2008;7;
36011;2008;5;
36012;2008;3;
36015;2008;24;
36019;2008;2;
37002;2008;0;
37007;2008;5;
37010;2008;1;
37011;2008;3;
37012;2008;1;
37015;2008;14;
37017;2008;6;
37018;2008;5;
37020;2008;2;
38002;2008;6;
38008;2008;3;
38014;2008;5;
38016;2008;5;
38025;2008;5;
41002;2008;50;
41011;2008;11;
41018;2008;20;
41024;2008;7;
41027;2008;3;
41034;2008;7;
41048;2008;11;
41063;2008;5;
41081;2008;11;
41082;2008;10;
42003;2008;5;
42004;2008;8;
42006;2008;19;
42008;2008;5;
42010;2008;2;
42011;2008;11;
42023;2008;6;
42025;2008;6;
42026;2008;9;
42028;2008;6;
43002;2008;1;
43005;2008;3;
43007;2008;1;
43010;2008;9;
43014;2008;0;
43018;2008;7;
44001;2008;4;
44011;2008;8;
44012;2008;2;
44013;2008;15;
44019;2008;10;
44020;2008;2;
44021;2008;234;
44029;2008;2;
44034;2008;10;
44036;2008;2;
44040;2008;1;
44043;2008;6;
44045;2008;2;
44048;2008;9;
44049;2008;6;
44052;2008;5;
44064;2008;3;
44072;2008;2;
44073;2008;3;
44080;2008;3;
44081;2008;4;
45017;2008;4;
45035;2008;12;
45041;2008;16;
45057;2008;3;
45059;2008;2;
45060;2008;6;
45061;2008;2;
45062;2008;2;
45063;2008;4;
45064;2008;2;
45065;2008;2;
46003;2008;61;
46013;2008;6;
46014;2008;18;
46020;2008;8;
46021;2008;32;
46024;2008;7;
46025;2008;18;
51004;2008;46;
51008;2008;15;
51009;2008;20;
51012;2008;2;
51014;2008;6;
51017;2008;1;
51019;2008;2;
51065;2008;5;
52010;2008;59;
52011;2008;1379;
52012;2008;117;
52015;2008;123;
52018;2008;18;
52021;2008;49;
52022;2008;75;
52025;2008;22;
52043;2008;52;
52048;2008;21;
52055;2008;65;
52063;2008;29;
52074;2008;12;
52075;2008;14;
53014;2008;68;
53020;2008;22;
53028;2008;51;
53039;2008;13;
53044;2008;16;
53046;2008;3;
53053;2008;224;
53065;2008;31;
53068;2008;15;
53070;2008;41;
53082;2008;35;
53083;2008;8;
53084;2008;20;
54007;2008;191;
54010;2008;25;
55004;2008;23;
55010;2008;15;
55022;2008;180;
55023;2008;17;
55035;2008;16;
55039;2008;6;
55040;2008;50;
55050;2008;10;
56001;2008;17;
56005;2008;12;
56011;2008;57;
56016;2008;21;
56022;2008;19;
56029;2008;2;
56044;2008;7;
56049;2008;9;
56051;2008;23;
56078;2008;23;
56085;2008;10;
56086;2008;18;
56087;2008;27;
56088;2008;2;
57003;2008;19;
57018;2008;11;
57027;2008;39;
57062;2008;10;
57064;2008;47;
57072;2008;14;
57081;2008;296;
57093;2008;10;
57094;2008;15;
57095;2008;2;
61003;2008;18;
61010;2008;2;
61012;2008;3;
61019;2008;4;
61024;2008;11;
61028;2008;2;
61031;2008;58;
61039;2008;4;
61041;2008;2;
61043;2008;6;
61048;2008;1;
61063;2008;3;
61068;2008;8;
61072;2008;20;
61079;2008;3;
61080;2008;15;
61081;2008;1;
62003;2008;108;
62006;2008;14;
62009;2008;11;
62011;2008;17;
62015;2008;32;
62022;2008;59;
62026;2008;6;
62027;2008;8;
62032;2008;25;
62038;2008;32;
62051;2008;186;
62060;2008;11;
62063;2008;1175;
62079;2008;70;
62093;2008;86;
62096;2008;233;
62099;2008;22;
62100;2008;26;
62108;2008;59;
62118;2008;53;
62119;2008;33;
62120;2008;85;
62121;2008;14;
62122;2008;16;
63001;2008;3;
63003;2008;2;
63004;2008;3;
63012;2008;1;
63013;2008;2;
63020;2008;19;
63023;2008;12;
63035;2008;21;
63038;2008;3;
63040;2008;8;
63045;2008;2;
63046;2008;3;
63048;2008;6;
63049;2008;14;
63057;2008;6;
63058;2008;12;
63061;2008;2;
63067;2008;9;
63072;2008;13;
63073;2008;10;
63075;2008;1;
63076;2008;14;
63079;2008;128;
63080;2008;1;
63084;2008;10;
63086;2008;1;
63087;2008;0;
63088;2008;8;
63089;2008;5;
64008;2008;0;
64015;2008;0;
64021;2008;4;
64023;2008;0;
64025;2008;6;
64029;2008;3;
64034;2008;9;
64047;2008;2;
64056;2008;3;
64063;2008;2;
64065;2008;28;
64074;2008;17;
64075;2008;0;
64076;2008;2;
71002;2008;1;
71004;2008;6;
71011;2008;15;
71016;2008;79;
71017;2008;3;
71020;2008;0;
71022;2008;97;
71024;2008;2;
71034;2008;9;
71037;2008;6;
71045;2008;0;
71047;2008;7;
71053;2008;40;
71057;2008;9;
71066;2008;13;
71067;2008;3;
71069;2008;7;
71070;2008;14;
72003;2008;10;
72004;2008;13;
72018;2008;4;
72020;2008;41;
72021;2008;31;
72025;2008;13;
72029;2008;11;
72030;2008;5;
72037;2008;22;
72038;2008;14;
72039;2008;25;
72040;2008;1;
72041;2008;18;
73001;2008;4;
73006;2008;19;
73009;2008;4;
73022;2008;3;
73028;2008;0;
73032;2008;9;
73040;2008;0;
73042;2008;39;
73066;2008;15;
73083;2008;35;
73098;2008;1;
73107;2008;64;
73109;2008;6;
81001;2008;46;
81003;2008;1;
81004;2008;49;
81013;2008;0;
81015;2008;8;
82003;2008;16;
82005;2008;0;
82009;2008;0;
82014;2008;4;
82032;2008;7;
82036;2008;3;
82037;2008;3;
82038;2008;4;
83012;2008;11;
83013;2008;5;
83028;2008;5;
83031;2008;5;
83034;2008;24;
83040;2008;6;
83044;2008;3;
83049;2008;0;
83055;2008;1;
84009;2008;11;
84010;2008;14;
84016;2008;0;
84029;2008;2;
84033;2008;3;
84035;2008;2;
84043;2008;7;
84050;2008;5;
84059;2008;4;
84068;2008;1;
84075;2008;0;
84077;2008;19;
85007;2008;2;
85009;2008;2;
85011;2008;11;
85024;2008;0;
85026;2008;7;
85034;2008;1;
85039;2008;4;
85045;2008;24;
85046;2008;5;
85047;2008;1;
91005;2008;6;
91013;2008;11;
91015;2008;1;
91030;2008;13;
91034;2008;12;
91054;2008;2;
91059;2008;5;
91064;2008;1;
91072;2008;0;
91103;2008;4;
91114;2008;4;
91120;2008;1;
91141;2008;9;
91142;2008;8;
91143;2008;3;
92003;2008;34;
92006;2008;4;
92035;2008;13;
92045;2008;13;
92048;2008;18;
92054;2008;5;
92087;2008;18;
92094;2008;162;
92097;2008;0;
92101;2008;11;
92114;2008;16;
92137;2008;52;
92138;2008;8;
92140;2008;22;
92141;2008;6;
92142;2008;28;
93010;2008;1;
93014;2008;19;
93018;2008;0;
93022;2008;27;
93056;2008;15;
93088;2008;18;
93090;2008;6;
11001;2009;14;
11002;2009;971;
11004;2009;5;
11005;2009;21;
11007;2009;11;
11008;2009;22;
11009;2009;9;
11013;2009;13;
11016;2009;13;
11018;2009;14;
11021;2009;3;
11022;2009;7;
11023;2009;9;
11024;2009;11;
11025;2009;2;
11029;2009;20;
11030;2009;3;
11035;2009;12;
11037;2009;13;
11038;2009;3;
11039;2009;6;
11040;2009;16;
11044;2009;6;
11050;2009;10;
11052;2009;12;
11053;2009;14;
11054;2009;4;
11055;2009;8;
11056;2009;15;
11057;2009;2;
12002;2009;3;
12005;2009;3;
12007;2009;4;
12009;2009;7;
12014;2009;12;
12021;2009;30;
12025;2009;112;
12026;2009;9;
12029;2009;4;
12030;2009;9;
12034;2009;3;
12035;2009;6;
12040;2009;14;
13001;2009;7;
13002;2009;0;
13003;2009;4;
13004;2009;5;
13006;2009;4;
13008;2009;18;
13010;2009;8;
13011;2009;18;
13012;2009;2;
13013;2009;3;
13014;2009;14;
13016;2009;2;
13017;2009;6;
13019;2009;7;
13021;2009;2;
13023;2009;1;
13025;2009;11;
13029;2009;3;
13031;2009;11;
13035;2009;9;
13036;2009;4;
13037;2009;5;
13040;2009;22;
13044;2009;3;
13046;2009;3;
13049;2009;11;
13053;2009;4;
21001;2009;359;
21002;2009;42;
21003;2009;44;
21004;2009;578;
21005;2009;68;
21006;2009;82;
21007;2009;163;
21008;2009;42;
21009;2009;252;
21010;2009;85;
21011;2009;39;
21012;2009;224;
21013;2009;144;
21014;2009;67;
21015;2009;252;
21016;2009;136;
21017;2009;43;
21018;2009;101;
21019;2009;40;
21020;2009;0;
23002;2009;52;
23003;2009;23;
23009;2009;0;
23016;2009;52;
23023;2009;1;
23024;2009;1;
23025;2009;27;
23027;2009;36;
23032;2009;2;
23033;2009;7;
23038;2009;6;
23039;2009;0;
23044;2009;5;
23045;2009;6;
23047;2009;25;
23050;2009;15;
23052;2009;11;
23060;2009;8;
23062;2009;26;
23064;2009;2;
23077;2009;45;
23081;2009;6;
23086;2009;13;
23088;2009;48;
23094;2009;51;
23095;2009;0;
23096;2009;13;
23097;2009;6;
23098;2009;13;
23099;2009;12;
23100;2009;1;
23101;2009;13;
23102;2009;25;
23103;2009;16;
23104;2009;4;
23105;2009;5;
24001;2009;13;
24007;2009;2;
24008;2009;7;
24009;2009;2;
24011;2009;4;
24014;2009;4;
24016;2009;3;
24020;2009;18;
24028;2009;1;
24033;2009;1;
24038;2009;11;
24041;2009;2;
24043;2009;3;
24045;2009;3;
24048;2009;2;
24054;2009;1;
24055;2009;15;
24059;2009;12;
24062;2009;92;
24066;2009;2;
24086;2009;5;
24094;2009;8;
24104;2009;16;
24107;2009;23;
24109;2009;2;
24130;2009;1;
24133;2009;2;
24134;2009;7;
24135;2009;6;
24137;2009;3;
25005;2009;6;
25014;2009;44;
25015;2009;16;
25018;2009;11;
25023;2009;7;
25031;2009;8;
25037;2009;9;
25043;2009;2;
25044;2009;11;
25048;2009;13;
25050;2009;10;
25068;2009;9;
25072;2009;58;
25084;2009;7;
25091;2009;20;
25105;2009;46;
25107;2009;13;
25110;2009;41;
25112;2009;40;
25117;2009;6;
25118;2009;2;
25119;2009;9;
25120;2009;6;
25121;2009;23;
25122;2009;2;
25123;2009;8;
25124;2009;7;
31003;2009;1;
31004;2009;17;
31005;2009;40;
31006;2009;1;
31012;2009;9;
31022;2009;6;
31033;2009;6;
31040;2009;5;
31042;2009;3;
31043;2009;15;
32003;2009;3;
32006;2009;0;
32010;2009;2;
32011;2009;0;
32030;2009;0;
33011;2009;4;
33016;2009;1;
33021;2009;6;
33029;2009;5;
33037;2009;2;
33039;2009;2;
33040;2009;3;
33041;2009;0;
34002;2009;6;
34003;2009;6;
34009;2009;5;
34013;2009;15;
34022;2009;75;
34023;2009;5;
34025;2009;0;
34027;2009;30;
34040;2009;19;
34041;2009;20;
34042;2009;14;
34043;2009;0;
35002;2009;11;
35005;2009;4;
35006;2009;2;
35011;2009;12;
35013;2009;75;
35014;2009;3;
35029;2009;4;
36006;2009;2;
36007;2009;4;
36008;2009;7;
36010;2009;2;
36011;2009;1;
36012;2009;2;
36015;2009;28;
36019;2009;0;
37002;2009;1;
37007;2009;1;
37010;2009;1;
37011;2009;2;
37012;2009;0;
37015;2009;10;
37017;2009;5;
37018;2009;1;
37020;2009;3;
38002;2009;1;
38008;2009;17;
38014;2009;12;
38016;2009;11;
38025;2009;4;
41002;2009;40;
41011;2009;6;
41018;2009;9;
41024;2009;4;
41027;2009;7;
41034;2009;7;
41048;2009;14;
41063;2009;2;
41081;2009;8;
41082;2009;6;
42003;2009;2;
42004;2009;4;
42006;2009;17;
42008;2009;8;
42010;2009;5;
42011;2009;19;
42023;2009;5;
42025;2009;3;
42026;2009;1;
42028;2009;6;
43002;2009;4;
43005;2009;8;
43007;2009;2;
43010;2009;9;
43014;2009;3;
43018;2009;6;
44001;2009;11;
44011;2009;9;
44012;2009;1;
44013;2009;3;
44019;2009;6;
44020;2009;3;
44021;2009;223;
44029;2009;2;
44034;2009;4;
44036;2009;2;
44040;2009;4;
44043;2009;1;
44045;2009;1;
44048;2009;10;
44049;2009;3;
44052;2009;4;
44064;2009;3;
44072;2009;2;
44073;2009;2;
44080;2009;0;
44081;2009;3;
45017;2009;8;
45035;2009;12;
45041;2009;23;
45057;2009;2;
45059;2009;6;
45060;2009;4;
45061;2009;1;
45062;2009;1;
45063;2009;0;
45064;2009;3;
45065;2009;2;
46003;2009;31;
46013;2009;6;
46014;2009;20;
46020;2009;5;
46021;2009;35;
46024;2009;2;
46025;2009;16;
51004;2009;45;
51008;2009;12;
51009;2009;26;
51012;2009;7;
51014;2009;2;
51017;2009;0;
51019;2009;3;
51065;2009;5;
52010;2009;46;
52011;2009;1021;
52012;2009;67;
52015;2009;114;
52018;2009;11;
52021;2009;40;
52022;2009;78;
52025;2009;17;
52043;2009;58;
52048;2009;32;
52055;2009;30;
52063;2009;26;
52074;2009;13;
52075;2009;13;
53014;2009;59;
53020;2009;28;
53028;2009;40;
53039;2009;13;
53044;2009;15;
53046;2009;3;
53053;2009;289;
53065;2009;29;
53068;2009;19;
53070;2009;76;
53082;2009;39;
53083;2009;8;
53084;2009;18;
54007;2009;177;
54010;2009;17;
55004;2009;36;
55010;2009;13;
55022;2009;155;
55023;2009;19;
55035;2009;9;
55039;2009;11;
55040;2009;57;
55050;2009;14;
56001;2009;25;
56005;2009;17;
56011;2009;56;
56016;2009;19;
56022;2009;22;
56029;2009;6;
56044;2009;5;
56049;2009;12;
56051;2009;9;
56078;2009;20;
56085;2009;5;
56086;2009;21;
56087;2009;40;
56088;2009;5;
57003;2009;16;
57018;2009;3;
57027;2009;27;
57062;2009;12;
57064;2009;45;
57072;2009;5;
57081;2009;154;
57093;2009;12;
57094;2009;17;
57095;2009;5;
61003;2009;17;
61010;2009;1;
61012;2009;4;
61019;2009;1;
61024;2009;5;
61028;2009;4;
61031;2009;46;
61039;2009;2;
61041;2009;5;
61043;2009;6;
61048;2009;1;
61063;2009;3;
61068;2009;9;
61072;2009;13;
61079;2009;1;
61080;2009;5;
61081;2009;2;
62003;2009;82;
62006;2009;21;
62009;2009;17;
62011;2009;20;
62015;2009;29;
62022;2009;30;
62026;2009;7;
62027;2009;12;
62032;2009;28;
62038;2009;29;
62051;2009;182;
62060;2009;13;
62063;2009;1123;
62079;2009;55;
62093;2009;87;
62096;2009;233;
62099;2009;26;
62100;2009;26;
62108;2009;34;
62118;2009;89;
62119;2009;19;
62120;2009;72;
62121;2009;6;
62122;2009;4;
63001;2009;3;
63003;2009;2;
63004;2009;5;
63012;2009;3;
63013;2009;0;
63020;2009;13;
63023;2009;10;
63035;2009;25;
63038;2009;4;
63040;2009;1;
63045;2009;0;
63046;2009;6;
63048;2009;8;
63049;2009;12;
63057;2009;1;
63058;2009;9;
63061;2009;4;
63067;2009;2;
63072;2009;9;
63073;2009;8;
63075;2009;0;
63076;2009;0;
63079;2009;125;
63080;2009;0;
63084;2009;7;
63086;2009;0;
63087;2009;0;
63088;2009;2;
63089;2009;7;
64008;2009;4;
64015;2009;2;
64021;2009;3;
64023;2009;1;
64025;2009;1;
64029;2009;3;
64034;2009;9;
64047;2009;2;
64056;2009;5;
64063;2009;4;
64065;2009;12;
64074;2009;17;
64075;2009;1;
64076;2009;4;
71002;2009;4;
71004;2009;17;
71011;2009;11;
71016;2009;55;
71017;2009;3;
71020;2009;3;
71022;2009;86;
71024;2009;3;
71034;2009;3;
71037;2009;4;
71045;2009;2;
71047;2009;5;
71053;2009;37;
71057;2009;14;
71066;2009;17;
71067;2009;4;
71069;2009;7;
71070;2009;22;
72003;2009;6;
72004;2009;3;
72018;2009;11;
72020;2009;20;
72021;2009;26;
72025;2009;7;
72029;2009;5;
72030;2009;9;
72037;2009;8;
72038;2009;6;
72039;2009;32;
72040;2009;2;
72041;2009;12;
73001;2009;4;
73006;2009;17;
73009;2009;4;
73022;2009;2;
73028;2009;0;
73032;2009;6;
73040;2009;3;
73042;2009;23;
73066;2009;12;
73083;2009;33;
73098;2009;0;
73107;2009;37;
73109;2009;2;
81001;2009;39;
81003;2009;3;
81004;2009;69;
81013;2009;0;
81015;2009;10;
82003;2009;24;
82005;2009;8;
82009;2009;3;
82014;2009;9;
82032;2009;7;
82036;2009;5;
82037;2009;12;
82038;2009;2;
83012;2009;13;
83013;2009;0;
83028;2009;8;
83031;2009;8;
83034;2009;17;
83040;2009;7;
83044;2009;6;
83049;2009;1;
83055;2009;5;
84009;2009;3;
84010;2009;2;
84016;2009;1;
84029;2009;3;
84033;2009;11;
84035;2009;1;
84043;2009;12;
84050;2009;2;
84059;2009;2;
84068;2009;4;
84075;2009;4;
84077;2009;14;
85007;2009;3;
85009;2009;6;
85011;2009;10;
85024;2009;1;
85026;2009;6;
85034;2009;4;
85039;2009;1;
85045;2009;13;
85046;2009;9;
85047;2009;1;
91005;2009;2;
91013;2009;7;
91015;2009;1;
91030;2009;8;
91034;2009;22;
91054;2009;2;
91059;2009;2;
91064;2009;2;
91072;2009;3;
91103;2009;1;
91114;2009;13;
91120;2009;1;
91141;2009;4;
91142;2009;9;
91143;2009;3;
92003;2009;24;
92006;2009;9;
92035;2009;17;
92045;2009;2;
92048;2009;12;
92054;2009;0;
92087;2009;10;
92094;2009;163;
92097;2009;3;
92101;2009;4;
92114;2009;9;
92137;2009;44;
92138;2009;3;
92140;2009;22;
92141;2009;5;
92142;2009;27;
93010;2009;2;
93014;2009;13;
93018;2009;0;
93022;2009;24;
93056;2009;8;
93088;2009;35;
93090;2009;3;
11001;2010;13;
11002;2010;904;
11004;2010;2;
11005;2010;20;
11007;2010;9;
11008;2010;17;
11009;2010;15;
11013;2010;10;
11016;2010;12;
11018;2010;2;
11021;2010;1;
11022;2010;5;
11023;2010;14;
11024;2010;14;
11025;2010;2;
11029;2010;14;
11030;2010;3;
11035;2010;8;
11037;2010;9;
11038;2010;6;
11039;2010;6;
11040;2010;15;
11044;2010;3;
11050;2010;12;
11052;2010;12;
11053;2010;18;
11054;2010;14;
11055;2010;10;
11056;2010;10;
11057;2010;12;
12002;2010;8;
12005;2010;6;
12007;2010;5;
12009;2010;2;
12014;2010;15;
12021;2010;22;
12025;2010;80;
12026;2010;6;
12029;2010;5;
12030;2010;8;
12034;2010;0;
12035;2010;9;
12040;2010;17;
13001;2010;10;
13002;2010;1;
13003;2010;4;
13004;2010;7;
13006;2010;3;
13008;2010;24;
13010;2010;3;
13011;2010;23;
13012;2010;5;
13013;2010;7;
13014;2010;16;
13016;2010;3;
13017;2010;5;
13019;2010;3;
13021;2010;1;
13023;2010;2;
13025;2010;20;
13029;2010;7;
13031;2010;6;
13035;2010;13;
13036;2010;4;
13037;2010;5;
13040;2010;31;
13044;2010;4;
13046;2010;2;
13049;2010;7;
13053;2010;11;
21001;2010;303;
21002;2010;29;
21003;2010;49;
21004;2010;519;
21005;2010;63;
21006;2010;59;
21007;2010;122;
21008;2010;59;
21009;2010;203;
21010;2010;76;
21011;2010;35;
21012;2010;206;
21013;2010;130;
21014;2010;41;
21015;2010;283;
21016;2010;126;
21017;2010;39;
21018;2010;77;
21019;2010;36;
21020;2010;0;
23002;2010;27;
23003;2010;24;
23009;2010;1;
23016;2010;38;
23023;2010;3;
23024;2010;3;
23025;2010;22;
23027;2010;24;
23032;2010;1;
23033;2010;5;
23038;2010;3;
23039;2010;5;
23044;2010;4;
23045;2010;15;
23047;2010;36;
23050;2010;20;
23052;2010;7;
23060;2010;4;
23062;2010;17;
23064;2010;2;
23077;2010;26;
23081;2010;2;
23086;2010;9;
23088;2010;59;
23094;2010;47;
23095;2010;2;
23096;2010;15;
23097;2010;2;
23098;2010;12;
23099;2010;17;
23100;2010;8;
23101;2010;14;
23102;2010;26;
23103;2010;26;
23104;2010;4;
23105;2010;6;
24001;2010;6;
24007;2010;4;
24008;2010;9;
24009;2010;2;
24011;2010;5;
24014;2010;3;
24016;2010;2;
24020;2010;12;
24028;2010;6;
24033;2010;7;
24038;2010;4;
24041;2010;2;
24043;2010;3;
24045;2010;3;
24048;2010;3;
24054;2010;2;
24055;2010;7;
24059;2010;13;
24062;2010;45;
24066;2010;3;
24086;2010;7;
24094;2010;5;
24104;2010;18;
24107;2010;27;
24109;2010;4;
24130;2010;6;
24133;2010;3;
24134;2010;7;
24135;2010;2;
24137;2010;4;
25005;2010;3;
25014;2010;43;
25015;2010;12;
25018;2010;5;
25023;2010;11;
25031;2010;11;
25037;2010;10;
25043;2010;2;
25044;2010;5;
25048;2010;10;
25050;2010;8;
25068;2010;5;
25072;2010;31;
25084;2010;7;
25091;2010;25;
25105;2010;13;
25107;2010;4;
25110;2010;41;
25112;2010;48;
25117;2010;5;
25118;2010;3;
25119;2010;10;
25120;2010;0;
25121;2010;39;
25122;2010;3;
25123;2010;11;
25124;2010;9;
31003;2010;2;
31004;2010;8;
31005;2010;38;
31006;2010;3;
31012;2010;4;
31022;2010;3;
31033;2010;6;
31040;2010;4;
31042;2010;0;
31043;2010;8;
32003;2010;8;
32006;2010;0;
32010;2010;0;
32011;2010;3;
32030;2010;0;
33011;2010;18;
33016;2010;0;
33021;2010;5;
33029;2010;8;
33037;2010;9;
33039;2010;1;
33040;2010;1;
33041;2010;2;
34002;2010;5;
34003;2010;7;
34009;2010;6;
34013;2010;7;
34022;2010;61;
34023;2010;4;
34025;2010;3;
34027;2010;35;
34040;2010;15;
34041;2010;28;
34042;2010;13;
34043;2010;3;
35002;2010;2;
35005;2010;3;
35006;2010;2;
35011;2010;18;
35013;2010;28;
35014;2010;4;
35029;2010;2;
36006;2010;2;
36007;2010;2;
36008;2010;12;
36010;2010;2;
36011;2010;3;
36012;2010;0;
36015;2010;24;
36019;2010;4;
37002;2010;0;
37007;2010;1;
37010;2010;2;
37011;2010;2;
37012;2010;0;
37015;2010;6;
37017;2010;0;
37018;2010;3;
37020;2010;6;
38002;2010;2;
38008;2010;10;
38014;2010;8;
38016;2010;5;
38025;2010;0;
41002;2010;34;
41011;2010;4;
41018;2010;12;
41024;2010;8;
41027;2010;4;
41034;2010;8;
41048;2010;12;
41063;2010;3;
41081;2010;7;
41082;2010;5;
42003;2010;3;
42004;2010;3;
42006;2010;19;
42008;2010;5;
42010;2010;4;
42011;2010;5;
42023;2010;4;
42025;2010;11;
42026;2010;3;
42028;2010;7;
43002;2010;3;
43005;2010;4;
43007;2010;2;
43010;2010;8;
43014;2010;2;
43018;2010;7;
44001;2010;10;
44011;2010;10;
44012;2010;4;
44013;2010;9;
44019;2010;8;
44020;2010;3;
44021;2010;197;
44029;2010;1;
44034;2010;8;
44036;2010;3;
44040;2010;3;
44043;2010;6;
44045;2010;2;
44048;2010;5;
44049;2010;6;
44052;2010;5;
44064;2010;3;
44072;2010;1;
44073;2010;2;
44080;2010;1;
44081;2010;2;
45017;2010;4;
45035;2010;12;
45041;2010;20;
45057;2010;6;
45059;2010;3;
45060;2010;4;
45061;2010;1;
45062;2010;0;
45063;2010;4;
45064;2010;0;
45065;2010;1;
46003;2010;38;
46013;2010;3;
46014;2010;18;
46020;2010;3;
46021;2010;37;
46024;2010;5;
46025;2010;18;
51004;2010;29;
51008;2010;10;
51009;2010;14;
51012;2010;2;
51014;2010;2;
51017;2010;2;
51019;2010;1;
51065;2010;3;
52010;2010;43;
52011;2010;914;
52012;2010;74;
52015;2010;130;
52018;2010;17;
52021;2010;28;
52022;2010;50;
52025;2010;22;
52043;2010;37;
52048;2010;22;
52055;2010;27;
52063;2010;22;
52074;2010;6;
52075;2010;10;
53014;2010;44;
53020;2010;15;
53028;2010;28;
53039;2010;5;
53044;2010;13;
53046;2010;7;
53053;2010;177;
53065;2010;36;
53068;2010;13;
53070;2010;40;
53082;2010;32;
53083;2010;4;
53084;2010;15;
54007;2010;185;
54010;2010;27;
55004;2010;23;
55010;2010;9;
55022;2010;161;
55023;2010;11;
55035;2010;17;
55039;2010;4;
55040;2010;30;
55050;2010;18;
56001;2010;12;
56005;2010;22;
56011;2010;36;
56016;2010;15;
56022;2010;30;
56029;2010;8;
56044;2010;8;
56049;2010;23;
56051;2010;10;
56078;2010;27;
56085;2010;5;
56086;2010;18;
56087;2010;34;
56088;2010;3;
57003;2010;7;
57018;2010;4;
57027;2010;23;
57062;2010;15;
57064;2010;26;
57072;2010;6;
57081;2010;163;
57093;2010;5;
57094;2010;9;
57095;2010;0;
61003;2010;18;
61010;2010;4;
61012;2010;6;
61019;2010;6;
61024;2010;3;
61028;2010;6;
61031;2010;52;
61039;2010;3;
61041;2010;5;
61043;2010;7;
61048;2010;0;
61063;2010;8;
61068;2010;7;
61072;2010;22;
61079;2010;3;
61080;2010;9;
61081;2010;3;
62003;2010;103;
62006;2010;17;
62009;2010;13;
62011;2010;18;
62015;2010;21;
62022;2010;26;
62026;2010;2;
62027;2010;6;
62032;2010;22;
62038;2010;19;
62051;2010;135;
62060;2010;20;
62063;2010;893;
62079;2010;58;
62093;2010;57;
62096;2010;183;
62099;2010;25;
62100;2010;19;
62108;2010;51;
62118;2010;80;
62119;2010;29;
62120;2010;80;
62121;2010;11;
62122;2010;16;
63001;2010;0;
63003;2010;6;
63004;2010;2;
63012;2010;0;
63013;2010;2;
63020;2010;18;
63023;2010;16;
63035;2010;27;
63038;2010;4;
63040;2010;4;
63045;2010;3;
63046;2010;5;
63048;2010;6;
63049;2010;5;
63057;2010;1;
63058;2010;5;
63061;2010;9;
63067;2010;2;
63072;2010;13;
63073;2010;5;
63075;2010;2;
63076;2010;2;
63079;2010;109;
63080;2010;3;
63084;2010;14;
63086;2010;2;
63087;2010;1;
63088;2010;6;
63089;2010;4;
64008;2010;2;
64015;2010;7;
64021;2010;6;
64023;2010;2;
64025;2010;3;
64029;2010;2;
64034;2010;11;
64047;2010;4;
64056;2010;9;
64063;2010;6;
64065;2010;17;
64074;2010;27;
64075;2010;7;
64076;2010;4;
71002;2010;3;
71004;2010;21;
71011;2010;8;
71016;2010;41;
71017;2010;3;
71020;2010;2;
71022;2010;54;
71024;2010;6;
71034;2010;7;
71037;2010;3;
71045;2010;0;
71047;2010;8;
71053;2010;32;
71057;2010;5;
71066;2010;6;
71067;2010;4;
71069;2010;7;
71070;2010;19;
72003;2010;16;
72004;2010;10;
72018;2010;8;
72020;2010;28;
72021;2010;19;
72025;2010;4;
72029;2010;12;
72030;2010;14;
72037;2010;2;
72038;2010;10;
72039;2010;21;
72040;2010;5;
72041;2010;16;
73001;2010;4;
73006;2010;20;
73009;2010;6;
73022;2010;5;
73028;2010;0;
73032;2010;7;
73040;2010;6;
73042;2010;17;
73066;2010;6;
73083;2010;26;
73098;2010;3;
73107;2010;46;
73109;2010;4;
81001;2010;43;
81003;2010;1;
81004;2010;54;
81013;2010;3;
81015;2010;9;
82003;2010;14;
82005;2010;1;
82009;2010;3;
82014;2010;3;
82032;2010;3;
82036;2010;3;
82037;2010;1;
82038;2010;1;
83012;2010;7;
83013;2010;0;
83028;2010;4;
83031;2010;4;
83034;2010;17;
83040;2010;3;
83044;2010;0;
83049;2010;2;
83055;2010;1;
84009;2010;6;
84010;2010;7;
84016;2010;0;
84029;2010;0;
84033;2010;2;
84035;2010;1;
84043;2010;11;
84050;2010;3;
84059;2010;5;
84068;2010;1;
84075;2010;2;
84077;2010;10;
85007;2010;8;
85009;2010;4;
85011;2010;4;
85024;2010;2;
85026;2010;9;
85034;2010;3;
85039;2010;2;
85045;2010;16;
85046;2010;9;
85047;2010;2;
91005;2010;1;
91013;2010;6;
91015;2010;3;
91030;2010;6;
91034;2010;16;
91054;2010;2;
91059;2010;3;
91064;2010;3;
91072;2010;1;
91103;2010;1;
91114;2010;13;
91120;2010;1;
91141;2010;10;
91142;2010;5;
91143;2010;2;
92003;2010;22;
92006;2010;7;
92035;2010;12;
92045;2010;1;
92048;2010;13;
92054;2010;2;
92087;2010;8;
92094;2010;144;
92097;2010;5;
92101;2010;4;
92114;2010;10;
92137;2010;58;
92138;2010;8;
92140;2010;23;
92141;2010;9;
92142;2010;25;
93010;2010;4;
93014;2010;29;
93018;2010;2;
93022;2010;8;
93056;2010;10;
93088;2010;22;
93090;2010;4;
11001;2011;16;
11002;2011;940;
11004;2011;3;
11005;2011;14;
11007;2011;7;
11008;2011;11;
11009;2011;9;
11013;2011;5;
11016;2011;6;
11018;2011;4;
11021;2011;5;
11022;2011;9;
11023;2011;11;
11024;2011;12;
11025;2011;1;
11029;2011;21;
11030;2011;4;
11035;2011;10;
11037;2011;9;
11038;2011;0;
11039;2011;8;
11040;2011;29;
11044;2011;7;
11050;2011;13;
11052;2011;16;
11053;2011;12;
11054;2011;4;
11055;2011;7;
11056;2011;16;
11057;2011;6;
12002;2011;3;
12005;2011;5;
12007;2011;4;
12009;2011;5;
12014;2011;13;
12021;2011;11;
12025;2011;49;
12026;2011;9;
12029;2011;3;
12030;2011;6;
12034;2011;5;
12035;2011;12;
12040;2011;18;
13001;2011;10;
13002;2011;4;
13003;2011;5;
13004;2011;13;
13006;2011;6;
13008;2011;17;
13010;2011;7;
13011;2011;13;
13012;2011;1;
13013;2011;3;
13014;2011;15;
13016;2011;2;
13017;2011;9;
13019;2011;10;
13021;2011;4;
13023;2011;7;
13025;2011;13;
13029;2011;8;
13031;2011;4;
13035;2011;23;
13036;2011;6;
13037;2011;9;
13040;2011;26;
13044;2011;3;
13046;2011;4;
13049;2011;6;
13053;2011;6;
21001;2011;358;
21002;2011;34;
21003;2011;49;
21004;2011;547;
21005;2011;52;
21006;2011;62;
21007;2011;109;
21008;2011;53;
21009;2011;213;
21010;2011;93;
21011;2011;42;
21012;2011;259;
21013;2011;116;
21014;2011;46;
21015;2011;231;
21016;2011;137;
21017;2011;43;
21018;2011;68;
21019;2011;28;
21020;2011;0;
23002;2011;36;
23003;2011;14;
23009;2011;0;
23016;2011;31;
23023;2011;1;
23024;2011;3;
23025;2011;22;
23027;2011;17;
23032;2011;0;
23033;2011;5;
23038;2011;2;
23039;2011;2;
23044;2011;8;
23045;2011;6;
23047;2011;31;
23050;2011;8;
23052;2011;8;
23060;2011;3;
23062;2011;8;
23064;2011;1;
23077;2011;38;
23081;2011;6;
23086;2011;16;
23088;2011;60;
23094;2011;52;
23095;2011;2;
23096;2011;10;
23097;2011;4;
23098;2011;16;
23099;2011;15;
23100;2011;6;
23101;2011;8;
23102;2011;21;
23103;2011;11;
23104;2011;4;
23105;2011;9;
24001;2011;19;
24007;2011;2;
24008;2011;2;
24009;2011;5;
24011;2011;2;
24014;2011;2;
24016;2011;1;
24020;2011;24;
24028;2011;1;
24033;2011;1;
24038;2011;9;
24041;2011;3;
24043;2011;3;
24045;2011;5;
24048;2011;1;
24054;2011;0;
24055;2011;9;
24059;2011;14;
24062;2011;50;
24066;2011;1;
24086;2011;4;
24094;2011;3;
24104;2011;9;
24107;2011;18;
24109;2011;2;
24130;2011;6;
24133;2011;3;
24134;2011;3;
24135;2011;3;
24137;2011;1;
25005;2011;3;
25014;2011;42;
25015;2011;12;
25018;2011;5;
25023;2011;6;
25031;2011;5;
25037;2011;4;
25043;2011;1;
25044;2011;6;
25048;2011;13;
25050;2011;6;
25068;2011;3;
25072;2011;32;
25084;2011;1;
25091;2011;7;
25105;2011;14;
25107;2011;5;
25110;2011;32;
25112;2011;36;
25117;2011;5;
25118;2011;4;
25119;2011;11;
25120;2011;1;
25121;2011;38;
25122;2011;4;
25123;2011;11;
25124;2011;5;
31003;2011;2;
31004;2011;9;
31005;2011;39;
31006;2011;4;
31012;2011;4;
31022;2011;3;
31033;2011;6;
31040;2011;5;
31042;2011;0;
31043;2011;22;
32003;2011;1;
32006;2011;3;
32010;2011;0;
32011;2011;0;
32030;2011;0;
33011;2011;13;
33016;2011;0;
33021;2011;9;
33029;2011;14;
33037;2011;4;
33039;2011;4;
33040;2011;3;
33041;2011;0;
34002;2011;9;
34003;2011;8;
34009;2011;4;
34013;2011;16;
34022;2011;81;
34023;2011;4;
34025;2011;1;
34027;2011;54;
34040;2011;19;
34041;2011;17;
34042;2011;21;
34043;2011;2;
35002;2011;7;
35005;2011;7;
35006;2011;4;
35011;2011;11;
35013;2011;38;
35014;2011;6;
35029;2011;3;
36006;2011;5;
36007;2011;3;
36008;2011;12;
36010;2011;6;
36011;2011;1;
36012;2011;6;
36015;2011;37;
36019;2011;1;
37002;2011;1;
37007;2011;4;
37010;2011;1;
37011;2011;4;
37012;2011;0;
37015;2011;4;
37017;2011;4;
37018;2011;2;
37020;2011;3;
38002;2011;1;
38008;2011;19;
38014;2011;15;
38016;2011;3;
38025;2011;7;
41002;2011;39;
41011;2011;6;
41018;2011;13;
41024;2011;7;
41027;2011;6;
41034;2011;7;
41048;2011;20;
41063;2011;4;
41081;2011;5;
41082;2011;11;
42003;2011;3;
42004;2011;3;
42006;2011;18;
42008;2011;9;
42010;2011;2;
42011;2011;11;
42023;2011;4;
42025;2011;16;
42026;2011;2;
42028;2011;7;
43002;2011;3;
43005;2011;10;
43007;2011;1;
43010;2011;5;
43014;2011;1;
43018;2011;9;
44001;2011;8;
44011;2011;6;
44012;2011;1;
44013;2011;6;
44019;2011;6;
44020;2011;0;
44021;2011;253;
44029;2011;2;
44034;2011;2;
44036;2011;1;
44040;2011;4;
44043;2011;3;
44045;2011;4;
44048;2011;5;
44049;2011;3;
44052;2011;7;
44064;2011;3;
44072;2011;4;
44073;2011;1;
44080;2011;0;
44081;2011;7;
45017;2011;7;
45035;2011;12;
45041;2011;20;
45057;2011;1;
45059;2011;3;
45060;2011;6;
45061;2011;2;
45062;2011;0;
45063;2011;2;
45064;2011;3;
45065;2011;4;
46003;2011;56;
46013;2011;4;
46014;2011;25;
46020;2011;5;
46021;2011;43;
46024;2011;5;
46025;2011;13;
51004;2011;39;
51008;2011;13;
51009;2011;15;
51012;2011;4;
51014;2011;4;
51017;2011;0;
51019;2011;0;
51065;2011;4;
52010;2011;31;
52011;2011;756;
52012;2011;81;
52015;2011;79;
52018;2011;7;
52021;2011;22;
52022;2011;26;
52025;2011;15;
52043;2011;45;
52048;2011;26;
52055;2011;16;
52063;2011;25;
52074;2011;12;
52075;2011;8;
53014;2011;48;
53020;2011;14;
53028;2011;17;
53039;2011;10;
53044;2011;14;
53046;2011;0;
53053;2011;262;
53065;2011;40;
53068;2011;28;
53070;2011;38;
53082;2011;34;
53083;2011;4;
53084;2011;15;
54007;2011;227;
54010;2011;30;
55004;2011;24;
55010;2011;7;
55022;2011;171;
55023;2011;15;
55035;2011;16;
55039;2011;4;
55040;2011;26;
55050;2011;11;
56001;2011;14;
56005;2011;11;
56011;2011;41;
56016;2011;12;
56022;2011;32;
56029;2011;5;
56044;2011;6;
56049;2011;14;
56051;2011;9;
56078;2011;15;
56085;2011;7;
56086;2011;19;
56087;2011;42;
56088;2011;6;
57003;2011;10;
57018;2011;3;
57027;2011;27;
57062;2011;13;
57064;2011;18;
57072;2011;9;
57081;2011;152;
57093;2011;6;
57094;2011;10;
57095;2011;2;
61003;2011;18;
61010;2011;4;
61012;2011;4;
61019;2011;5;
61024;2011;1;
61028;2011;2;
61031;2011;39;
61039;2011;3;
61041;2011;3;
61043;2011;5;
61048;2011;4;
61063;2011;5;
61068;2011;8;
61072;2011;9;
61079;2011;0;
61080;2011;10;
61081;2011;1;
62003;2011;99;
62006;2011;19;
62009;2011;13;
62011;2011;11;
62015;2011;18;
62022;2011;18;
62026;2011;3;
62027;2011;6;
62032;2011;34;
62038;2011;22;
62051;2011;138;
62060;2011;17;
62063;2011;808;
62079;2011;30;
62093;2011;46;
62096;2011;190;
62099;2011;22;
62100;2011;17;
62108;2011;20;
62118;2011;55;
62119;2011;25;
62120;2011;80;
62121;2011;6;
62122;2011;19;
63001;2011;1;
63003;2011;6;
63004;2011;5;
63012;2011;1;
63013;2011;1;
63020;2011;16;
63023;2011;11;
63035;2011;20;
63038;2011;1;
63040;2011;6;
63045;2011;4;
63046;2011;6;
63048;2011;4;
63049;2011;2;
63057;2011;5;
63058;2011;6;
63061;2011;4;
63067;2011;5;
63072;2011;7;
63073;2011;6;
63075;2011;0;
63076;2011;7;
63079;2011;83;
63080;2011;3;
63084;2011;18;
63086;2011;1;
63087;2011;1;
63088;2011;13;
63089;2011;3;
64008;2011;2;
64015;2011;1;
64021;2011;6;
64023;2011;3;
64025;2011;6;
64029;2011;7;
64034;2011;18;
64047;2011;5;
64056;2011;6;
64063;2011;4;
64065;2011;14;
64074;2011;20;
64075;2011;3;
64076;2011;4;
71002;2011;5;
71004;2011;11;
71011;2011;16;
71016;2011;61;
71017;2011;4;
71020;2011;5;
71022;2011;81;
71024;2011;3;
71034;2011;5;
71037;2011;8;
71045;2011;3;
71047;2011;8;
71053;2011;33;
71057;2011;9;
71066;2011;16;
71067;2011;5;
71069;2011;2;
71070;2011;14;
72003;2011;6;
72004;2011;14;
72018;2011;9;
72020;2011;20;
72021;2011;23;
72025;2011;9;
72029;2011;17;
72030;2011;6;
72037;2011;13;
72038;2011;2;
72039;2011;29;
72040;2011;5;
72041;2011;15;
73001;2011;5;
73006;2011;17;
73009;2011;3;
73022;2011;10;
73028;2011;0;
73032;2011;4;
73040;2011;4;
73042;2011;18;
73066;2011;4;
73083;2011;22;
73098;2011;0;
73107;2011;63;
73109;2011;4;
81001;2011;41;
81003;2011;1;
81004;2011;39;
81013;2011;1;
81015;2011;14;
82003;2011;12;
82005;2011;2;
82009;2011;0;
82014;2011;6;
82032;2011;5;
82036;2011;7;
82037;2011;9;
82038;2011;2;
83012;2011;4;
83013;2011;2;
83028;2011;5;
83031;2011;8;
83034;2011;14;
83040;2011;1;
83044;2011;2;
83049;2011;0;
83055;2011;7;
84009;2011;7;
84010;2011;8;
84016;2011;0;
84029;2011;0;
84033;2011;3;
84035;2011;6;
84043;2011;4;
84050;2011;4;
84059;2011;4;
84068;2011;2;
84075;2011;2;
84077;2011;9;
85007;2011;2;
85009;2011;2;
85011;2011;7;
85024;2011;0;
85026;2011;11;
85034;2011;1;
85039;2011;0;
85045;2011;24;
85046;2011;6;
85047;2011;5;
91005;2011;1;
91013;2011;12;
91015;2011;1;
91030;2011;12;
91034;2011;10;
91054;2011;7;
91059;2011;5;
91064;2011;2;
91072;2011;3;
91103;2011;2;
91114;2011;9;
91120;2011;5;
91141;2011;5;
91142;2011;8;
91143;2011;3;
92003;2011;30;
92006;2011;9;
92035;2011;13;
92045;2011;4;
92048;2011;10;
92054;2011;11;
92087;2011;8;
92094;2011;151;
92097;2011;3;
92101;2011;11;
92114;2011;17;
92137;2011;29;
92138;2011;16;
92140;2011;17;
92141;2011;10;
92142;2011;28;
93010;2011;8;
93014;2011;15;
93018;2011;0;
93022;2011;8;
93056;2011;11;
93088;2011;17;
93090;2011;6;
11001;2012;7;
11002;2012;884;
11004;2012;2;
11005;2012;16;
11007;2012;6;
11008;2012;23;
11009;2012;12;
11013;2012;12;
11016;2012;25;
11018;2012;6;
11021;2012;3;
11022;2012;9;
11023;2012;8;
11024;2012;14;
11025;2012;2;
11029;2012;17;
11030;2012;0;
11035;2012;11;
11037;2012;17;
11038;2012;2;
11039;2012;4;
11040;2012;16;
11044;2012;4;
11050;2012;5;
11052;2012;12;
11053;2012;7;
11054;2012;8;
11055;2012;6;
11056;2012;9;
11057;2012;5;
12002;2012;4;
12005;2012;2;
12007;2012;3;
12009;2012;8;
12014;2012;11;
12021;2012;13;
12025;2012;49;
12026;2012;5;
12029;2012;3;
12030;2012;1;
12034;2012;1;
12035;2012;4;
12040;2012;16;
13001;2012;15;
13002;2012;2;
13003;2012;10;
13004;2012;6;
13006;2012;4;
13008;2012;17;
13010;2012;3;
13011;2012;12;
13012;2012;2;
13013;2012;5;
13014;2012;19;
13016;2012;0;
13017;2012;7;
13019;2012;5;
13021;2012;5;
13023;2012;3;
13025;2012;18;
13029;2012;5;
13031;2012;3;
13035;2012;11;
13036;2012;4;
13037;2012;7;
13040;2012;27;
13044;2012;2;
13046;2012;2;
13049;2012;5;
13053;2012;13;
21001;2012;266;
21002;2012;39;
21003;2012;25;
21004;2012;467;
21005;2012;68;
21006;2012;50;
21007;2012;99;
21008;2012;29;
21009;2012;185;
21010;2012;66;
21011;2012;22;
21012;2012;158;
21013;2012;121;
21014;2012;48;
21015;2012;222;
21016;2012;121;
21017;2012;33;
21018;2012;53;
21019;2012;15;
21020;2012;1;
23002;2012;26;
23003;2012;26;
23009;2012;0;
23016;2012;29;
23023;2012;2;
23024;2012;3;
23025;2012;30;
23027;2012;22;
23032;2012;3;
23033;2012;6;
23038;2012;4;
23039;2012;0;
23044;2012;8;
23045;2012;9;
23047;2012;26;
23050;2012;16;
23052;2012;9;
23060;2012;5;
23062;2012;11;
23064;2012;1;
23077;2012;35;
23081;2012;2;
23086;2012;10;
23088;2012;42;
23094;2012;27;
23095;2012;18;
23096;2012;10;
23097;2012;5;
23098;2012;13;
23099;2012;9;
23100;2012;4;
23101;2012;12;
23102;2012;23;
23103;2012;10;
23104;2012;3;
23105;2012;6;
24001;2012;17;
24007;2012;2;
24008;2012;5;
24009;2012;4;
24011;2012;2;
24014;2012;2;
24016;2012;3;
24020;2012;15;
24028;2012;4;
24033;2012;5;
24038;2012;6;
24041;2012;3;
24043;2012;1;
24045;2012;1;
24048;2012;2;
24054;2012;1;
24055;2012;8;
24059;2012;6;
24062;2012;38;
24066;2012;2;
24086;2012;5;
24094;2012;3;
24104;2012;12;
24107;2012;17;
24109;2012;15;
24130;2012;0;
24133;2012;1;
24134;2012;13;
24135;2012;1;
24137;2012;0;
25005;2012;8;
25014;2012;27;
25015;2012;11;
25018;2012;6;
25023;2012;8;
25031;2012;11;
25037;2012;12;
25043;2012;8;
25044;2012;9;
25048;2012;9;
25050;2012;6;
25068;2012;5;
25072;2012;40;
25084;2012;8;
25091;2012;16;
25105;2012;22;
25107;2012;4;
25110;2012;27;
25112;2012;21;
25117;2012;3;
25118;2012;1;
25119;2012;16;
25120;2012;6;
25121;2012;32;
25122;2012;2;
25123;2012;8;
25124;2012;5;
31003;2012;6;
31004;2012;4;
31005;2012;33;
31006;2012;1;
31012;2012;2;
31022;2012;3;
31033;2012;5;
31040;2012;1;
31042;2012;1;
31043;2012;15;
32003;2012;6;
32006;2012;0;
32010;2012;1;
32011;2012;2;
32030;2012;0;
33011;2012;23;
33016;2012;0;
33021;2012;6;
33029;2012;11;
33037;2012;5;
33039;2012;3;
33040;2012;3;
33041;2012;0;
34002;2012;3;
34003;2012;3;
34009;2012;3;
34013;2012;12;
34022;2012;57;
34023;2012;8;
34025;2012;0;
34027;2012;38;
34040;2012;10;
34041;2012;20;
34042;2012;15;
34043;2012;2;
35002;2012;1;
35005;2012;3;
35006;2012;1;
35011;2012;10;
35013;2012;22;
35014;2012;3;
35029;2012;3;
36006;2012;4;
36007;2012;0;
36008;2012;13;
36010;2012;1;
36011;2012;2;
36012;2012;3;
36015;2012;21;
36019;2012;4;
37002;2012;2;
37007;2012;1;
37010;2012;0;
37011;2012;2;
37012;2012;0;
37015;2012;6;
37017;2012;2;
37018;2012;4;
37020;2012;3;
38002;2012;2;
38008;2012;5;
38014;2012;5;
38016;2012;3;
38025;2012;6;
41002;2012;29;
41011;2012;6;
41018;2012;8;
41024;2012;5;
41027;2012;4;
41034;2012;2;
41048;2012;17;
41063;2012;1;
41081;2012;4;
41082;2012;5;
42003;2012;2;
42004;2012;3;
42006;2012;17;
42008;2012;12;
42010;2012;4;
42011;2012;4;
42023;2012;1;
42025;2012;15;
42026;2012;2;
42028;2012;8;
43002;2012;2;
43005;2012;8;
43007;2012;1;
43010;2012;4;
43014;2012;0;
43018;2012;2;
44001;2012;9;
44011;2012;10;
44012;2012;5;
44013;2012;9;
44019;2012;9;
44020;2012;4;
44021;2012;185;
44029;2012;2;
44034;2012;6;
44036;2012;1;
44040;2012;4;
44043;2012;1;
44045;2012;6;
44048;2012;6;
44049;2012;0;
44052;2012;1;
44064;2012;2;
44072;2012;1;
44073;2012;3;
44080;2012;3;
44081;2012;4;
45017;2012;5;
45035;2012;9;
45041;2012;10;
45057;2012;0;
45059;2012;5;
45060;2012;9;
45061;2012;0;
45062;2012;1;
45063;2012;4;
45064;2012;2;
45065;2012;4;
46003;2012;57;
46013;2012;8;
46014;2012;18;
46020;2012;6;
46021;2012;41;
46024;2012;5;
46025;2012;15;
51004;2012;44;
51008;2012;18;
51009;2012;10;
51012;2012;3;
51014;2012;1;
51017;2012;4;
51019;2012;0;
51065;2012;9;
52010;2012;50;
52011;2012;838;
52012;2012;80;
52015;2012;102;
52018;2012;12;
52021;2012;61;
52022;2012;37;
52025;2012;16;
52043;2012;57;
52048;2012;21;
52055;2012;28;
52063;2012;19;
52074;2012;9;
52075;2012;12;
53014;2012;44;
53020;2012;19;
53028;2012;27;
53039;2012;13;
53044;2012;8;
53046;2012;6;
53053;2012;255;
53065;2012;23;
53068;2012;23;
53070;2012;45;
53082;2012;29;
53083;2012;9;
53084;2012;12;
54007;2012;153;
54010;2012;29;
55004;2012;23;
55010;2012;6;
55022;2012;190;
55023;2012;17;
55035;2012;15;
55039;2012;2;
55040;2012;25;
55050;2012;10;
56001;2012;21;
56005;2012;11;
56011;2012;53;
56016;2012;11;
56022;2012;18;
56029;2012;9;
56044;2012;7;
56049;2012;5;
56051;2012;2;
56078;2012;12;
56085;2012;12;
56086;2012;15;
56087;2012;36;
56088;2012;3;
57003;2012;9;
57018;2012;6;
57027;2012;25;
57062;2012;16;
57064;2012;28;
57072;2012;4;
57081;2012;125;
57093;2012;10;
57094;2012;13;
57095;2012;2;
61003;2012;16;
61010;2012;4;
61012;2012;1;
61019;2012;4;
61024;2012;0;
61028;2012;2;
61031;2012;79;
61039;2012;1;
61041;2012;3;
61043;2012;12;
61048;2012;0;
61063;2012;8;
61068;2012;9;
61072;2012;26;
61079;2012;1;
61080;2012;16;
61081;2012;3;
62003;2012;65;
62006;2012;12;
62009;2012;12;
62011;2012;12;
62015;2012;14;
62022;2012;22;
62026;2012;2;
62027;2012;5;
62032;2012;13;
62038;2012;29;
62051;2012;111;
62060;2012;16;
62063;2012;758;
62079;2012;30;
62093;2012;41;
62096;2012;155;
62099;2012;18;
62100;2012;13;
62108;2012;30;
62118;2012;50;
62119;2012;23;
62120;2012;46;
62121;2012;18;
62122;2012;5;
63001;2012;1;
63003;2012;4;
63004;2012;8;
63012;2012;1;
63013;2012;1;
63020;2012;11;
63023;2012;9;
63035;2012;20;
63038;2012;2;
63040;2012;1;
63045;2012;3;
63046;2012;5;
63048;2012;1;
63049;2012;6;
63057;2012;1;
63058;2012;11;
63061;2012;5;
63067;2012;4;
63072;2012;12;
63073;2012;10;
63075;2012;2;
63076;2012;13;
63079;2012;49;
63080;2012;5;
63084;2012;1;
63086;2012;5;
63087;2012;0;
63088;2012;11;
63089;2012;6;
64008;2012;6;
64015;2012;6;
64021;2012;3;
64023;2012;5;
64025;2012;1;
64029;2012;3;
64034;2012;13;
64047;2012;2;
64056;2012;4;
64063;2012;3;
64065;2012;9;
64074;2012;29;
64075;2012;2;
64076;2012;4;
71002;2012;4;
71004;2012;15;
71011;2012;13;
71016;2012;49;
71017;2012;6;
71020;2012;9;
71022;2012;73;
71024;2012;4;
71034;2012;10;
71037;2012;15;
71045;2012;2;
71047;2012;6;
71053;2012;20;
71057;2012;13;
71066;2012;6;
71067;2012;4;
71069;2012;1;
71070;2012;15;
72003;2012;11;
72004;2012;9;
72018;2012;8;
72020;2012;29;
72021;2012;25;
72025;2012;5;
72029;2012;7;
72030;2012;12;
72037;2012;2;
72038;2012;6;
72039;2012;15;
72040;2012;1;
72041;2012;17;
73001;2012;6;
73006;2012;12;
73009;2012;5;
73022;2012;0;
73028;2012;0;
73032;2012;4;
73040;2012;2;
73042;2012;33;
73066;2012;7;
73083;2012;22;
73098;2012;0;
73107;2012;40;
73109;2012;3;
81001;2012;28;
81003;2012;4;
81004;2012;24;
81013;2012;1;
81015;2012;6;
82003;2012;21;
82005;2012;3;
82009;2012;0;
82014;2012;3;
82032;2012;7;
82036;2012;1;
82037;2012;1;
82038;2012;0;
83012;2012;7;
83013;2012;3;
83028;2012;3;
83031;2012;4;
83034;2012;24;
83040;2012;5;
83044;2012;2;
83049;2012;0;
83055;2012;2;
84009;2012;6;
84010;2012;3;
84016;2012;0;
84029;2012;0;
84033;2012;1;
84035;2012;7;
84043;2012;5;
84050;2012;8;
84059;2012;6;
84068;2012;3;
84075;2012;3;
84077;2012;13;
85007;2012;2;
85009;2012;8;
85011;2012;4;
85024;2012;2;
85026;2012;5;
85034;2012;1;
85039;2012;3;
85045;2012;21;
85046;2012;5;
85047;2012;5;
91005;2012;4;
91013;2012;7;
91015;2012;2;
91030;2012;24;
91034;2012;15;
91054;2012;4;
91059;2012;6;
91064;2012;1;
91072;2012;7;
91103;2012;4;
91114;2012;18;
91120;2012;4;
91141;2012;9;
91142;2012;4;
91143;2012;4;
92003;2012;18;
92006;2012;2;
92035;2012;6;
92045;2012;6;
92048;2012;12;
92054;2012;6;
92087;2012;9;
92094;2012;168;
92097;2012;3;
92101;2012;6;
92114;2012;11;
92137;2012;26;
92138;2012;2;
92140;2012;21;
92141;2012;3;
92142;2012;25;
93010;2012;5;
93014;2012;10;
93018;2012;3;
93022;2012;9;
93056;2012;11;
93088;2012;11;
93090;2012;6;
11001;2013;8;
11002;2013;781;
11004;2013;3;
11005;2013;10;
11007;2013;7;
11008;2013;24;
11009;2013;9;
11013;2013;5;
11016;2013;15;
11018;2013;7;
11021;2013;0;
11022;2013;10;
11023;2013;16;
11024;2013;11;
11025;2013;2;
11029;2013;12;
11030;2013;3;
11035;2013;17;
11037;2013;13;
11038;2013;4;
11039;2013;6;
11040;2013;17;
11044;2013;1;
11050;2013;18;
11052;2013;16;
11053;2013;9;
11054;2013;7;
11055;2013;6;
11056;2013;5;
11057;2013;6;
12002;2013;2;
12005;2013;4;
12007;2013;5;
12009;2013;7;
12014;2013;10;
12021;2013;15;
12025;2013;43;
12026;2013;4;
12029;2013;1;
12030;2013;9;
12034;2013;0;
12035;2013;4;
12040;2013;16;
13001;2013;9;
13002;2013;3;
13003;2013;6;
13004;2013;4;
13006;2013;5;
13008;2013;18;
13010;2013;6;
13011;2013;14;
13012;2013;3;
13013;2013;1;
13014;2013;19;
13016;2013;0;
13017;2013;8;
13019;2013;8;
13021;2013;2;
13023;2013;5;
13025;2013;4;
13029;2013;3;
13031;2013;3;
13035;2013;14;
13036;2013;4;
13037;2013;2;
13040;2013;29;
13044;2013;1;
13046;2013;1;
13049;2013;10;
13053;2013;10;
21001;2013;247;
21002;2013;29;
21003;2013;28;
21004;2013;420;
21005;2013;61;
21006;2013;50;
21007;2013;72;
21008;2013;46;
21009;2013;136;
21010;2013;69;
21011;2013;26;
21012;2013;167;
21013;2013;93;
21014;2013;36;
21015;2013;198;
21016;2013;116;
21017;2013;24;
21018;2013;44;
21019;2013;22;
21020;2013;0;
23002;2013;31;
23003;2013;13;
23009;2013;2;
23016;2013;36;
23023;2013;1;
23024;2013;3;
23025;2013;34;
23027;2013;16;
23032;2013;2;
23033;2013;4;
23038;2013;5;
23039;2013;1;
23044;2013;4;
23045;2013;13;
23047;2013;16;
23050;2013;11;
23052;2013;9;
23060;2013;4;
23062;2013;11;
23064;2013;1;
23077;2013;24;
23081;2013;4;
23086;2013;9;
23088;2013;39;
23094;2013;33;
23095;2013;3;
23096;2013;4;
23097;2013;2;
23098;2013;4;
23099;2013;6;
23100;2013;9;
23101;2013;16;
23102;2013;6;
23103;2013;6;
23104;2013;3;
23105;2013;11;
24001;2013;7;
24007;2013;3;
24008;2013;5;
24009;2013;7;
24011;2013;4;
24014;2013;4;
24016;2013;7;
24020;2013;15;
24028;2013;3;
24033;2013;3;
24038;2013;8;
24041;2013;3;
24043;2013;2;
24045;2013;5;
24048;2013;2;
24054;2013;2;
24055;2013;10;
24059;2013;13;
24062;2013;35;
24066;2013;1;
24086;2013;4;
24094;2013;5;
24104;2013;7;
24107;2013;12;
24109;2013;4;
24130;2013;1;
24133;2013;2;
24134;2013;10;
24135;2013;5;
24137;2013;1;
25005;2013;0;
25014;2013;31;
25015;2013;5;
25018;2013;1;
25023;2013;5;
25031;2013;16;
25037;2013;9;
25043;2013;5;
25044;2013;7;
25048;2013;10;
25050;2013;8;
25068;2013;6;
25072;2013;32;
25084;2013;9;
25091;2013;17;
25105;2013;20;
25107;2013;5;
25110;2013;29;
25112;2013;24;
25117;2013;3;
25118;2013;3;
25119;2013;21;
25120;2013;5;
25121;2013;45;
25122;2013;5;
25123;2013;9;
25124;2013;2;
31003;2013;4;
31004;2013;7;
31005;2013;38;
31006;2013;4;
31012;2013;4;
31022;2013;12;
31033;2013;7;
31040;2013;6;
31042;2013;1;
31043;2013;12;
32003;2013;2;
32006;2013;1;
32010;2013;3;
32011;2013;2;
32030;2013;0;
33011;2013;13;
33016;2013;2;
33021;2013;2;
33029;2013;6;
33037;2013;1;
33039;2013;3;
33040;2013;0;
33041;2013;1;
34002;2013;7;
34003;2013;4;
34009;2013;5;
34013;2013;7;
34022;2013;48;
34023;2013;6;
34025;2013;1;
34027;2013;36;
34040;2013;13;
34041;2013;8;
34042;2013;5;
34043;2013;3;
35002;2013;0;
35005;2013;2;
35006;2013;3;
35011;2013;11;
35013;2013;20;
35014;2013;0;
35029;2013;4;
36006;2013;1;
36007;2013;1;
36008;2013;13;
36010;2013;2;
36011;2013;2;
36012;2013;0;
36015;2013;33;
36019;2013;1;
37002;2013;1;
37007;2013;1;
37010;2013;1;
37011;2013;2;
37012;2013;2;
37015;2013;7;
37017;2013;1;
37018;2013;3;
37020;2013;3;
38002;2013;1;
38008;2013;11;
38014;2013;7;
38016;2013;4;
38025;2013;3;
41002;2013;31;
41011;2013;2;
41018;2013;13;
41024;2013;2;
41027;2013;2;
41034;2013;4;
41048;2013;21;
41063;2013;1;
41081;2013;11;
41082;2013;19;
42003;2013;1;
42004;2013;4;
42006;2013;21;
42008;2013;4;
42010;2013;8;
42011;2013;7;
42023;2013;3;
42025;2013;12;
42026;2013;1;
42028;2013;6;
43002;2013;4;
43005;2013;9;
43007;2013;2;
43010;2013;3;
43014;2013;1;
43018;2013;2;
44001;2013;9;
44011;2013;10;
44012;2013;4;
44013;2013;8;
44019;2013;6;
44020;2013;3;
44021;2013;154;
44029;2013;6;
44034;2013;12;
44036;2013;3;
44040;2013;4;
44043;2013;6;
44045;2013;0;
44048;2013;6;
44049;2013;6;
44052;2013;4;
44064;2013;8;
44072;2013;1;
44073;2013;1;
44080;2013;3;
44081;2013;7;
45017;2013;5;
45035;2013;16;
45041;2013;14;
45057;2013;1;
45059;2013;5;
45060;2013;5;
45061;2013;5;
45062;2013;0;
45063;2013;2;
45064;2013;0;
45065;2013;2;
46003;2013;52;
46013;2013;7;
46014;2013;17;
46020;2013;5;
46021;2013;30;
46024;2013;9;
46025;2013;10;
51004;2013;15;
51008;2013;14;
51009;2013;12;
51012;2013;3;
51014;2013;1;
51017;2013;1;
51019;2013;1;
51065;2013;10;
52010;2013;39;
52011;2013;734;
52012;2013;50;
52015;2013;88;
52018;2013;7;
52021;2013;42;
52022;2013;42;
52025;2013;22;
52043;2013;46;
52048;2013;22;
52055;2013;23;
52063;2013;22;
52074;2013;14;
52075;2013;17;
53014;2013;30;
53020;2013;17;
53028;2013;29;
53039;2013;7;
53044;2013;9;
53046;2013;6;
53053;2013;266;
53065;2013;14;
53068;2013;5;
53070;2013;27;
53082;2013;25;
53083;2013;7;
53084;2013;16;
54007;2013;165;
54010;2013;18;
55004;2013;23;
55010;2013;10;
55022;2013;130;
55023;2013;10;
55035;2013;19;
55039;2013;3;
55040;2013;23;
55050;2013;7;
56001;2013;18;
56005;2013;15;
56011;2013;43;
56016;2013;9;
56022;2013;19;
56029;2013;2;
56044;2013;6;
56049;2013;5;
56051;2013;13;
56078;2013;27;
56085;2013;11;
56086;2013;26;
56087;2013;34;
56088;2013;4;
57003;2013;4;
57018;2013;2;
57027;2013;34;
57062;2013;12;
57064;2013;21;
57072;2013;8;
57081;2013;120;
57093;2013;9;
57094;2013;7;
57095;2013;4;
61003;2013;26;
61010;2013;6;
61012;2013;6;
61019;2013;5;
61024;2013;4;
61028;2013;9;
61031;2013;41;
61039;2013;1;
61041;2013;8;
61043;2013;6;
61048;2013;3;
61063;2013;0;
61068;2013;16;
61072;2013;19;
61079;2013;10;
61080;2013;15;
61081;2013;5;
62003;2013;59;
62006;2013;19;
62009;2013;17;
62011;2013;13;
62015;2013;18;
62022;2013;32;
62026;2013;2;
62027;2013;8;
62032;2013;27;
62038;2013;16;
62051;2013;103;
62060;2013;19;
62063;2013;585;
62079;2013;27;
62093;2013;53;
62096;2013;149;
62099;2013;20;
62100;2013;16;
62108;2013;19;
62118;2013;69;
62119;2013;26;
62120;2013;32;
62121;2013;14;
62122;2013;5;
63001;2013;0;
63003;2013;10;
63004;2013;8;
63012;2013;0;
63013;2013;1;
63020;2013;15;
63023;2013;11;
63035;2013;17;
63038;2013;3;
63040;2013;8;
63045;2013;4;
63046;2013;1;
63048;2013;8;
63049;2013;3;
63057;2013;2;
63058;2013;8;
63061;2013;7;
63067;2013;2;
63072;2013;20;
63073;2013;17;
63075;2013;1;
63076;2013;13;
63079;2013;51;
63080;2013;5;
63084;2013;6;
63086;2013;0;
63087;2013;0;
63088;2013;1;
63089;2013;9;
64008;2013;3;
64015;2013;9;
64021;2013;9;
64023;2013;3;
64025;2013;7;
64029;2013;5;
64034;2013;17;
64047;2013;4;
64056;2013;6;
64063;2013;12;
64065;2013;9;
64074;2013;19;
64075;2013;4;
64076;2013;1;
71002;2013;0;
71004;2013;12;
71011;2013;8;
71016;2013;51;
71017;2013;7;
71020;2013;5;
71022;2013;61;
71024;2013;7;
71034;2013;7;
71037;2013;8;
71045;2013;5;
71047;2013;7;
71053;2013;23;
71057;2013;7;
71066;2013;14;
71067;2013;7;
71069;2013;2;
71070;2013;16;
72003;2013;17;
72004;2013;10;
72018;2013;9;
72020;2013;12;
72021;2013;15;
72025;2013;10;
72029;2013;13;
72030;2013;3;
72037;2013;31;
72038;2013;4;
72039;2013;18;
72040;2013;7;
72041;2013;12;
73001;2013;0;
73006;2013;9;
73009;2013;7;
73022;2013;0;
73028;2013;0;
73032;2013;4;
73040;2013;2;
73042;2013;27;
73066;2013;5;
73083;2013;21;
73098;2013;4;
73107;2013;24;
73109;2013;3;
81001;2013;23;
81003;2013;1;
81004;2013;15;
81013;2013;1;
81015;2013;7;
82003;2013;11;
82005;2013;3;
82009;2013;4;
82014;2013;5;
82032;2013;4;
82036;2013;2;
82037;2013;5;
82038;2013;1;
83012;2013;7;
83013;2013;2;
83028;2013;3;
83031;2013;6;
83034;2013;11;
83040;2013;1;
83044;2013;2;
83049;2013;2;
83055;2013;3;
84009;2013;8;
84010;2013;1;
84016;2013;0;
84029;2013;0;
84033;2013;1;
84035;2013;3;
84043;2013;5;
84050;2013;5;
84059;2013;3;
84068;2013;0;
84075;2013;0;
84077;2013;18;
85007;2013;2;
85009;2013;1;
85011;2013;7;
85024;2013;0;
85026;2013;6;
85034;2013;2;
85039;2013;3;
85045;2013;12;
85046;2013;7;
85047;2013;1;
91005;2013;4;
91013;2013;4;
91015;2013;3;
91030;2013;16;
91034;2013;17;
91054;2013;7;
91059;2013;1;
91064;2013;10;
91072;2013;4;
91103;2013;1;
91114;2013;14;
91120;2013;4;
91141;2013;8;
91142;2013;3;
91143;2013;3;
92003;2013;22;
92006;2013;5;
92035;2013;8;
92045;2013;12;
92048;2013;15;
92054;2013;3;
92087;2013;15;
92094;2013;141;
92097;2013;2;
92101;2013;5;
92114;2013;11;
92137;2013;30;
92138;2013;4;
92140;2013;25;
92141;2013;13;
92142;2013;30;
93010;2013;6;
93014;2013;23;
93018;2013;2;
93022;2013;15;
93056;2013;12;
93088;2013;20;
93090;2013;8;
11001;2014;10;
11002;2014;662;
11004;2014;1;
11005;2014;8;
11007;2014;5;
11008;2014;14;
11009;2014;21;
11013;2014;10;
11016;2014;11;
11018;2014;5;
11021;2014;1;
11022;2014;6;
11023;2014;13;
11024;2014;13;
11025;2014;3;
11029;2014;19;
11030;2014;3;
11035;2014;9;
11037;2014;8;
11038;2014;2;
11039;2014;5;
11040;2014;21;
11044;2014;6;
11050;2014;13;
11052;2014;10;
11053;2014;14;
11054;2014;8;
11055;2014;7;
11056;2014;7;
11057;2014;4;
12002;2014;3;
12005;2014;5;
12007;2014;4;
12009;2014;2;
12014;2014;8;
12021;2014;10;
12025;2014;35;
12026;2014;1;
12029;2014;0;
12030;2014;10;
12034;2014;3;
12035;2014;3;
12040;2014;16;
13001;2014;4;
13002;2014;2;
13003;2014;8;
13004;2014;1;
13006;2014;2;
13008;2014;17;
13010;2014;10;
13011;2014;16;
13012;2014;2;
13013;2014;0;
13014;2014;22;
13016;2014;1;
13017;2014;1;
13019;2014;8;
13021;2014;3;
13023;2014;2;
13025;2014;16;
13029;2014;5;
13031;2014;2;
13035;2014;10;
13036;2014;6;
13037;2014;7;
13040;2014;16;
13044;2014;4;
13046;2014;2;
13049;2014;9;
13053;2014;6;
21001;2014;292;
21002;2014;31;
21003;2014;42;
21004;2014;368;
21005;2014;62;
21006;2014;62;
21007;2014;108;
21008;2014;37;
21009;2014;143;
21010;2014;72;
21011;2014;40;
21012;2014;124;
21013;2014;77;
21014;2014;29;
21015;2014;199;
21016;2014;95;
21017;2014;35;
21018;2014;61;
21019;2014;32;
21020;2014;0;
23002;2014;31;
23003;2014;17;
23009;2014;0;
23016;2014;36;
23023;2014;1;
23024;2014;2;
23025;2014;22;
23027;2014;24;
23032;2014;4;
23033;2014;5;
23038;2014;7;
23039;2014;1;
23044;2014;6;
23045;2014;7;
23047;2014;8;
23050;2014;12;
23052;2014;6;
23060;2014;4;
23062;2014;21;
23064;2014;4;
23077;2014;27;
23081;2014;2;
23086;2014;16;
23088;2014;35;
23094;2014;53;
23095;2014;6;
23096;2014;9;
23097;2014;2;
23098;2014;16;
23099;2014;5;
23100;2014;2;
23101;2014;10;
23102;2014;13;
23103;2014;9;
23104;2014;4;
23105;2014;7;
24001;2014;11;
24007;2014;2;
24008;2014;3;
24009;2014;4;
24011;2014;0;
24014;2014;3;
24016;2014;2;
24020;2014;11;
24028;2014;1;
24033;2014;1;
24038;2014;16;
24041;2014;0;
24043;2014;3;
24045;2014;4;
24048;2014;1;
24054;2014;0;
24055;2014;12;
24059;2014;8;
24062;2014;59;
24066;2014;1;
24086;2014;1;
24094;2014;3;
24104;2014;14;
24107;2014;15;
24109;2014;1;
24130;2014;0;
24133;2014;2;
24134;2014;7;
24135;2014;4;
24137;2014;0;
25005;2014;2;
25014;2014;21;
25015;2014;5;
25018;2014;2;
25023;2014;4;
25031;2014;21;
25037;2014;7;
25043;2014;4;
25044;2014;3;
25048;2014;9;
25050;2014;2;
25068;2014;11;
25072;2014;46;
25084;2014;5;
25091;2014;21;
25105;2014;15;
25107;2014;11;
25110;2014;35;
25112;2014;24;
25117;2014;3;
25118;2014;2;
25119;2014;12;
25120;2014;3;
25121;2014;38;
25122;2014;7;
25123;2014;8;
25124;2014;5;
31003;2014;5;
31004;2014;4;
31005;2014;23;
31006;2014;1;
31012;2014;4;
31022;2014;8;
31033;2014;4;
31040;2014;1;
31042;2014;1;
31043;2014;19;
32003;2014;0;
32006;2014;2;
32010;2014;2;
32011;2014;3;
32030;2014;1;
33011;2014;14;
33016;2014;0;
33021;2014;4;
33029;2014;9;
33037;2014;1;
33039;2014;2;
33040;2014;7;
33041;2014;3;
34002;2014;6;
34003;2014;2;
34009;2014;2;
34013;2014;13;
34022;2014;56;
34023;2014;1;
34025;2014;0;
34027;2014;47;
34040;2014;10;
34041;2014;28;
34042;2014;8;
34043;2014;2;
35002;2014;3;
35005;2014;1;
35006;2014;2;
35011;2014;6;
35013;2014;27;
35014;2014;3;
35029;2014;7;
36006;2014;2;
36007;2014;5;
36008;2014;12;
36010;2014;3;
36011;2014;2;
36012;2014;3;
36015;2014;16;
36019;2014;3;
37002;2014;2;
37007;2014;0;
37010;2014;1;
37011;2014;1;
37012;2014;1;
37015;2014;3;
37017;2014;1;
37018;2014;3;
37020;2014;2;
38002;2014;1;
38008;2014;3;
38014;2014;6;
38016;2014;3;
38025;2014;7;
41002;2014;45;
41011;2014;10;
41018;2014;13;
41024;2014;2;
41027;2014;6;
41034;2014;5;
41048;2014;20;
41063;2014;0;
41081;2014;6;
41082;2014;10;
42003;2014;3;
42004;2014;5;
42006;2014;15;
42008;2014;4;
42010;2014;4;
42011;2014;7;
42023;2014;10;
42025;2014;13;
42026;2014;5;
42028;2014;4;
43002;2014;3;
43005;2014;5;
43007;2014;1;
43010;2014;4;
43014;2014;1;
43018;2014;6;
44001;2014;7;
44011;2014;9;
44012;2014;0;
44013;2014;3;
44019;2014;8;
44020;2014;4;
44021;2014;150;
44029;2014;0;
44034;2014;12;
44036;2014;5;
44040;2014;9;
44043;2014;8;
44045;2014;2;
44048;2014;4;
44049;2014;5;
44052;2014;2;
44064;2014;3;
44072;2014;0;
44073;2014;2;
44080;2014;1;
44081;2014;4;
45017;2014;3;
45035;2014;13;
45041;2014;16;
45057;2014;1;
45059;2014;4;
45060;2014;2;
45061;2014;1;
45062;2014;1;
45063;2014;1;
45064;2014;0;
45065;2014;1;
46003;2014;44;
46013;2014;7;
46014;2014;16;
46020;2014;3;
46021;2014;25;
46024;2014;12;
46025;2014;12;
51004;2014;27;
51008;2014;15;
51009;2014;18;
51012;2014;6;
51014;2014;0;
51017;2014;2;
51019;2014;2;
51065;2014;8;
52010;2014;40;
52011;2014;788;
52012;2014;52;
52015;2014;118;
52018;2014;10;
52021;2014;67;
52022;2014;51;
52025;2014;32;
52043;2014;38;
52048;2014;24;
52055;2014;47;
52063;2014;14;
52074;2014;13;
52075;2014;25;
53014;2014;20;
53020;2014;13;
53028;2014;16;
53039;2014;11;
53044;2014;12;
53046;2014;6;
53053;2014;186;
53065;2014;15;
53068;2014;13;
53070;2014;45;
53082;2014;27;
53083;2014;3;
53084;2014;8;
54007;2014;181;
54010;2014;28;
55004;2014;17;
55010;2014;8;
55022;2014;169;
55023;2014;18;
55035;2014;15;
55039;2014;2;
55040;2014;37;
55050;2014;6;
56001;2014;19;
56005;2014;11;
56011;2014;47;
56016;2014;6;
56022;2014;23;
56029;2014;7;
56044;2014;8;
56049;2014;6;
56051;2014;11;
56078;2014;20;
56085;2014;9;
56086;2014;19;
56087;2014;29;
56088;2014;6;
57003;2014;6;
57018;2014;5;
57027;2014;15;
57062;2014;13;
57064;2014;20;
57072;2014;9;
57081;2014;100;
57093;2014;7;
57094;2014;4;
57095;2014;3;
61003;2014;13;
61010;2014;5;
61012;2014;4;
61019;2014;2;
61024;2014;2;
61028;2014;4;
61031;2014;47;
61039;2014;1;
61041;2014;5;
61043;2014;5;
61048;2014;4;
61063;2014;2;
61068;2014;10;
61072;2014;22;
61079;2014;0;
61080;2014;15;
61081;2014;2;
62003;2014;51;
62006;2014;20;
62009;2014;14;
62011;2014;5;
62015;2014;10;
62022;2014;16;
62026;2014;6;
62027;2014;3;
62032;2014;12;
62038;2014;8;
62051;2014;97;
62060;2014;10;
62063;2014;523;
62079;2014;25;
62093;2014;42;
62096;2014;143;
62099;2014;16;
62100;2014;14;
62108;2014;26;
62118;2014;49;
62119;2014;9;
62120;2014;35;
62121;2014;11;
62122;2014;7;
63001;2014;0;
63003;2014;3;
63004;2014;7;
63012;2014;0;
63013;2014;0;
63020;2014;14;
63023;2014;4;
63035;2014;12;
63038;2014;3;
63040;2014;5;
63045;2014;1;
63046;2014;4;
63048;2014;4;
63049;2014;6;
63057;2014;4;
63058;2014;9;
63061;2014;5;
63067;2014;7;
63072;2014;13;
63073;2014;4;
63075;2014;5;
63076;2014;17;
63079;2014;44;
63080;2014;1;
63084;2014;6;
63086;2014;0;
63087;2014;0;
63088;2014;6;
63089;2014;3;
64008;2014;1;
64015;2014;12;
64021;2014;4;
64023;2014;1;
64025;2014;2;
64029;2014;0;
64034;2014;9;
64047;2014;3;
64056;2014;4;
64063;2014;0;
64065;2014;15;
64074;2014;15;
64075;2014;2;
64076;2014;1;
71002;2014;4;
71004;2014;19;
71011;2014;5;
71016;2014;55;
71017;2014;4;
71020;2014;2;
71022;2014;70;
71024;2014;6;
71034;2014;9;
71037;2014;7;
71045;2014;0;
71047;2014;6;
71053;2014;12;
71057;2014;7;
71066;2014;13;
71067;2014;3;
71069;2014;1;
71070;2014;11;
72003;2014;21;
72004;2014;19;
72018;2014;15;
72020;2014;14;
72021;2014;27;
72025;2014;16;
72029;2014;16;
72030;2014;13;
72037;2014;18;
72038;2014;4;
72039;2014;15;
72040;2014;5;
72041;2014;13;
73001;2014;7;
73006;2014;12;
73009;2014;1;
73022;2014;2;
73028;2014;0;
73032;2014;0;
73040;2014;2;
73042;2014;20;
73066;2014;8;
73083;2014;13;
73098;2014;1;
73107;2014;55;
73109;2014;1;
81001;2014;31;
81003;2014;0;
81004;2014;20;
81013;2014;1;
81015;2014;7;
82003;2014;13;
82005;2014;0;
82009;2014;2;
82014;2014;7;
82032;2014;6;
82036;2014;2;
82037;2014;4;
82038;2014;4;
83012;2014;11;
83013;2014;2;
83028;2014;5;
83031;2014;2;
83034;2014;11;
83040;2014;4;
83044;2014;1;
83049;2014;3;
83055;2014;2;
84009;2014;8;
84010;2014;1;
84016;2014;1;
84029;2014;0;
84033;2014;1;
84035;2014;0;
84043;2014;3;
84050;2014;1;
84059;2014;2;
84068;2014;2;
84075;2014;1;
84077;2014;7;
85007;2014;3;
85009;2014;2;
85011;2014;3;
85024;2014;3;
85026;2014;5;
85034;2014;0;
85039;2014;1;
85045;2014;8;
85046;2014;2;
85047;2014;3;
91005;2014;3;
91013;2014;2;
91015;2014;1;
91030;2014;5;
91034;2014;10;
91054;2014;4;
91059;2014;6;
91064;2014;2;
91072;2014;3;
91103;2014;3;
91114;2014;8;
91120;2014;4;
91141;2014;8;
91142;2014;4;
91143;2014;3;
92003;2014;26;
92006;2014;4;
92035;2014;10;
92045;2014;10;
92048;2014;10;
92054;2014;4;
92087;2014;18;
92094;2014;149;
92097;2014;1;
92101;2014;9;
92114;2014;13;
92137;2014;36;
92138;2014;9;
92140;2014;27;
92141;2014;7;
92142;2014;27;
93010;2014;6;
93014;2014;15;
93018;2014;2;
93022;2014;20;
93056;2014;12;
93088;2014;19;
93090;2014;3;
