NIS code/code NIS;Jaar/Année;diefstal uit of aan voertuig/vol dans ou sur un véhicule;
11001;2000;62;
11002;2000;11681;
11004;2000;32;
11005;2000;163;
11007;2000;77;
11008;2000;140;
11009;2000;64;
11013;2000;115;
11016;2000;69;
11018;2000;36;
11021;2000;38;
11022;2000;30;
11023;2000;148;
11024;2000;99;
11025;2000;12;
11029;2000;280;
11030;2000;38;
11035;2000;77;
11037;2000;91;
11038;2000;31;
11039;2000;50;
11040;2000;111;
11044;2000;52;
11050;2000;103;
11052;2000;91;
11053;2000;53;
11054;2000;48;
11055;2000;39;
11056;2000;61;
11057;2000;37;
12002;2000;23;
12005;2000;24;
12007;2000;33;
12009;2000;81;
12014;2000;70;
12021;2000;221;
12025;2000;781;
12026;2000;25;
12029;2000;35;
12030;2000;52;
12034;2000;11;
12035;2000;41;
12040;2000;155;
13001;2000;34;
13002;2000;1;
13003;2000;26;
13004;2000;28;
13006;2000;48;
13008;2000;173;
13010;2000;39;
13011;2000;80;
13012;2000;23;
13013;2000;26;
13014;2000;67;
13016;2000;12;
13017;2000;28;
13019;2000;76;
13021;2000;15;
13023;2000;18;
13025;2000;145;
13029;2000;22;
13031;2000;8;
13035;2000;17;
13036;2000;22;
13037;2000;16;
13040;2000;226;
13044;2000;19;
13046;2000;26;
13049;2000;74;
13053;2000;30;
21001;2000;2273;
21002;2000;410;
21003;2000;224;
21004;2000;9153;
21005;2000;678;
21006;2000;979;
21007;2000;1106;
21008;2000;283;
21009;2000;2344;
21010;2000;677;
21011;2000;521;
21012;2000;1971;
21013;2000;1999;
21014;2000;869;
21015;2000;2140;
21016;2000;1160;
21017;2000;307;
21018;2000;830;
21019;2000;391;
21020;2000;0;
23002;2000;146;
23003;2000;116;
23009;2000;2;
23016;2000;229;
23023;2000;4;
23024;2000;6;
23025;2000;155;
23027;2000;188;
23032;2000;4;
23033;2000;60;
23038;2000;26;
23039;2000;43;
23044;2000;47;
23045;2000;59;
23047;2000;171;
23050;2000;80;
23052;2000;37;
23060;2000;21;
23062;2000;86;
23064;2000;13;
23077;2000;166;
23081;2000;47;
23086;2000;54;
23088;2000;323;
23094;2000;342;
23095;2000;367;
23096;2000;107;
23097;2000;34;
23098;2000;67;
23099;2000;63;
23100;2000;36;
23101;2000;105;
23102;2000;170;
23103;2000;49;
23104;2000;11;
23105;2000;58;
24001;2000;73;
24007;2000;7;
24008;2000;8;
24009;2000;15;
24011;2000;25;
24014;2000;26;
24016;2000;20;
24020;2000;110;
24028;2000;3;
24033;2000;17;
24038;2000;34;
24041;2000;5;
24043;2000;8;
24045;2000;4;
24048;2000;19;
24054;2000;2;
24055;2000;33;
24059;2000;31;
24062;2000;503;
24066;2000;3;
24086;2000;20;
24094;2000;21;
24104;2000;84;
24107;2000;110;
24109;2000;10;
24130;2000;3;
24133;2000;16;
24134;2000;23;
24135;2000;16;
24137;2000;1;
25005;2000;17;
25014;2000;221;
25015;2000;51;
25018;2000;17;
25023;2000;32;
25031;2000;49;
25037;2000;23;
25043;2000;8;
25044;2000;23;
25048;2000;41;
25050;2000;102;
25068;2000;22;
25072;2000;405;
25084;2000;28;
25091;2000;117;
25105;2000;97;
25107;2000;34;
25110;2000;236;
25112;2000;219;
25117;2000;13;
25118;2000;15;
25119;2000;47;
25120;2000;14;
25121;2000;375;
25122;2000;5;
25123;2000;33;
25124;2000;19;
31003;2000;31;
31004;2000;70;
31005;2000;435;
31006;2000;20;
31012;2000;50;
31022;2000;70;
31033;2000;32;
31040;2000;39;
31042;2000;3;
31043;2000;163;
32003;2000;27;
32006;2000;9;
32010;2000;9;
32011;2000;24;
32030;2000;3;
33011;2000;71;
33016;2000;1;
33021;2000;17;
33029;2000;43;
33037;2000;20;
33039;2000;24;
33040;2000;8;
33041;2000;4;
34002;2000;20;
34003;2000;15;
34009;2000;18;
34013;2000;34;
34022;2000;430;
34023;2000;27;
34025;2000;1;
34027;2000;190;
34040;2000;101;
34041;2000;55;
34042;2000;19;
34043;2000;8;
35002;2000;67;
35005;2000;13;
35006;2000;22;
35011;2000;163;
35013;2000;549;
35014;2000;13;
35029;2000;73;
36006;2000;6;
36007;2000;11;
36008;2000;48;
36010;2000;11;
36011;2000;11;
36012;2000;19;
36015;2000;97;
36019;2000;3;
37002;2000;8;
37007;2000;7;
37010;2000;3;
37011;2000;10;
37012;2000;3;
37015;2000;25;
37017;2000;5;
37018;2000;7;
37020;2000;6;
38002;2000;6;
38008;2000;125;
38014;2000;72;
38016;2000;46;
38025;2000;21;
41002;2000;226;
41011;2000;27;
41018;2000;100;
41024;2000;28;
41027;2000;39;
41034;2000;19;
41048;2000;54;
41063;2000;5;
41081;2000;33;
41082;2000;37;
42003;2000;18;
42004;2000;22;
42006;2000;79;
42008;2000;22;
42010;2000;27;
42011;2000;24;
42023;2000;25;
42025;2000;73;
42026;2000;22;
42028;2000;55;
43002;2000;17;
43005;2000;52;
43007;2000;5;
43010;2000;14;
43014;2000;4;
43018;2000;28;
44001;2000;28;
44011;2000;56;
44012;2000;8;
44013;2000;32;
44019;2000;58;
44020;2000;7;
44021;2000;2745;
44029;2000;6;
44034;2000;25;
44036;2000;9;
44040;2000;25;
44043;2000;34;
44045;2000;7;
44048;2000;53;
44049;2000;21;
44052;2000;21;
44064;2000;18;
44072;2000;4;
44073;2000;5;
44080;2000;7;
44081;2000;13;
45017;2000;21;
45035;2000;60;
45041;2000;84;
45057;2000;0;
45059;2000;26;
45060;2000;20;
45061;2000;9;
45062;2000;2;
45063;2000;6;
45064;2000;3;
45065;2000;4;
46003;2000;97;
46013;2000;58;
46014;2000;310;
46020;2000;29;
46021;2000;206;
46024;2000;19;
46025;2000;71;
51004;2000;166;
51008;2000;59;
51009;2000;97;
51012;2000;15;
51014;2000;14;
51017;2000;9;
51019;2000;7;
51065;2000;23;
52010;2000;55;
52011;2000;3694;
52012;2000;279;
52015;2000;206;
52018;2000;87;
52021;2000;133;
52022;2000;108;
52025;2000;74;
52043;2000;198;
52048;2000;65;
52055;2000;71;
52063;2000;83;
52074;2000;48;
52075;2000;54;
53014;2000;476;
53020;2000;183;
53028;2000;357;
53039;2000;74;
53044;2000;39;
53046;2000;15;
53053;2000;2239;
53065;2000;224;
53068;2000;92;
53070;2000;480;
53082;2000;245;
53083;2000;20;
53084;2000;54;
54007;2000;1156;
54010;2000;136;
55004;2000;106;
55010;2000;72;
55022;2000;981;
55023;2000;57;
55035;2000;97;
55039;2000;14;
55040;2000;179;
55050;2000;47;
56001;2000;91;
56005;2000;29;
56011;2000;277;
56016;2000;44;
56022;2000;50;
56029;2000;27;
56044;2000;45;
56049;2000;14;
56051;2000;11;
56078;2000;138;
56085;2000;37;
56086;2000;42;
56087;2000;112;
56088;2000;7;
57003;2000;23;
57018;2000;2;
57027;2000;68;
57062;2000;42;
57064;2000;149;
57072;2000;38;
57081;2000;519;
57093;2000;9;
57094;2000;33;
57095;2000;5;
61003;2000;128;
61010;2000;5;
61012;2000;16;
61019;2000;15;
61024;2000;17;
61028;2000;18;
61031;2000;226;
61039;2000;22;
61041;2000;13;
61043;2000;65;
61048;2000;17;
61063;2000;28;
61068;2000;36;
61072;2000;105;
61079;2000;12;
61080;2000;23;
61081;2000;24;
62003;2000;231;
62006;2000;58;
62009;2000;58;
62011;2000;37;
62015;2000;102;
62022;2000;138;
62026;2000;39;
62027;2000;57;
62032;2000;109;
62038;2000;161;
62051;2000;527;
62060;2000;41;
62063;2000;8017;
62079;2000;139;
62093;2000;172;
62096;2000;657;
62099;2000;64;
62100;2000;66;
62108;2000;151;
62118;2000;148;
62119;2000;94;
62120;2000;200;
62121;2000;21;
62122;2000;30;
63001;2000;1;
63003;2000;12;
63004;2000;29;
63012;2000;5;
63013;2000;13;
63020;2000;135;
63023;2000;115;
63035;2000;67;
63038;2000;32;
63040;2000;56;
63045;2000;11;
63046;2000;39;
63048;2000;22;
63049;2000;70;
63057;2000;26;
63058;2000;77;
63061;2000;38;
63067;2000;21;
63072;2000;58;
63073;2000;34;
63075;2000;12;
63076;2000;75;
63079;2000;956;
63080;2000;19;
63084;2000;127;
63086;2000;3;
63087;2000;3;
63088;2000;31;
63089;2000;44;
64008;2000;6;
64015;2000;19;
64021;2000;9;
64023;2000;16;
64025;2000;10;
64029;2000;6;
64034;2000;62;
64047;2000;3;
64056;2000;7;
64063;2000;9;
64065;2000;40;
64074;2000;70;
64075;2000;3;
64076;2000;1;
71002;2000;23;
71004;2000;119;
71011;2000;76;
71016;2000;458;
71017;2000;20;
71020;2000;15;
71022;2000;839;
71024;2000;27;
71034;2000;47;
71037;2000;62;
71045;2000;9;
71047;2000;14;
71053;2000;253;
71057;2000;105;
71066;2000;44;
71067;2000;17;
71069;2000;48;
71070;2000;99;
72003;2000;16;
72004;2000;22;
72018;2000;19;
72020;2000;224;
72021;2000;61;
72025;2000;42;
72029;2000;38;
72030;2000;57;
72037;2000;35;
72038;2000;28;
72039;2000;207;
72040;2000;16;
72041;2000;63;
73001;2000;46;
73006;2000;63;
73009;2000;23;
73022;2000;11;
73028;2000;0;
73032;2000;33;
73040;2000;8;
73042;2000;102;
73066;2000;20;
73083;2000;134;
73098;2000;8;
73107;2000;294;
73109;2000;13;
81001;2000;145;
81003;2000;2;
81004;2000;93;
81013;2000;3;
81015;2000;26;
82003;2000;73;
82005;2000;4;
82009;2000;2;
82014;2000;15;
82032;2000;27;
82036;2000;6;
82037;2000;9;
82038;2000;3;
83012;2000;45;
83013;2000;12;
83028;2000;18;
83031;2000;13;
83034;2000;87;
83040;2000;11;
83044;2000;8;
83049;2000;3;
83055;2000;13;
84009;2000;41;
84010;2000;35;
84016;2000;6;
84029;2000;3;
84033;2000;10;
84035;2000;9;
84043;2000;13;
84050;2000;7;
84059;2000;15;
84068;2000;19;
84075;2000;23;
84077;2000;20;
85007;2000;11;
85009;2000;10;
85011;2000;21;
85024;2000;4;
85026;2000;5;
85034;2000;4;
85039;2000;2;
85045;2000;45;
85046;2000;19;
85047;2000;25;
91005;2000;20;
91013;2000;18;
91015;2000;4;
91030;2000;98;
91034;2000;121;
91054;2000;14;
91059;2000;15;
91064;2000;18;
91072;2000;54;
91103;2000;17;
91114;2000;66;
91120;2000;19;
91141;2000;42;
91142;2000;27;
91143;2000;11;
92003;2000;179;
92006;2000;19;
92035;2000;56;
92045;2000;14;
92048;2000;37;
92054;2000;23;
92087;2000;37;
92094;2000;794;
92097;2000;62;
92101;2000;33;
92114;2000;33;
92137;2000;98;
92138;2000;33;
92140;2000;58;
92141;2000;38;
92142;2000;165;
93010;2000;34;
93014;2000;104;
93018;2000;7;
93022;2000;31;
93056;2000;33;
93088;2000;67;
93090;2000;11;
11001;2006;87;
11002;2006;7890;
11004;2006;35;
11005;2006;50;
11007;2006;77;
11008;2006;130;
11009;2006;62;
11013;2006;203;
11016;2006;55;
11018;2006;36;
11021;2006;50;
11022;2006;62;
11023;2006;81;
11024;2006;150;
11025;2006;42;
11029;2006;185;
11030;2006;31;
11035;2006;150;
11037;2006;74;
11038;2006;40;
11039;2006;68;
11040;2006;145;
11044;2006;58;
11050;2006;122;
11052;2006;122;
11053;2006;56;
11054;2006;43;
11055;2006;79;
11056;2006;51;
11057;2006;37;
12002;2006;9;
12005;2006;37;
12007;2006;47;
12009;2006;65;
12014;2006;67;
12021;2006;189;
12025;2006;718;
12026;2006;35;
12029;2006;16;
12030;2006;32;
12034;2006;13;
12035;2006;40;
12040;2006;55;
13001;2006;34;
13002;2006;6;
13003;2006;33;
13004;2006;45;
13006;2006;14;
13008;2006;77;
13010;2006;68;
13011;2006;128;
13012;2006;38;
13013;2006;20;
13014;2006;101;
13016;2006;19;
13017;2006;52;
13019;2006;61;
13021;2006;25;
13023;2006;19;
13025;2006;88;
13029;2006;24;
13031;2006;13;
13035;2006;41;
13036;2006;11;
13037;2006;32;
13040;2006;166;
13044;2006;10;
13046;2006;49;
13049;2006;30;
13053;2006;32;
21001;2006;2719;
21002;2006;378;
21003;2006;281;
21004;2006;10280;
21005;2006;1055;
21006;2006;1023;
21007;2006;1377;
21008;2006;386;
21009;2006;3207;
21010;2006;1112;
21011;2006;440;
21012;2006;2375;
21013;2006;2169;
21014;2006;763;
21015;2006;2880;
21016;2006;1611;
21017;2006;319;
21018;2006;1071;
21019;2006;314;
21020;2006;0;
23002;2006;287;
23003;2006;173;
23009;2006;6;
23016;2006;414;
23023;2006;21;
23024;2006;10;
23025;2006;302;
23027;2006;284;
23032;2006;12;
23033;2006;66;
23038;2006;98;
23039;2006;34;
23044;2006;52;
23045;2006;57;
23047;2006;142;
23050;2006;108;
23052;2006;54;
23060;2006;42;
23062;2006;120;
23064;2006;18;
23077;2006;290;
23081;2006;71;
23086;2006;88;
23088;2006;464;
23094;2006;330;
23095;2006;23;
23096;2006;54;
23097;2006;53;
23098;2006;88;
23099;2006;107;
23100;2006;42;
23101;2006;190;
23102;2006;204;
23103;2006;117;
23104;2006;56;
23105;2006;43;
24001;2006;87;
24007;2006;16;
24008;2006;13;
24009;2006;26;
24011;2006;25;
24014;2006;53;
24016;2006;25;
24020;2006;100;
24028;2006;2;
24033;2006;42;
24038;2006;37;
24041;2006;8;
24043;2006;5;
24045;2006;12;
24048;2006;4;
24054;2006;7;
24055;2006;30;
24059;2006;60;
24062;2006;668;
24066;2006;7;
24086;2006;47;
24094;2006;19;
24104;2006;101;
24107;2006;137;
24109;2006;11;
24130;2006;8;
24133;2006;5;
24134;2006;28;
24135;2006;15;
24137;2006;2;
25005;2006;26;
25014;2006;323;
25015;2006;47;
25018;2006;35;
25023;2006;46;
25031;2006;67;
25037;2006;34;
25043;2006;8;
25044;2006;12;
25048;2006;46;
25050;2006;123;
25068;2006;37;
25072;2006;233;
25084;2006;28;
25091;2006;192;
25105;2006;111;
25107;2006;53;
25110;2006;253;
25112;2006;329;
25117;2006;27;
25118;2006;7;
25119;2006;47;
25120;2006;18;
25121;2006;327;
25122;2006;7;
25123;2006;48;
25124;2006;38;
31003;2006;19;
31004;2006;76;
31005;2006;469;
31006;2006;17;
31012;2006;29;
31022;2006;62;
31033;2006;39;
31040;2006;40;
31042;2006;2;
31043;2006;79;
32003;2006;22;
32006;2006;3;
32010;2006;6;
32011;2006;10;
32030;2006;3;
33011;2006;73;
33016;2006;1;
33021;2006;25;
33029;2006;48;
33037;2006;13;
33039;2006;8;
33040;2006;7;
33041;2006;0;
34002;2006;19;
34003;2006;34;
34009;2006;20;
34013;2006;65;
34022;2006;446;
34023;2006;30;
34025;2006;6;
34027;2006;243;
34040;2006;63;
34041;2006;62;
34042;2006;33;
34043;2006;6;
35002;2006;43;
35005;2006;3;
35006;2006;9;
35011;2006;77;
35013;2006;418;
35014;2006;12;
35029;2006;36;
36006;2006;58;
36007;2006;15;
36008;2006;58;
36010;2006;17;
36011;2006;24;
36012;2006;46;
36015;2006;181;
36019;2006;26;
37002;2006;1;
37007;2006;17;
37010;2006;3;
37011;2006;14;
37012;2006;2;
37015;2006;61;
37017;2006;12;
37018;2006;16;
37020;2006;34;
38002;2006;3;
38008;2006;86;
38014;2006;77;
38016;2006;107;
38025;2006;40;
41002;2006;194;
41011;2006;34;
41018;2006;120;
41024;2006;45;
41027;2006;41;
41034;2006;38;
41048;2006;96;
41063;2006;22;
41081;2006;51;
41082;2006;20;
42003;2006;17;
42004;2006;23;
42006;2006;170;
42008;2006;27;
42010;2006;67;
42011;2006;40;
42023;2006;36;
42025;2006;97;
42026;2006;65;
42028;2006;61;
43002;2006;23;
43005;2006;52;
43007;2006;17;
43010;2006;36;
43014;2006;2;
43018;2006;21;
44001;2006;56;
44011;2006;66;
44012;2006;27;
44013;2006;41;
44019;2006;81;
44020;2006;22;
44021;2006;1884;
44029;2006;19;
44034;2006;28;
44036;2006;29;
44040;2006;44;
44043;2006;79;
44045;2006;13;
44048;2006;62;
44049;2006;62;
44052;2006;23;
44064;2006;34;
44072;2006;9;
44073;2006;6;
44080;2006;18;
44081;2006;42;
45017;2006;26;
45035;2006;92;
45041;2006;176;
45057;2006;7;
45059;2006;4;
45060;2006;19;
45061;2006;6;
45062;2006;1;
45063;2006;11;
45064;2006;1;
45065;2006;6;
46003;2006;160;
46013;2006;51;
46014;2006;113;
46020;2006;21;
46021;2006;144;
46024;2006;31;
46025;2006;86;
51004;2006;118;
51008;2006;46;
51009;2006;64;
51012;2006;11;
51014;2006;6;
51017;2006;7;
51019;2006;1;
51065;2006;20;
52010;2006;43;
52011;2006;5771;
52012;2006;214;
52015;2006;199;
52018;2006;35;
52021;2006;123;
52022;2006;61;
52025;2006;61;
52043;2006;130;
52048;2006;89;
52055;2006;100;
52063;2006;112;
52074;2006;29;
52075;2006;48;
53014;2006;98;
53020;2006;100;
53028;2006;105;
53039;2006;49;
53044;2006;33;
53046;2006;8;
53053;2006;1220;
53065;2006;61;
53068;2006;71;
53070;2006;191;
53082;2006;130;
53083;2006;16;
53084;2006;43;
54007;2006;556;
54010;2006;78;
55004;2006;114;
55010;2006;63;
55022;2006;541;
55023;2006;45;
55035;2006;125;
55039;2006;37;
55040;2006;113;
55050;2006;27;
56001;2006;43;
56005;2006;19;
56011;2006;160;
56016;2006;31;
56022;2006;60;
56029;2006;10;
56044;2006;23;
56049;2006;10;
56051;2006;19;
56078;2006;81;
56085;2006;31;
56086;2006;29;
56087;2006;62;
56088;2006;13;
57003;2006;15;
57018;2006;11;
57027;2006;86;
57062;2006;49;
57064;2006;131;
57072;2006;49;
57081;2006;586;
57093;2006;8;
57094;2006;38;
57095;2006;4;
61003;2006;47;
61010;2006;6;
61012;2006;2;
61019;2006;15;
61024;2006;3;
61028;2006;10;
61031;2006;169;
61039;2006;5;
61041;2006;4;
61043;2006;24;
61048;2006;5;
61063;2006;2;
61068;2006;13;
61072;2006;37;
61079;2006;6;
61080;2006;18;
61081;2006;0;
62003;2006;313;
62006;2006;36;
62009;2006;44;
62011;2006;16;
62015;2006;46;
62022;2006;103;
62026;2006;24;
62027;2006;7;
62032;2006;117;
62038;2006;83;
62051;2006;356;
62060;2006;40;
62063;2006;9144;
62079;2006;69;
62093;2006;261;
62096;2006;1060;
62099;2006;49;
62100;2006;36;
62108;2006;93;
62118;2006;115;
62119;2006;35;
62120;2006;107;
62121;2006;22;
62122;2006;15;
63001;2006;2;
63003;2006;3;
63004;2006;9;
63012;2006;6;
63013;2006;4;
63020;2006;81;
63023;2006;67;
63035;2006;64;
63038;2006;16;
63040;2006;16;
63045;2006;4;
63046;2006;11;
63048;2006;22;
63049;2006;21;
63057;2006;7;
63058;2006;33;
63061;2006;34;
63067;2006;20;
63072;2006;55;
63073;2006;19;
63075;2006;0;
63076;2006;38;
63079;2006;582;
63080;2006;6;
63084;2006;7;
63086;2006;7;
63087;2006;4;
63088;2006;3;
63089;2006;10;
64008;2006;12;
64015;2006;11;
64021;2006;22;
64023;2006;6;
64025;2006;10;
64029;2006;6;
64034;2006;36;
64047;2006;3;
64056;2006;16;
64063;2006;16;
64065;2006;28;
64074;2006;70;
64075;2006;14;
64076;2006;2;
71002;2006;20;
71004;2006;120;
71011;2006;60;
71016;2006;264;
71017;2006;20;
71020;2006;11;
71022;2006;635;
71024;2006;15;
71034;2006;27;
71037;2006;23;
71045;2006;17;
71047;2006;9;
71053;2006;235;
71057;2006;70;
71066;2006;68;
71067;2006;17;
71069;2006;42;
71070;2006;74;
72003;2006;14;
72004;2006;43;
72018;2006;44;
72020;2006;75;
72021;2006;78;
72025;2006;27;
72029;2006;27;
72030;2006;31;
72037;2006;40;
72038;2006;21;
72039;2006;133;
72040;2006;11;
72041;2006;40;
73001;2006;24;
73006;2006;110;
73009;2006;26;
73022;2006;22;
73028;2006;0;
73032;2006;25;
73040;2006;11;
73042;2006;186;
73066;2006;31;
73083;2006;108;
73098;2006;11;
73107;2006;252;
73109;2006;8;
81001;2006;145;
81003;2006;6;
81004;2006;121;
81013;2006;9;
81015;2006;30;
82003;2006;58;
82005;2006;2;
82009;2006;2;
82014;2006;21;
82032;2006;19;
82036;2006;4;
82037;2006;6;
82038;2006;4;
83012;2006;37;
83013;2006;6;
83028;2006;24;
83031;2006;18;
83034;2006;95;
83040;2006;28;
83044;2006;8;
83049;2006;9;
83055;2006;6;
84009;2006;29;
84010;2006;12;
84016;2006;1;
84029;2006;1;
84033;2006;5;
84035;2006;8;
84043;2006;49;
84050;2006;15;
84059;2006;10;
84068;2006;9;
84075;2006;16;
84077;2006;50;
85007;2006;14;
85009;2006;6;
85011;2006;17;
85024;2006;7;
85026;2006;8;
85034;2006;5;
85039;2006;5;
85045;2006;33;
85046;2006;53;
85047;2006;4;
91005;2006;11;
91013;2006;25;
91015;2006;5;
91030;2006;56;
91034;2006;65;
91054;2006;6;
91059;2006;7;
91064;2006;16;
91072;2006;49;
91103;2006;3;
91114;2006;49;
91120;2006;17;
91141;2006;31;
91142;2006;8;
91143;2006;10;
92003;2006;87;
92006;2006;16;
92035;2006;61;
92045;2006;25;
92048;2006;28;
92054;2006;5;
92087;2006;28;
92094;2006;569;
92097;2006;7;
92101;2006;20;
92114;2006;28;
92137;2006;124;
92138;2006;29;
92140;2006;73;
92141;2006;10;
92142;2006;113;
93010;2006;12;
93014;2006;81;
93018;2006;1;
93022;2006;27;
93056;2006;13;
93088;2006;32;
93090;2006;8;
11001;2007;80;
11002;2007;7825;
11004;2007;47;
11005;2007;130;
11007;2007;29;
11008;2007;157;
11009;2007;63;
11013;2007;157;
11016;2007;33;
11018;2007;49;
11021;2007;46;
11022;2007;48;
11023;2007;105;
11024;2007;161;
11025;2007;29;
11029;2007;232;
11030;2007;48;
11035;2007;56;
11037;2007;117;
11038;2007;36;
11039;2007;49;
11040;2007;138;
11044;2007;74;
11050;2007;114;
11052;2007;81;
11053;2007;55;
11054;2007;38;
11055;2007;28;
11056;2007;72;
11057;2007;18;
12002;2007;12;
12005;2007;22;
12007;2007;37;
12009;2007;61;
12014;2007;44;
12021;2007;197;
12025;2007;633;
12026;2007;42;
12029;2007;13;
12030;2007;35;
12034;2007;6;
12035;2007;46;
12040;2007;53;
13001;2007;22;
13002;2007;11;
13003;2007;40;
13004;2007;33;
13006;2007;14;
13008;2007;89;
13010;2007;41;
13011;2007;100;
13012;2007;7;
13013;2007;22;
13014;2007;69;
13016;2007;5;
13017;2007;39;
13019;2007;58;
13021;2007;16;
13023;2007;62;
13025;2007;112;
13029;2007;19;
13031;2007;30;
13035;2007;15;
13036;2007;18;
13037;2007;24;
13040;2007;180;
13044;2007;11;
13046;2007;36;
13049;2007;41;
13053;2007;8;
21001;2007;3701;
21002;2007;421;
21003;2007;285;
21004;2007;11235;
21005;2007;1157;
21006;2007;1088;
21007;2007;2051;
21008;2007;347;
21009;2007;3977;
21010;2007;1034;
21011;2007;350;
21012;2007;2463;
21013;2007;2605;
21014;2007;1090;
21015;2007;3109;
21016;2007;1416;
21017;2007;524;
21018;2007;1006;
21019;2007;427;
21020;2007;1;
23002;2007;271;
23003;2007;144;
23009;2007;1;
23016;2007;339;
23023;2007;10;
23024;2007;17;
23025;2007;290;
23027;2007;197;
23032;2007;11;
23033;2007;82;
23038;2007;26;
23039;2007;17;
23044;2007;80;
23045;2007;30;
23047;2007;250;
23050;2007;83;
23052;2007;67;
23060;2007;32;
23062;2007;114;
23064;2007;10;
23077;2007;309;
23081;2007;75;
23086;2007;127;
23088;2007;608;
23094;2007;380;
23095;2007;19;
23096;2007;85;
23097;2007;29;
23098;2007;132;
23099;2007;169;
23100;2007;36;
23101;2007;106;
23102;2007;217;
23103;2007;182;
23104;2007;34;
23105;2007;66;
24001;2007;55;
24007;2007;6;
24008;2007;7;
24009;2007;30;
24011;2007;20;
24014;2007;16;
24016;2007;11;
24020;2007;65;
24028;2007;2;
24033;2007;45;
24038;2007;30;
24041;2007;27;
24043;2007;8;
24045;2007;18;
24048;2007;27;
24054;2007;6;
24055;2007;64;
24059;2007;33;
24062;2007;774;
24066;2007;16;
24086;2007;49;
24094;2007;14;
24104;2007;153;
24107;2007;135;
24109;2007;23;
24130;2007;10;
24133;2007;5;
24134;2007;20;
24135;2007;7;
24137;2007;7;
25005;2007;23;
25014;2007;219;
25015;2007;44;
25018;2007;37;
25023;2007;52;
25031;2007;46;
25037;2007;29;
25043;2007;22;
25044;2007;22;
25048;2007;47;
25050;2007;91;
25068;2007;26;
25072;2007;239;
25084;2007;27;
25091;2007;146;
25105;2007;110;
25107;2007;43;
25110;2007;211;
25112;2007;205;
25117;2007;56;
25118;2007;11;
25119;2007;37;
25120;2007;6;
25121;2007;357;
25122;2007;7;
25123;2007;61;
25124;2007;33;
31003;2007;25;
31004;2007;58;
31005;2007;329;
31006;2007;18;
31012;2007;28;
31022;2007;68;
31033;2007;30;
31040;2007;35;
31042;2007;4;
31043;2007;120;
32003;2007;31;
32006;2007;5;
32010;2007;9;
32011;2007;7;
32030;2007;3;
33011;2007;57;
33016;2007;1;
33021;2007;38;
33029;2007;34;
33037;2007;12;
33039;2007;6;
33040;2007;8;
33041;2007;4;
34002;2007;37;
34003;2007;31;
34009;2007;17;
34013;2007;110;
34022;2007;493;
34023;2007;46;
34025;2007;24;
34027;2007;233;
34040;2007;130;
34041;2007;98;
34042;2007;62;
34043;2007;11;
35002;2007;58;
35005;2007;14;
35006;2007;20;
35011;2007;76;
35013;2007;274;
35014;2007;13;
35029;2007;46;
36006;2007;33;
36007;2007;14;
36008;2007;91;
36010;2007;20;
36011;2007;14;
36012;2007;37;
36015;2007;141;
36019;2007;17;
37002;2007;4;
37007;2007;8;
37010;2007;5;
37011;2007;5;
37012;2007;3;
37015;2007;45;
37017;2007;10;
37018;2007;19;
37020;2007;27;
38002;2007;5;
38008;2007;64;
38014;2007;70;
38016;2007;35;
38025;2007;16;
41002;2007;242;
41011;2007;69;
41018;2007;94;
41024;2007;32;
41027;2007;24;
41034;2007;66;
41048;2007;131;
41063;2007;15;
41081;2007;31;
41082;2007;74;
42003;2007;7;
42004;2007;13;
42006;2007;86;
42008;2007;26;
42010;2007;18;
42011;2007;30;
42023;2007;23;
42025;2007;58;
42026;2007;10;
42028;2007;39;
43002;2007;11;
43005;2007;88;
43007;2007;14;
43010;2007;62;
43014;2007;5;
43018;2007;48;
44001;2007;46;
44011;2007;106;
44012;2007;47;
44013;2007;31;
44019;2007;59;
44020;2007;21;
44021;2007;1751;
44029;2007;3;
44034;2007;49;
44036;2007;32;
44040;2007;21;
44043;2007;49;
44045;2007;4;
44048;2007;76;
44049;2007;31;
44052;2007;44;
44064;2007;8;
44072;2007;13;
44073;2007;11;
44080;2007;11;
44081;2007;31;
45017;2007;29;
45035;2007;96;
45041;2007;80;
45057;2007;27;
45059;2007;11;
45060;2007;14;
45061;2007;6;
45062;2007;1;
45063;2007;5;
45064;2007;7;
45065;2007;6;
46003;2007;93;
46013;2007;45;
46014;2007;67;
46020;2007;27;
46021;2007;217;
46024;2007;24;
46025;2007;55;
51004;2007;116;
51008;2007;36;
51009;2007;47;
51012;2007;11;
51014;2007;7;
51017;2007;8;
51019;2007;5;
51065;2007;8;
52010;2007;62;
52011;2007;6241;
52012;2007;238;
52015;2007;262;
52018;2007;30;
52021;2007;116;
52022;2007;66;
52025;2007;61;
52043;2007;92;
52048;2007;68;
52055;2007;90;
52063;2007;93;
52074;2007;27;
52075;2007;44;
53014;2007;130;
53020;2007;89;
53028;2007;59;
53039;2007;46;
53044;2007;22;
53046;2007;2;
53053;2007;1836;
53065;2007;51;
53068;2007;81;
53070;2007;129;
53082;2007;94;
53083;2007;12;
53084;2007;34;
54007;2007;503;
54010;2007;63;
55004;2007;107;
55010;2007;27;
55022;2007;536;
55023;2007;48;
55035;2007;60;
55039;2007;26;
55040;2007;122;
55050;2007;28;
56001;2007;22;
56005;2007;30;
56011;2007;123;
56016;2007;33;
56022;2007;64;
56029;2007;4;
56044;2007;18;
56049;2007;12;
56051;2007;10;
56078;2007;39;
56085;2007;17;
56086;2007;50;
56087;2007;65;
56088;2007;9;
57003;2007;14;
57018;2007;9;
57027;2007;61;
57062;2007;41;
57064;2007;132;
57072;2007;24;
57081;2007;490;
57093;2007;15;
57094;2007;44;
57095;2007;5;
61003;2007;48;
61010;2007;4;
61012;2007;6;
61019;2007;15;
61024;2007;4;
61028;2007;13;
61031;2007;127;
61039;2007;4;
61041;2007;3;
61043;2007;18;
61048;2007;2;
61063;2007;6;
61068;2007;19;
61072;2007;28;
61079;2007;6;
61080;2007;18;
61081;2007;3;
62003;2007;255;
62006;2007;33;
62009;2007;45;
62011;2007;23;
62015;2007;43;
62022;2007;53;
62026;2007;20;
62027;2007;9;
62032;2007;60;
62038;2007;69;
62051;2007;349;
62060;2007;24;
62063;2007;6540;
62079;2007;93;
62093;2007;138;
62096;2007;689;
62099;2007;60;
62100;2007;30;
62108;2007;74;
62118;2007;120;
62119;2007;60;
62120;2007;123;
62121;2007;27;
62122;2007;15;
63001;2007;3;
63003;2007;3;
63004;2007;15;
63012;2007;5;
63013;2007;7;
63020;2007;76;
63023;2007;82;
63035;2007;54;
63038;2007;13;
63040;2007;18;
63045;2007;2;
63046;2007;14;
63048;2007;18;
63049;2007;43;
63057;2007;3;
63058;2007;27;
63061;2007;12;
63067;2007;3;
63072;2007;39;
63073;2007;9;
63075;2007;4;
63076;2007;28;
63079;2007;485;
63080;2007;7;
63084;2007;19;
63086;2007;2;
63087;2007;0;
63088;2007;5;
63089;2007;8;
64008;2007;6;
64015;2007;6;
64021;2007;11;
64023;2007;7;
64025;2007;4;
64029;2007;2;
64034;2007;26;
64047;2007;4;
64056;2007;5;
64063;2007;2;
64065;2007;12;
64074;2007;52;
64075;2007;5;
64076;2007;4;
71002;2007;14;
71004;2007;71;
71011;2007;46;
71016;2007;197;
71017;2007;9;
71020;2007;12;
71022;2007;512;
71024;2007;18;
71034;2007;20;
71037;2007;15;
71045;2007;6;
71047;2007;20;
71053;2007;147;
71057;2007;45;
71066;2007;47;
71067;2007;15;
71069;2007;7;
71070;2007;58;
72003;2007;33;
72004;2007;44;
72018;2007;16;
72020;2007;80;
72021;2007;50;
72025;2007;25;
72029;2007;30;
72030;2007;25;
72037;2007;39;
72038;2007;19;
72039;2007;95;
72040;2007;19;
72041;2007;41;
73001;2007;25;
73006;2007;66;
73009;2007;17;
73022;2007;6;
73028;2007;0;
73032;2007;22;
73040;2007;20;
73042;2007;121;
73066;2007;43;
73083;2007;74;
73098;2007;12;
73107;2007;167;
73109;2007;6;
81001;2007;132;
81003;2007;11;
81004;2007;97;
81013;2007;3;
81015;2007;23;
82003;2007;40;
82005;2007;5;
82009;2007;8;
82014;2007;14;
82032;2007;22;
82036;2007;10;
82037;2007;8;
82038;2007;0;
83012;2007;48;
83013;2007;4;
83028;2007;23;
83031;2007;25;
83034;2007;84;
83040;2007;12;
83044;2007;2;
83049;2007;4;
83055;2007;11;
84009;2007;12;
84010;2007;20;
84016;2007;4;
84029;2007;3;
84033;2007;9;
84035;2007;5;
84043;2007;23;
84050;2007;3;
84059;2007;9;
84068;2007;5;
84075;2007;7;
84077;2007;31;
85007;2007;21;
85009;2007;11;
85011;2007;11;
85024;2007;6;
85026;2007;16;
85034;2007;6;
85039;2007;3;
85045;2007;71;
85046;2007;31;
85047;2007;12;
91005;2007;11;
91013;2007;17;
91015;2007;3;
91030;2007;44;
91034;2007;78;
91054;2007;5;
91059;2007;15;
91064;2007;8;
91072;2007;24;
91103;2007;9;
91114;2007;51;
91120;2007;9;
91141;2007;18;
91142;2007;21;
91143;2007;6;
92003;2007;97;
92006;2007;12;
92035;2007;47;
92045;2007;23;
92048;2007;35;
92054;2007;6;
92087;2007;41;
92094;2007;716;
92097;2007;8;
92101;2007;23;
92114;2007;26;
92137;2007;108;
92138;2007;18;
92140;2007;51;
92141;2007;15;
92142;2007;123;
93010;2007;11;
93014;2007;54;
93018;2007;1;
93022;2007;42;
93056;2007;23;
93088;2007;44;
93090;2007;12;
11001;2008;40;
11002;2008;5398;
11004;2008;41;
11005;2008;107;
11007;2008;30;
11008;2008;78;
11009;2008;54;
11013;2008;131;
11016;2008;51;
11018;2008;26;
11021;2008;25;
11022;2008;24;
11023;2008;34;
11024;2008;124;
11025;2008;19;
11029;2008;139;
11030;2008;22;
11035;2008;59;
11037;2008;105;
11038;2008;26;
11039;2008;39;
11040;2008;97;
11044;2008;25;
11050;2008;61;
11052;2008;53;
11053;2008;39;
11054;2008;53;
11055;2008;32;
11056;2008;50;
11057;2008;21;
12002;2008;15;
12005;2008;17;
12007;2008;67;
12009;2008;66;
12014;2008;51;
12021;2008;96;
12025;2008;822;
12026;2008;30;
12029;2008;25;
12030;2008;44;
12034;2008;4;
12035;2008;60;
12040;2008;73;
13001;2008;41;
13002;2008;10;
13003;2008;26;
13004;2008;45;
13006;2008;13;
13008;2008;65;
13010;2008;22;
13011;2008;78;
13012;2008;12;
13013;2008;9;
13014;2008;54;
13016;2008;4;
13017;2008;26;
13019;2008;75;
13021;2008;9;
13023;2008;13;
13025;2008;95;
13029;2008;13;
13031;2008;14;
13035;2008;18;
13036;2008;20;
13037;2008;22;
13040;2008;141;
13044;2008;17;
13046;2008;24;
13049;2008;29;
13053;2008;11;
21001;2008;4060;
21002;2008;547;
21003;2008;446;
21004;2008;11247;
21005;2008;1184;
21006;2008;1021;
21007;2008;1872;
21008;2008;411;
21009;2008;3746;
21010;2008;928;
21011;2008;402;
21012;2008;2353;
21013;2008;3684;
21014;2008;968;
21015;2008;2782;
21016;2008;1537;
21017;2008;404;
21018;2008;933;
21019;2008;385;
21020;2008;0;
23002;2008;197;
23003;2008;142;
23009;2008;7;
23016;2008;320;
23023;2008;22;
23024;2008;20;
23025;2008;191;
23027;2008;307;
23032;2008;14;
23033;2008;34;
23038;2008;46;
23039;2008;27;
23044;2008;30;
23045;2008;49;
23047;2008;317;
23050;2008;122;
23052;2008;56;
23060;2008;36;
23062;2008;55;
23064;2008;17;
23077;2008;295;
23081;2008;95;
23086;2008;74;
23088;2008;766;
23094;2008;379;
23095;2008;64;
23096;2008;115;
23097;2008;21;
23098;2008;156;
23099;2008;141;
23100;2008;67;
23101;2008;136;
23102;2008;170;
23103;2008;72;
23104;2008;26;
23105;2008;32;
24001;2008;61;
24007;2008;5;
24008;2008;6;
24009;2008;20;
24011;2008;23;
24014;2008;16;
24016;2008;12;
24020;2008;42;
24028;2008;5;
24033;2008;27;
24038;2008;52;
24041;2008;13;
24043;2008;17;
24045;2008;15;
24048;2008;15;
24054;2008;1;
24055;2008;74;
24059;2008;42;
24062;2008;943;
24066;2008;10;
24086;2008;42;
24094;2008;26;
24104;2008;97;
24107;2008;175;
24109;2008;21;
24130;2008;15;
24133;2008;6;
24134;2008;23;
24135;2008;18;
24137;2008;0;
25005;2008;10;
25014;2008;212;
25015;2008;55;
25018;2008;15;
25023;2008;55;
25031;2008;57;
25037;2008;22;
25043;2008;20;
25044;2008;20;
25048;2008;40;
25050;2008;57;
25068;2008;36;
25072;2008;298;
25084;2008;24;
25091;2008;110;
25105;2008;111;
25107;2008;32;
25110;2008;249;
25112;2008;191;
25117;2008;60;
25118;2008;10;
25119;2008;43;
25120;2008;5;
25121;2008;320;
25122;2008;5;
25123;2008;32;
25124;2008;34;
31003;2008;10;
31004;2008;81;
31005;2008;328;
31006;2008;10;
31012;2008;32;
31022;2008;44;
31033;2008;37;
31040;2008;31;
31042;2008;1;
31043;2008;116;
32003;2008;19;
32006;2008;4;
32010;2008;4;
32011;2008;7;
32030;2008;0;
33011;2008;63;
33016;2008;0;
33021;2008;32;
33029;2008;47;
33037;2008;23;
33039;2008;12;
33040;2008;8;
33041;2008;0;
34002;2008;6;
34003;2008;31;
34009;2008;28;
34013;2008;71;
34022;2008;378;
34023;2008;43;
34025;2008;28;
34027;2008;190;
34040;2008;107;
34041;2008;123;
34042;2008;38;
34043;2008;13;
35002;2008;67;
35005;2008;41;
35006;2008;18;
35011;2008;74;
35013;2008;392;
35014;2008;11;
35029;2008;60;
36006;2008;10;
36007;2008;14;
36008;2008;64;
36010;2008;15;
36011;2008;18;
36012;2008;20;
36015;2008;202;
36019;2008;20;
37002;2008;7;
37007;2008;9;
37010;2008;8;
37011;2008;13;
37012;2008;6;
37015;2008;30;
37017;2008;13;
37018;2008;23;
37020;2008;10;
38002;2008;4;
38008;2008;52;
38014;2008;42;
38016;2008;24;
38025;2008;22;
41002;2008;203;
41011;2008;75;
41018;2008;103;
41024;2008;32;
41027;2008;26;
41034;2008;18;
41048;2008;91;
41063;2008;7;
41081;2008;55;
41082;2008;35;
42003;2008;23;
42004;2008;20;
42006;2008;96;
42008;2008;27;
42010;2008;20;
42011;2008;49;
42023;2008;41;
42025;2008;69;
42026;2008;17;
42028;2008;31;
43002;2008;12;
43005;2008;38;
43007;2008;3;
43010;2008;26;
43014;2008;5;
43018;2008;31;
44001;2008;33;
44011;2008;79;
44012;2008;19;
44013;2008;28;
44019;2008;50;
44020;2008;18;
44021;2008;1456;
44029;2008;7;
44034;2008;42;
44036;2008;14;
44040;2008;15;
44043;2008;42;
44045;2008;7;
44048;2008;51;
44049;2008;3;
44052;2008;19;
44064;2008;13;
44072;2008;1;
44073;2008;10;
44080;2008;7;
44081;2008;13;
45017;2008;10;
45035;2008;58;
45041;2008;74;
45057;2008;8;
45059;2008;20;
45060;2008;10;
45061;2008;17;
45062;2008;0;
45063;2008;13;
45064;2008;1;
45065;2008;11;
46003;2008;89;
46013;2008;31;
46014;2008;101;
46020;2008;13;
46021;2008;124;
46024;2008;20;
46025;2008;64;
51004;2008;92;
51008;2008;51;
51009;2008;56;
51012;2008;23;
51014;2008;13;
51017;2008;8;
51019;2008;4;
51065;2008;21;
52010;2008;65;
52011;2008;6156;
52012;2008;272;
52015;2008;241;
52018;2008;41;
52021;2008;97;
52022;2008;110;
52025;2008;112;
52043;2008;243;
52048;2008;138;
52055;2008;90;
52063;2008;90;
52074;2008;33;
52075;2008;21;
53014;2008;96;
53020;2008;64;
53028;2008;103;
53039;2008;56;
53044;2008;36;
53046;2008;14;
53053;2008;1738;
53065;2008;47;
53068;2008;66;
53070;2008;120;
53082;2008;115;
53083;2008;27;
53084;2008;68;
54007;2008;433;
54010;2008;79;
55004;2008;84;
55010;2008;55;
55022;2008;693;
55023;2008;29;
55035;2008;52;
55039;2008;27;
55040;2008;143;
55050;2008;30;
56001;2008;35;
56005;2008;22;
56011;2008;105;
56016;2008;37;
56022;2008;36;
56029;2008;15;
56044;2008;24;
56049;2008;13;
56051;2008;14;
56078;2008;77;
56085;2008;24;
56086;2008;84;
56087;2008;108;
56088;2008;6;
57003;2008;16;
57018;2008;19;
57027;2008;61;
57062;2008;44;
57064;2008;102;
57072;2008;14;
57081;2008;625;
57093;2008;11;
57094;2008;41;
57095;2008;4;
61003;2008;40;
61010;2008;3;
61012;2008;6;
61019;2008;6;
61024;2008;3;
61028;2008;9;
61031;2008;109;
61039;2008;3;
61041;2008;6;
61043;2008;12;
61048;2008;1;
61063;2008;6;
61068;2008;18;
61072;2008;44;
61079;2008;1;
61080;2008;16;
61081;2008;6;
62003;2008;204;
62006;2008;45;
62009;2008;27;
62011;2008;22;
62015;2008;55;
62022;2008;64;
62026;2008;10;
62027;2008;5;
62032;2008;69;
62038;2008;75;
62051;2008;390;
62060;2008;27;
62063;2008;5712;
62079;2008;82;
62093;2008;145;
62096;2008;697;
62099;2008;63;
62100;2008;30;
62108;2008;52;
62118;2008;100;
62119;2008;59;
62120;2008;110;
62121;2008;21;
62122;2008;23;
63001;2008;6;
63003;2008;5;
63004;2008;6;
63012;2008;6;
63013;2008;8;
63020;2008;71;
63023;2008;40;
63035;2008;46;
63038;2008;10;
63040;2008;23;
63045;2008;2;
63046;2008;3;
63048;2008;4;
63049;2008;31;
63057;2008;3;
63058;2008;23;
63061;2008;12;
63067;2008;20;
63072;2008;34;
63073;2008;19;
63075;2008;1;
63076;2008;14;
63079;2008;350;
63080;2008;6;
63084;2008;12;
63086;2008;2;
63087;2008;0;
63088;2008;7;
63089;2008;5;
64008;2008;6;
64015;2008;8;
64021;2008;18;
64023;2008;0;
64025;2008;8;
64029;2008;2;
64034;2008;31;
64047;2008;7;
64056;2008;6;
64063;2008;6;
64065;2008;25;
64074;2008;93;
64075;2008;0;
64076;2008;3;
71002;2008;8;
71004;2008;85;
71011;2008;59;
71016;2008;155;
71017;2008;19;
71020;2008;9;
71022;2008;594;
71024;2008;6;
71034;2008;36;
71037;2008;39;
71045;2008;6;
71047;2008;18;
71053;2008;210;
71057;2008;42;
71066;2008;47;
71067;2008;14;
71069;2008;17;
71070;2008;55;
72003;2008;26;
72004;2008;27;
72018;2008;16;
72020;2008;56;
72021;2008;57;
72025;2008;36;
72029;2008;20;
72030;2008;18;
72037;2008;27;
72038;2008;15;
72039;2008;79;
72040;2008;10;
72041;2008;38;
73001;2008;18;
73006;2008;70;
73009;2008;17;
73022;2008;13;
73028;2008;1;
73032;2008;9;
73040;2008;10;
73042;2008;63;
73066;2008;49;
73083;2008;82;
73098;2008;10;
73107;2008;99;
73109;2008;2;
81001;2008;135;
81003;2008;4;
81004;2008;207;
81013;2008;13;
81015;2008;41;
82003;2008;43;
82005;2008;1;
82009;2008;3;
82014;2008;9;
82032;2008;17;
82036;2008;6;
82037;2008;7;
82038;2008;1;
83012;2008;31;
83013;2008;3;
83028;2008;14;
83031;2008;12;
83034;2008;112;
83040;2008;11;
83044;2008;0;
83049;2008;2;
83055;2008;3;
84009;2008;38;
84010;2008;16;
84016;2008;1;
84029;2008;0;
84033;2008;6;
84035;2008;3;
84043;2008;35;
84050;2008;8;
84059;2008;7;
84068;2008;12;
84075;2008;1;
84077;2008;35;
85007;2008;15;
85009;2008;10;
85011;2008;18;
85024;2008;10;
85026;2008;20;
85034;2008;10;
85039;2008;3;
85045;2008;59;
85046;2008;16;
85047;2008;15;
91005;2008;25;
91013;2008;20;
91015;2008;3;
91030;2008;36;
91034;2008;60;
91054;2008;11;
91059;2008;9;
91064;2008;2;
91072;2008;18;
91103;2008;3;
91114;2008;74;
91120;2008;8;
91141;2008;18;
91142;2008;19;
91143;2008;8;
92003;2008;115;
92006;2008;7;
92035;2008;51;
92045;2008;24;
92048;2008;32;
92054;2008;3;
92087;2008;43;
92094;2008;927;
92097;2008;8;
92101;2008;22;
92114;2008;38;
92137;2008;103;
92138;2008;8;
92140;2008;58;
92141;2008;27;
92142;2008;74;
93010;2008;11;
93014;2008;86;
93018;2008;5;
93022;2008;63;
93056;2008;30;
93088;2008;80;
93090;2008;15;
11001;2009;50;
11002;2009;5227;
11004;2009;24;
11005;2009;135;
11007;2009;38;
11008;2009;81;
11009;2009;63;
11013;2009;141;
11016;2009;45;
11018;2009;24;
11021;2009;16;
11022;2009;51;
11023;2009;82;
11024;2009;84;
11025;2009;10;
11029;2009;163;
11030;2009;26;
11035;2009;58;
11037;2009;72;
11038;2009;33;
11039;2009;48;
11040;2009;92;
11044;2009;28;
11050;2009;93;
11052;2009;81;
11053;2009;57;
11054;2009;27;
11055;2009;29;
11056;2009;86;
11057;2009;24;
12002;2009;14;
12005;2009;7;
12007;2009;21;
12009;2009;46;
12014;2009;44;
12021;2009;112;
12025;2009;755;
12026;2009;17;
12029;2009;11;
12030;2009;32;
12034;2009;16;
12035;2009;13;
12040;2009;56;
13001;2009;33;
13002;2009;3;
13003;2009;18;
13004;2009;25;
13006;2009;14;
13008;2009;116;
13010;2009;18;
13011;2009;64;
13012;2009;14;
13013;2009;10;
13014;2009;55;
13016;2009;13;
13017;2009;24;
13019;2009;38;
13021;2009;8;
13023;2009;19;
13025;2009;132;
13029;2009;19;
13031;2009;17;
13035;2009;23;
13036;2009;11;
13037;2009;14;
13040;2009;140;
13044;2009;16;
13046;2009;18;
13049;2009;39;
13053;2009;16;
21001;2009;3616;
21002;2009;483;
21003;2009;296;
21004;2009;9159;
21005;2009;972;
21006;2009;871;
21007;2009;2186;
21008;2009;333;
21009;2009;2909;
21010;2009;720;
21011;2009;285;
21012;2009;1980;
21013;2009;2774;
21014;2009;661;
21015;2009;2175;
21016;2009;1325;
21017;2009;343;
21018;2009;908;
21019;2009;389;
21020;2009;0;
23002;2009;191;
23003;2009;124;
23009;2009;0;
23016;2009;291;
23023;2009;7;
23024;2009;16;
23025;2009;213;
23027;2009;179;
23032;2009;9;
23033;2009;45;
23038;2009;23;
23039;2009;17;
23044;2009;53;
23045;2009;43;
23047;2009;226;
23050;2009;64;
23052;2009;25;
23060;2009;20;
23062;2009;51;
23064;2009;1;
23077;2009;222;
23081;2009;23;
23086;2009;50;
23088;2009;378;
23094;2009;353;
23095;2009;19;
23096;2009;105;
23097;2009;25;
23098;2009;128;
23099;2009;152;
23100;2009;49;
23101;2009;94;
23102;2009;154;
23103;2009;76;
23104;2009;40;
23105;2009;30;
24001;2009;35;
24007;2009;5;
24008;2009;9;
24009;2009;20;
24011;2009;25;
24014;2009;19;
24016;2009;9;
24020;2009;38;
24028;2009;4;
24033;2009;13;
24038;2009;29;
24041;2009;5;
24043;2009;6;
24045;2009;8;
24048;2009;7;
24054;2009;3;
24055;2009;53;
24059;2009;31;
24062;2009;976;
24066;2009;12;
24086;2009;30;
24094;2009;29;
24104;2009;78;
24107;2009;99;
24109;2009;22;
24130;2009;7;
24133;2009;5;
24134;2009;24;
24135;2009;5;
24137;2009;1;
25005;2009;15;
25014;2009;201;
25015;2009;47;
25018;2009;15;
25023;2009;32;
25031;2009;11;
25037;2009;29;
25043;2009;7;
25044;2009;17;
25048;2009;34;
25050;2009;28;
25068;2009;15;
25072;2009;217;
25084;2009;14;
25091;2009;95;
25105;2009;114;
25107;2009;25;
25110;2009;218;
25112;2009;178;
25117;2009;20;
25118;2009;19;
25119;2009;20;
25120;2009;3;
25121;2009;221;
25122;2009;3;
25123;2009;26;
25124;2009;10;
31003;2009;15;
31004;2009;50;
31005;2009;400;
31006;2009;22;
31012;2009;29;
31022;2009;44;
31033;2009;27;
31040;2009;33;
31042;2009;2;
31043;2009;146;
32003;2009;14;
32006;2009;8;
32010;2009;4;
32011;2009;11;
32030;2009;1;
33011;2009;76;
33016;2009;1;
33021;2009;29;
33029;2009;36;
33037;2009;12;
33039;2009;11;
33040;2009;4;
33041;2009;2;
34002;2009;19;
34003;2009;10;
34009;2009;17;
34013;2009;33;
34022;2009;379;
34023;2009;15;
34025;2009;5;
34027;2009;144;
34040;2009;55;
34041;2009;134;
34042;2009;25;
34043;2009;6;
35002;2009;44;
35005;2009;31;
35006;2009;13;
35011;2009;61;
35013;2009;641;
35014;2009;18;
35029;2009;48;
36006;2009;3;
36007;2009;4;
36008;2009;51;
36010;2009;14;
36011;2009;5;
36012;2009;13;
36015;2009;129;
36019;2009;9;
37002;2009;5;
37007;2009;8;
37010;2009;2;
37011;2009;6;
37012;2009;1;
37015;2009;33;
37017;2009;22;
37018;2009;11;
37020;2009;16;
38002;2009;11;
38008;2009;56;
38014;2009;53;
38016;2009;34;
38025;2009;21;
41002;2009;191;
41011;2009;49;
41018;2009;80;
41024;2009;13;
41027;2009;15;
41034;2009;16;
41048;2009;63;
41063;2009;6;
41081;2009;41;
41082;2009;29;
42003;2009;8;
42004;2009;19;
42006;2009;85;
42008;2009;21;
42010;2009;13;
42011;2009;21;
42023;2009;15;
42025;2009;50;
42026;2009;3;
42028;2009;26;
43002;2009;11;
43005;2009;47;
43007;2009;3;
43010;2009;43;
43014;2009;5;
43018;2009;26;
44001;2009;25;
44011;2009;47;
44012;2009;9;
44013;2009;24;
44019;2009;59;
44020;2009;11;
44021;2009;1763;
44029;2009;16;
44034;2009;52;
44036;2009;13;
44040;2009;22;
44043;2009;44;
44045;2009;6;
44048;2009;29;
44049;2009;22;
44052;2009;6;
44064;2009;12;
44072;2009;11;
44073;2009;8;
44080;2009;13;
44081;2009;10;
45017;2009;13;
45035;2009;49;
45041;2009;78;
45057;2009;5;
45059;2009;4;
45060;2009;10;
45061;2009;4;
45062;2009;0;
45063;2009;2;
45064;2009;2;
45065;2009;3;
46003;2009;63;
46013;2009;41;
46014;2009;70;
46020;2009;12;
46021;2009;141;
46024;2009;12;
46025;2009;76;
51004;2009;130;
51008;2009;55;
51009;2009;46;
51012;2009;12;
51014;2009;5;
51017;2009;5;
51019;2009;1;
51065;2009;22;
52010;2009;80;
52011;2009;4870;
52012;2009;197;
52015;2009;181;
52018;2009;36;
52021;2009;92;
52022;2009;61;
52025;2009;62;
52043;2009;150;
52048;2009;119;
52055;2009;80;
52063;2009;72;
52074;2009;27;
52075;2009;30;
53014;2009;129;
53020;2009;114;
53028;2009;111;
53039;2009;33;
53044;2009;29;
53046;2009;15;
53053;2009;1904;
53065;2009;61;
53068;2009;47;
53070;2009;146;
53082;2009;70;
53083;2009;12;
53084;2009;38;
54007;2009;490;
54010;2009;62;
55004;2009;71;
55010;2009;44;
55022;2009;630;
55023;2009;35;
55035;2009;52;
55039;2009;21;
55040;2009;67;
55050;2009;24;
56001;2009;47;
56005;2009;27;
56011;2009;132;
56016;2009;30;
56022;2009;38;
56029;2009;10;
56044;2009;37;
56049;2009;17;
56051;2009;6;
56078;2009;70;
56085;2009;22;
56086;2009;59;
56087;2009;110;
56088;2009;11;
57003;2009;23;
57018;2009;16;
57027;2009;48;
57062;2009;16;
57064;2009;74;
57072;2009;19;
57081;2009;517;
57093;2009;15;
57094;2009;32;
57095;2009;1;
61003;2009;50;
61010;2009;6;
61012;2009;2;
61019;2009;14;
61024;2009;5;
61028;2009;18;
61031;2009;79;
61039;2009;4;
61041;2009;6;
61043;2009;20;
61048;2009;5;
61063;2009;13;
61068;2009;17;
61072;2009;34;
61079;2009;6;
61080;2009;14;
61081;2009;5;
62003;2009;123;
62006;2009;19;
62009;2009;37;
62011;2009;27;
62015;2009;43;
62022;2009;65;
62026;2009;21;
62027;2009;11;
62032;2009;91;
62038;2009;88;
62051;2009;314;
62060;2009;28;
62063;2009;5645;
62079;2009;54;
62093;2009;110;
62096;2009;808;
62099;2009;58;
62100;2009;37;
62108;2009;62;
62118;2009;120;
62119;2009;30;
62120;2009;123;
62121;2009;37;
62122;2009;13;
63001;2009;4;
63003;2009;5;
63004;2009;9;
63012;2009;1;
63013;2009;6;
63020;2009;66;
63023;2009;45;
63035;2009;39;
63038;2009;9;
63040;2009;12;
63045;2009;3;
63046;2009;6;
63048;2009;12;
63049;2009;49;
63057;2009;7;
63058;2009;22;
63061;2009;9;
63067;2009;12;
63072;2009;24;
63073;2009;20;
63075;2009;2;
63076;2009;14;
63079;2009;335;
63080;2009;12;
63084;2009;10;
63086;2009;5;
63087;2009;3;
63088;2009;4;
63089;2009;9;
64008;2009;10;
64015;2009;11;
64021;2009;7;
64023;2009;10;
64025;2009;6;
64029;2009;4;
64034;2009;40;
64047;2009;6;
64056;2009;6;
64063;2009;5;
64065;2009;13;
64074;2009;49;
64075;2009;4;
64076;2009;3;
71002;2009;5;
71004;2009;70;
71011;2009;25;
71016;2009;165;
71017;2009;14;
71020;2009;6;
71022;2009;508;
71024;2009;3;
71034;2009;29;
71037;2009;20;
71045;2009;3;
71047;2009;9;
71053;2009;117;
71057;2009;61;
71066;2009;43;
71067;2009;10;
71069;2009;19;
71070;2009;74;
72003;2009;12;
72004;2009;16;
72018;2009;10;
72020;2009;88;
72021;2009;50;
72025;2009;27;
72029;2009;20;
72030;2009;27;
72037;2009;27;
72038;2009;11;
72039;2009;85;
72040;2009;14;
72041;2009;40;
73001;2009;26;
73006;2009;41;
73009;2009;13;
73022;2009;4;
73028;2009;0;
73032;2009;6;
73040;2009;9;
73042;2009;63;
73066;2009;36;
73083;2009;56;
73098;2009;6;
73107;2009;160;
73109;2009;8;
81001;2009;166;
81003;2009;4;
81004;2009;229;
81013;2009;4;
81015;2009;42;
82003;2009;51;
82005;2009;4;
82009;2009;5;
82014;2009;17;
82032;2009;24;
82036;2009;8;
82037;2009;10;
82038;2009;3;
83012;2009;57;
83013;2009;9;
83028;2009;18;
83031;2009;31;
83034;2009;106;
83040;2009;10;
83044;2009;9;
83049;2009;1;
83055;2009;12;
84009;2009;15;
84010;2009;11;
84016;2009;1;
84029;2009;3;
84033;2009;12;
84035;2009;4;
84043;2009;30;
84050;2009;7;
84059;2009;8;
84068;2009;6;
84075;2009;2;
84077;2009;37;
85007;2009;10;
85009;2009;10;
85011;2009;14;
85024;2009;2;
85026;2009;29;
85034;2009;4;
85039;2009;3;
85045;2009;62;
85046;2009;31;
85047;2009;7;
91005;2009;18;
91013;2009;13;
91015;2009;6;
91030;2009;34;
91034;2009;55;
91054;2009;17;
91059;2009;7;
91064;2009;7;
91072;2009;18;
91103;2009;5;
91114;2009;38;
91120;2009;5;
91141;2009;19;
91142;2009;7;
91143;2009;12;
92003;2009;71;
92006;2009;6;
92035;2009;31;
92045;2009;17;
92048;2009;28;
92054;2009;10;
92087;2009;45;
92094;2009;524;
92097;2009;10;
92101;2009;26;
92114;2009;24;
92137;2009;115;
92138;2009;18;
92140;2009;62;
92141;2009;13;
92142;2009;91;
93010;2009;11;
93014;2009;53;
93018;2009;1;
93022;2009;41;
93056;2009;17;
93088;2009;71;
93090;2009;4;
11001;2010;54;
11002;2010;5796;
11004;2010;50;
11005;2010;187;
11007;2010;53;
11008;2010;83;
11009;2010;74;
11013;2010;122;
11016;2010;45;
11018;2010;26;
11021;2010;44;
11022;2010;40;
11023;2010;90;
11024;2010;91;
11025;2010;37;
11029;2010;222;
11030;2010;25;
11035;2010;52;
11037;2010;54;
11038;2010;37;
11039;2010;62;
11040;2010;116;
11044;2010;62;
11050;2010;84;
11052;2010;97;
11053;2010;43;
11054;2010;41;
11055;2010;57;
11056;2010;63;
11057;2010;39;
12002;2010;16;
12005;2010;12;
12007;2010;32;
12009;2010;23;
12014;2010;63;
12021;2010;122;
12025;2010;463;
12026;2010;45;
12029;2010;20;
12030;2010;43;
12034;2010;6;
12035;2010;41;
12040;2010;70;
13001;2010;32;
13002;2010;2;
13003;2010;38;
13004;2010;27;
13006;2010;8;
13008;2010;86;
13010;2010;27;
13011;2010;60;
13012;2010;8;
13013;2010;11;
13014;2010;93;
13016;2010;9;
13017;2010;33;
13019;2010;42;
13021;2010;9;
13023;2010;11;
13025;2010;158;
13029;2010;20;
13031;2010;26;
13035;2010;45;
13036;2010;24;
13037;2010;21;
13040;2010;174;
13044;2010;12;
13046;2010;19;
13049;2010;41;
13053;2010;7;
21001;2010;2621;
21002;2010;316;
21003;2010;239;
21004;2010;8595;
21005;2010;806;
21006;2010;537;
21007;2010;1330;
21008;2010;271;
21009;2010;3320;
21010;2010;638;
21011;2010;293;
21012;2010;1957;
21013;2010;2083;
21014;2010;396;
21015;2010;1429;
21016;2010;1107;
21017;2010;442;
21018;2010;723;
21019;2010;300;
21020;2010;0;
23002;2010;131;
23003;2010;121;
23009;2010;7;
23016;2010;242;
23023;2010;10;
23024;2010;10;
23025;2010;196;
23027;2010;177;
23032;2010;9;
23033;2010;40;
23038;2010;28;
23039;2010;13;
23044;2010;30;
23045;2010;37;
23047;2010;225;
23050;2010;47;
23052;2010;36;
23060;2010;11;
23062;2010;99;
23064;2010;5;
23077;2010;244;
23081;2010;65;
23086;2010;48;
23088;2010;320;
23094;2010;375;
23095;2010;78;
23096;2010;101;
23097;2010;25;
23098;2010;143;
23099;2010;115;
23100;2010;43;
23101;2010;84;
23102;2010;113;
23103;2010;62;
23104;2010;14;
23105;2010;32;
24001;2010;40;
24007;2010;8;
24008;2010;9;
24009;2010;12;
24011;2010;9;
24014;2010;25;
24016;2010;13;
24020;2010;31;
24028;2010;8;
24033;2010;20;
24038;2010;30;
24041;2010;17;
24043;2010;6;
24045;2010;14;
24048;2010;6;
24054;2010;3;
24055;2010;81;
24059;2010;30;
24062;2010;635;
24066;2010;15;
24086;2010;31;
24094;2010;22;
24104;2010;56;
24107;2010;96;
24109;2010;12;
24130;2010;10;
24133;2010;7;
24134;2010;15;
24135;2010;14;
24137;2010;5;
25005;2010;10;
25014;2010;209;
25015;2010;68;
25018;2010;28;
25023;2010;27;
25031;2010;45;
25037;2010;33;
25043;2010;18;
25044;2010;25;
25048;2010;36;
25050;2010;49;
25068;2010;16;
25072;2010;256;
25084;2010;19;
25091;2010;42;
25105;2010;76;
25107;2010;28;
25110;2010;214;
25112;2010;155;
25117;2010;11;
25118;2010;7;
25119;2010;21;
25120;2010;14;
25121;2010;165;
25122;2010;13;
25123;2010;35;
25124;2010;9;
31003;2010;15;
31004;2010;27;
31005;2010;328;
31006;2010;21;
31012;2010;38;
31022;2010;38;
31033;2010;37;
31040;2010;32;
31042;2010;0;
31043;2010;98;
32003;2010;36;
32006;2010;1;
32010;2010;7;
32011;2010;17;
32030;2010;3;
33011;2010;85;
33016;2010;4;
33021;2010;27;
33029;2010;42;
33037;2010;18;
33039;2010;15;
33040;2010;7;
33041;2010;5;
34002;2010;11;
34003;2010;7;
34009;2010;23;
34013;2010;37;
34022;2010;319;
34023;2010;18;
34025;2010;5;
34027;2010;158;
34040;2010;49;
34041;2010;89;
34042;2010;17;
34043;2010;6;
35002;2010;58;
35005;2010;15;
35006;2010;20;
35011;2010;64;
35013;2010;775;
35014;2010;23;
35029;2010;33;
36006;2010;7;
36007;2010;7;
36008;2010;35;
36010;2010;12;
36011;2010;13;
36012;2010;17;
36015;2010;151;
36019;2010;16;
37002;2010;5;
37007;2010;6;
37010;2010;6;
37011;2010;14;
37012;2010;6;
37015;2010;18;
37017;2010;16;
37018;2010;10;
37020;2010;11;
38002;2010;11;
38008;2010;35;
38014;2010;37;
38016;2010;31;
38025;2010;20;
41002;2010;141;
41011;2010;30;
41018;2010;87;
41024;2010;11;
41027;2010;10;
41034;2010;13;
41048;2010;88;
41063;2010;4;
41081;2010;36;
41082;2010;22;
42003;2010;17;
42004;2010;17;
42006;2010;69;
42008;2010;47;
42010;2010;28;
42011;2010;24;
42023;2010;35;
42025;2010;42;
42026;2010;9;
42028;2010;15;
43002;2010;8;
43005;2010;36;
43007;2010;2;
43010;2010;35;
43014;2010;2;
43018;2010;19;
44001;2010;14;
44011;2010;55;
44012;2010;5;
44013;2010;29;
44019;2010;36;
44020;2010;13;
44021;2010;1898;
44029;2010;4;
44034;2010;12;
44036;2010;14;
44040;2010;17;
44043;2010;32;
44045;2010;5;
44048;2010;39;
44049;2010;10;
44052;2010;7;
44064;2010;12;
44072;2010;6;
44073;2010;3;
44080;2010;13;
44081;2010;14;
45017;2010;16;
45035;2010;42;
45041;2010;103;
45057;2010;5;
45059;2010;10;
45060;2010;13;
45061;2010;4;
45062;2010;1;
45063;2010;10;
45064;2010;1;
45065;2010;10;
46003;2010;59;
46013;2010;38;
46014;2010;57;
46020;2010;13;
46021;2010;133;
46024;2010;18;
46025;2010;104;
51004;2010;179;
51008;2010;89;
51009;2010;61;
51012;2010;13;
51014;2010;16;
51017;2010;9;
51019;2010;10;
51065;2010;27;
52010;2010;79;
52011;2010;4884;
52012;2010;193;
52015;2010;218;
52018;2010;35;
52021;2010;106;
52022;2010;73;
52025;2010;78;
52043;2010;188;
52048;2010;104;
52055;2010;115;
52063;2010;102;
52074;2010;20;
52075;2010;24;
53014;2010;113;
53020;2010;142;
53028;2010;91;
53039;2010;36;
53044;2010;24;
53046;2010;15;
53053;2010;2611;
53065;2010;77;
53068;2010;45;
53070;2010;133;
53082;2010;100;
53083;2010;13;
53084;2010;64;
54007;2010;635;
54010;2010;69;
55004;2010;60;
55010;2010;23;
55022;2010;668;
55023;2010;62;
55035;2010;61;
55039;2010;21;
55040;2010;56;
55050;2010;44;
56001;2010;59;
56005;2010;49;
56011;2010;114;
56016;2010;23;
56022;2010;57;
56029;2010;15;
56044;2010;39;
56049;2010;20;
56051;2010;21;
56078;2010;95;
56085;2010;20;
56086;2010;92;
56087;2010;125;
56088;2010;6;
57003;2010;23;
57018;2010;11;
57027;2010;57;
57062;2010;35;
57064;2010;160;
57072;2010;15;
57081;2010;724;
57093;2010;14;
57094;2010;57;
57095;2010;5;
61003;2010;39;
61010;2010;8;
61012;2010;2;
61019;2010;19;
61024;2010;3;
61028;2010;23;
61031;2010;60;
61039;2010;8;
61041;2010;5;
61043;2010;23;
61048;2010;7;
61063;2010;10;
61068;2010;28;
61072;2010;47;
61079;2010;4;
61080;2010;17;
61081;2010;2;
62003;2010;138;
62006;2010;43;
62009;2010;23;
62011;2010;5;
62015;2010;43;
62022;2010;60;
62026;2010;25;
62027;2010;16;
62032;2010;65;
62038;2010;81;
62051;2010;327;
62060;2010;23;
62063;2010;6208;
62079;2010;74;
62093;2010;106;
62096;2010;627;
62099;2010;78;
62100;2010;38;
62108;2010;76;
62118;2010;85;
62119;2010;45;
62120;2010;113;
62121;2010;25;
62122;2010;17;
63001;2010;1;
63003;2010;12;
63004;2010;8;
63012;2010;5;
63013;2010;8;
63020;2010;57;
63023;2010;37;
63035;2010;65;
63038;2010;14;
63040;2010;10;
63045;2010;3;
63046;2010;13;
63048;2010;8;
63049;2010;16;
63057;2010;9;
63058;2010;21;
63061;2010;20;
63067;2010;3;
63072;2010;47;
63073;2010;15;
63075;2010;3;
63076;2010;27;
63079;2010;495;
63080;2010;10;
63084;2010;21;
63086;2010;3;
63087;2010;5;
63088;2010;14;
63089;2010;10;
64008;2010;2;
64015;2010;20;
64021;2010;8;
64023;2010;14;
64025;2010;14;
64029;2010;4;
64034;2010;37;
64047;2010;5;
64056;2010;10;
64063;2010;11;
64065;2010;21;
64074;2010;87;
64075;2010;4;
64076;2010;8;
71002;2010;8;
71004;2010;44;
71011;2010;23;
71016;2010;117;
71017;2010;8;
71020;2010;9;
71022;2010;313;
71024;2010;7;
71034;2010;28;
71037;2010;26;
71045;2010;10;
71047;2010;7;
71053;2010;156;
71057;2010;27;
71066;2010;42;
71067;2010;11;
71069;2010;25;
71070;2010;63;
72003;2010;12;
72004;2010;17;
72018;2010;58;
72020;2010;103;
72021;2010;34;
72025;2010;18;
72029;2010;29;
72030;2010;33;
72037;2010;51;
72038;2010;16;
72039;2010;109;
72040;2010;9;
72041;2010;26;
73001;2010;12;
73006;2010;49;
73009;2010;12;
73022;2010;15;
73028;2010;0;
73032;2010;8;
73040;2010;4;
73042;2010;29;
73066;2010;25;
73083;2010;58;
73098;2010;7;
73107;2010;130;
73109;2010;3;
81001;2010;133;
81003;2010;3;
81004;2010;87;
81013;2010;4;
81015;2010;35;
82003;2010;43;
82005;2010;2;
82009;2010;4;
82014;2010;12;
82032;2010;20;
82036;2010;3;
82037;2010;4;
82038;2010;0;
83012;2010;60;
83013;2010;6;
83028;2010;18;
83031;2010;13;
83034;2010;89;
83040;2010;13;
83044;2010;3;
83049;2010;4;
83055;2010;7;
84009;2010;16;
84010;2010;18;
84016;2010;1;
84029;2010;1;
84033;2010;5;
84035;2010;10;
84043;2010;30;
84050;2010;11;
84059;2010;17;
84068;2010;10;
84075;2010;5;
84077;2010;29;
85007;2010;10;
85009;2010;7;
85011;2010;11;
85024;2010;5;
85026;2010;8;
85034;2010;17;
85039;2010;4;
85045;2010;56;
85046;2010;19;
85047;2010;4;
91005;2010;14;
91013;2010;29;
91015;2010;7;
91030;2010;45;
91034;2010;94;
91054;2010;2;
91059;2010;8;
91064;2010;7;
91072;2010;42;
91103;2010;3;
91114;2010;43;
91120;2010;10;
91141;2010;20;
91142;2010;14;
91143;2010;2;
92003;2010;107;
92006;2010;10;
92035;2010;66;
92045;2010;33;
92048;2010;31;
92054;2010;14;
92087;2010;42;
92094;2010;686;
92097;2010;14;
92101;2010;30;
92114;2010;36;
92137;2010;114;
92138;2010;10;
92140;2010;103;
92141;2010;26;
92142;2010;168;
93010;2010;14;
93014;2010;61;
93018;2010;2;
93022;2010;33;
93056;2010;20;
93088;2010;92;
93090;2010;10;
11001;2011;43;
11002;2011;6395;
11004;2011;46;
11005;2011;126;
11007;2011;28;
11008;2011;136;
11009;2011;124;
11013;2011;75;
11016;2011;41;
11018;2011;29;
11021;2011;38;
11022;2011;21;
11023;2011;60;
11024;2011;101;
11025;2011;12;
11029;2011;100;
11030;2011;16;
11035;2011;89;
11037;2011;58;
11038;2011;18;
11039;2011;79;
11040;2011;142;
11044;2011;57;
11050;2011;50;
11052;2011;68;
11053;2011;60;
11054;2011;39;
11055;2011;47;
11056;2011;49;
11057;2011;32;
12002;2011;10;
12005;2011;19;
12007;2011;21;
12009;2011;29;
12014;2011;45;
12021;2011;93;
12025;2011;330;
12026;2011;27;
12029;2011;4;
12030;2011;29;
12034;2011;7;
12035;2011;35;
12040;2011;83;
13001;2011;36;
13002;2011;2;
13003;2011;26;
13004;2011;40;
13006;2011;15;
13008;2011;53;
13010;2011;27;
13011;2011;59;
13012;2011;6;
13013;2011;7;
13014;2011;80;
13016;2011;8;
13017;2011;18;
13019;2011;55;
13021;2011;6;
13023;2011;10;
13025;2011;105;
13029;2011;17;
13031;2011;14;
13035;2011;26;
13036;2011;15;
13037;2011;14;
13040;2011;113;
13044;2011;16;
13046;2011;27;
13049;2011;33;
13053;2011;19;
21001;2011;2721;
21002;2011;489;
21003;2011;392;
21004;2011;9501;
21005;2011;649;
21006;2011;485;
21007;2011;1169;
21008;2011;377;
21009;2011;3357;
21010;2011;1000;
21011;2011;423;
21012;2011;2052;
21013;2011;2389;
21014;2011;607;
21015;2011;1615;
21016;2011;1236;
21017;2011;597;
21018;2011;632;
21019;2011;305;
21020;2011;0;
23002;2011;160;
23003;2011;160;
23009;2011;1;
23016;2011;319;
23023;2011;13;
23024;2011;6;
23025;2011;231;
23027;2011;223;
23032;2011;6;
23033;2011;44;
23038;2011;32;
23039;2011;13;
23044;2011;41;
23045;2011;36;
23047;2011;194;
23050;2011;74;
23052;2011;35;
23060;2011;24;
23062;2011;138;
23064;2011;6;
23077;2011;345;
23081;2011;49;
23086;2011;80;
23088;2011;438;
23094;2011;292;
23095;2011;23;
23096;2011;90;
23097;2011;29;
23098;2011;160;
23099;2011;75;
23100;2011;30;
23101;2011;65;
23102;2011;175;
23103;2011;61;
23104;2011;25;
23105;2011;59;
24001;2011;42;
24007;2011;12;
24008;2011;9;
24009;2011;42;
24011;2011;19;
24014;2011;21;
24016;2011;41;
24020;2011;25;
24028;2011;6;
24033;2011;18;
24038;2011;32;
24041;2011;12;
24043;2011;3;
24045;2011;6;
24048;2011;12;
24054;2011;8;
24055;2011;73;
24059;2011;33;
24062;2011;776;
24066;2011;13;
24086;2011;29;
24094;2011;27;
24104;2011;116;
24107;2011;76;
24109;2011;34;
24130;2011;15;
24133;2011;4;
24134;2011;15;
24135;2011;16;
24137;2011;4;
25005;2011;17;
25014;2011;174;
25015;2011;66;
25018;2011;31;
25023;2011;25;
25031;2011;55;
25037;2011;35;
25043;2011;20;
25044;2011;16;
25048;2011;39;
25050;2011;32;
25068;2011;20;
25072;2011;270;
25084;2011;17;
25091;2011;70;
25105;2011;85;
25107;2011;26;
25110;2011;223;
25112;2011;146;
25117;2011;16;
25118;2011;15;
25119;2011;28;
25120;2011;7;
25121;2011;213;
25122;2011;6;
25123;2011;23;
25124;2011;15;
31003;2011;32;
31004;2011;58;
31005;2011;380;
31006;2011;15;
31012;2011;47;
31022;2011;42;
31033;2011;23;
31040;2011;29;
31042;2011;5;
31043;2011;114;
32003;2011;21;
32006;2011;11;
32010;2011;6;
32011;2011;8;
32030;2011;3;
33011;2011;68;
33016;2011;2;
33021;2011;10;
33029;2011;43;
33037;2011;12;
33039;2011;18;
33040;2011;9;
33041;2011;5;
34002;2011;12;
34003;2011;14;
34009;2011;17;
34013;2011;63;
34022;2011;491;
34023;2011;23;
34025;2011;4;
34027;2011;266;
34040;2011;45;
34041;2011;117;
34042;2011;38;
34043;2011;13;
35002;2011;105;
35005;2011;30;
35006;2011;18;
35011;2011;74;
35013;2011;1087;
35014;2011;35;
35029;2011;63;
36006;2011;4;
36007;2011;7;
36008;2011;54;
36010;2011;22;
36011;2011;2;
36012;2011;24;
36015;2011;167;
36019;2011;9;
37002;2011;4;
37007;2011;10;
37010;2011;7;
37011;2011;9;
37012;2011;5;
37015;2011;30;
37017;2011;11;
37018;2011;21;
37020;2011;13;
38002;2011;4;
38008;2011;73;
38014;2011;63;
38016;2011;52;
38025;2011;15;
41002;2011;259;
41011;2011;79;
41018;2011;101;
41024;2011;54;
41027;2011;20;
41034;2011;21;
41048;2011;123;
41063;2011;7;
41081;2011;70;
41082;2011;40;
42003;2011;13;
42004;2011;9;
42006;2011;47;
42008;2011;25;
42010;2011;25;
42011;2011;25;
42023;2011;41;
42025;2011;52;
42026;2011;9;
42028;2011;35;
43002;2011;10;
43005;2011;56;
43007;2011;7;
43010;2011;23;
43014;2011;6;
43018;2011;12;
44001;2011;31;
44011;2011;51;
44012;2011;21;
44013;2011;34;
44019;2011;37;
44020;2011;9;
44021;2011;2675;
44029;2011;8;
44034;2011;49;
44036;2011;17;
44040;2011;20;
44043;2011;41;
44045;2011;5;
44048;2011;57;
44049;2011;28;
44052;2011;10;
44064;2011;14;
44072;2011;13;
44073;2011;6;
44080;2011;17;
44081;2011;11;
45017;2011;18;
45035;2011;87;
45041;2011;81;
45057;2011;4;
45059;2011;10;
45060;2011;22;
45061;2011;7;
45062;2011;1;
45063;2011;11;
45064;2011;3;
45065;2011;8;
46003;2011;65;
46013;2011;32;
46014;2011;55;
46020;2011;15;
46021;2011;140;
46024;2011;11;
46025;2011;63;
51004;2011;111;
51008;2011;75;
51009;2011;59;
51012;2011;14;
51014;2011;14;
51017;2011;5;
51019;2011;4;
51065;2011;12;
52010;2011;111;
52011;2011;3986;
52012;2011;253;
52015;2011;161;
52018;2011;36;
52021;2011;110;
52022;2011;70;
52025;2011;61;
52043;2011;161;
52048;2011;55;
52055;2011;65;
52063;2011;122;
52074;2011;37;
52075;2011;38;
53014;2011;134;
53020;2011;106;
53028;2011;92;
53039;2011;43;
53044;2011;28;
53046;2011;5;
53053;2011;1963;
53065;2011;53;
53068;2011;55;
53070;2011;170;
53082;2011;82;
53083;2011;21;
53084;2011;84;
54007;2011;736;
54010;2011;81;
55004;2011;64;
55010;2011;32;
55022;2011;670;
55023;2011;51;
55035;2011;81;
55039;2011;32;
55040;2011;96;
55050;2011;26;
56001;2011;47;
56005;2011;30;
56011;2011;108;
56016;2011;27;
56022;2011;79;
56029;2011;14;
56044;2011;19;
56049;2011;10;
56051;2011;18;
56078;2011;48;
56085;2011;28;
56086;2011;54;
56087;2011;112;
56088;2011;7;
57003;2011;25;
57018;2011;8;
57027;2011;63;
57062;2011;40;
57064;2011;92;
57072;2011;25;
57081;2011;755;
57093;2011;11;
57094;2011;31;
57095;2011;3;
61003;2011;54;
61010;2011;7;
61012;2011;6;
61019;2011;15;
61024;2011;6;
61028;2011;10;
61031;2011;79;
61039;2011;5;
61041;2011;16;
61043;2011;39;
61048;2011;10;
61063;2011;13;
61068;2011;21;
61072;2011;36;
61079;2011;9;
61080;2011;33;
61081;2011;8;
62003;2011;148;
62006;2011;41;
62009;2011;31;
62011;2011;13;
62015;2011;47;
62022;2011;42;
62026;2011;7;
62027;2011;11;
62032;2011;90;
62038;2011;81;
62051;2011;304;
62060;2011;23;
62063;2011;6462;
62079;2011;93;
62093;2011;114;
62096;2011;774;
62099;2011;78;
62100;2011;33;
62108;2011;94;
62118;2011;91;
62119;2011;25;
62120;2011;130;
62121;2011;56;
62122;2011;23;
63001;2011;4;
63003;2011;18;
63004;2011;26;
63012;2011;2;
63013;2011;23;
63020;2011;54;
63023;2011;60;
63035;2011;36;
63038;2011;28;
63040;2011;14;
63045;2011;6;
63046;2011;18;
63048;2011;20;
63049;2011;24;
63057;2011;5;
63058;2011;23;
63061;2011;7;
63067;2011;10;
63072;2011;38;
63073;2011;16;
63075;2011;4;
63076;2011;27;
63079;2011;388;
63080;2011;23;
63084;2011;37;
63086;2011;3;
63087;2011;9;
63088;2011;12;
63089;2011;11;
64008;2011;4;
64015;2011;23;
64021;2011;19;
64023;2011;8;
64025;2011;4;
64029;2011;4;
64034;2011;35;
64047;2011;11;
64056;2011;6;
64063;2011;6;
64065;2011;21;
64074;2011;78;
64075;2011;8;
64076;2011;6;
71002;2011;5;
71004;2011;46;
71011;2011;40;
71016;2011;112;
71017;2011;13;
71020;2011;7;
71022;2011;450;
71024;2011;14;
71034;2011;11;
71037;2011;26;
71045;2011;9;
71047;2011;10;
71053;2011;166;
71057;2011;44;
71066;2011;36;
71067;2011;4;
71069;2011;18;
71070;2011;58;
72003;2011;6;
72004;2011;25;
72018;2011;31;
72020;2011;101;
72021;2011;27;
72025;2011;23;
72029;2011;16;
72030;2011;18;
72037;2011;26;
72038;2011;23;
72039;2011;79;
72040;2011;10;
72041;2011;23;
73001;2011;21;
73006;2011;47;
73009;2011;12;
73022;2011;14;
73028;2011;0;
73032;2011;15;
73040;2011;16;
73042;2011;59;
73066;2011;40;
73083;2011;92;
73098;2011;8;
73107;2011;155;
73109;2011;6;
81001;2011;141;
81003;2011;4;
81004;2011;147;
81013;2011;3;
81015;2011;45;
82003;2011;43;
82005;2011;2;
82009;2011;2;
82014;2011;12;
82032;2011;16;
82036;2011;8;
82037;2011;11;
82038;2011;4;
83012;2011;59;
83013;2011;7;
83028;2011;19;
83031;2011;27;
83034;2011;90;
83040;2011;9;
83044;2011;11;
83049;2011;5;
83055;2011;12;
84009;2011;29;
84010;2011;13;
84016;2011;0;
84029;2011;5;
84033;2011;6;
84035;2011;10;
84043;2011;17;
84050;2011;6;
84059;2011;14;
84068;2011;10;
84075;2011;9;
84077;2011;25;
85007;2011;8;
85009;2011;11;
85011;2011;12;
85024;2011;4;
85026;2011;21;
85034;2011;8;
85039;2011;6;
85045;2011;51;
85046;2011;44;
85047;2011;12;
91005;2011;19;
91013;2011;31;
91015;2011;7;
91030;2011;66;
91034;2011;53;
91054;2011;8;
91059;2011;18;
91064;2011;16;
91072;2011;31;
91103;2011;5;
91114;2011;82;
91120;2011;12;
91141;2011;32;
91142;2011;12;
91143;2011;9;
92003;2011;94;
92006;2011;14;
92035;2011;37;
92045;2011;37;
92048;2011;33;
92054;2011;7;
92087;2011;44;
92094;2011;782;
92097;2011;3;
92101;2011;28;
92114;2011;58;
92137;2011;92;
92138;2011;24;
92140;2011;95;
92141;2011;23;
92142;2011;109;
93010;2011;11;
93014;2011;41;
93018;2011;4;
93022;2011;37;
93056;2011;27;
93088;2011;69;
93090;2011;12;
11001;2012;53;
11002;2012;7097;
11004;2012;29;
11005;2012;122;
11007;2012;46;
11008;2012;98;
11009;2012;74;
11013;2012;72;
11016;2012;44;
11018;2012;21;
11021;2012;24;
11022;2012;21;
11023;2012;46;
11024;2012;145;
11025;2012;15;
11029;2012;124;
11030;2012;31;
11035;2012;95;
11037;2012;97;
11038;2012;23;
11039;2012;28;
11040;2012;114;
11044;2012;31;
11050;2012;63;
11052;2012;69;
11053;2012;19;
11054;2012;35;
11055;2012;30;
11056;2012;76;
11057;2012;27;
12002;2012;11;
12005;2012;12;
12007;2012;38;
12009;2012;18;
12014;2012;53;
12021;2012;103;
12025;2012;378;
12026;2012;13;
12029;2012;11;
12030;2012;23;
12034;2012;9;
12035;2012;29;
12040;2012;60;
13001;2012;23;
13002;2012;2;
13003;2012;27;
13004;2012;24;
13006;2012;10;
13008;2012;76;
13010;2012;24;
13011;2012;65;
13012;2012;13;
13013;2012;21;
13014;2012;91;
13016;2012;13;
13017;2012;26;
13019;2012;58;
13021;2012;15;
13023;2012;12;
13025;2012;72;
13029;2012;16;
13031;2012;12;
13035;2012;24;
13036;2012;18;
13037;2012;18;
13040;2012;146;
13044;2012;17;
13046;2012;13;
13049;2012;39;
13053;2012;26;
21001;2012;2146;
21002;2012;407;
21003;2012;286;
21004;2012;7834;
21005;2012;585;
21006;2012;354;
21007;2012;1014;
21008;2012;265;
21009;2012;2849;
21010;2012;706;
21011;2012;291;
21012;2012;1415;
21013;2012;2265;
21014;2012;408;
21015;2012;1300;
21016;2012;980;
21017;2012;343;
21018;2012;501;
21019;2012;232;
21020;2012;2;
23002;2012;133;
23003;2012;106;
23009;2012;4;
23016;2012;408;
23023;2012;13;
23024;2012;12;
23025;2012;229;
23027;2012;217;
23032;2012;12;
23033;2012;39;
23038;2012;20;
23039;2012;9;
23044;2012;41;
23045;2012;46;
23047;2012;129;
23050;2012;55;
23052;2012;16;
23060;2012;22;
23062;2012;99;
23064;2012;9;
23077;2012;256;
23081;2012;48;
23086;2012;44;
23088;2012;466;
23094;2012;288;
23095;2012;72;
23096;2012;76;
23097;2012;27;
23098;2012;105;
23099;2012;90;
23100;2012;35;
23101;2012;83;
23102;2012;124;
23103;2012;57;
23104;2012;29;
23105;2012;58;
24001;2012;46;
24007;2012;18;
24008;2012;18;
24009;2012;40;
24011;2012;16;
24014;2012;23;
24016;2012;11;
24020;2012;40;
24028;2012;6;
24033;2012;24;
24038;2012;71;
24041;2012;10;
24043;2012;16;
24045;2012;16;
24048;2012;12;
24054;2012;5;
24055;2012;81;
24059;2012;31;
24062;2012;856;
24066;2012;10;
24086;2012;41;
24094;2012;38;
24104;2012;80;
24107;2012;55;
24109;2012;6;
24130;2012;11;
24133;2012;9;
24134;2012;27;
24135;2012;15;
24137;2012;5;
25005;2012;10;
25014;2012;185;
25015;2012;62;
25018;2012;13;
25023;2012;25;
25031;2012;50;
25037;2012;34;
25043;2012;13;
25044;2012;21;
25048;2012;27;
25050;2012;36;
25068;2012;19;
25072;2012;167;
25084;2012;18;
25091;2012;56;
25105;2012;84;
25107;2012;22;
25110;2012;328;
25112;2012;159;
25117;2012;13;
25118;2012;8;
25119;2012;28;
25120;2012;7;
25121;2012;198;
25122;2012;7;
25123;2012;16;
25124;2012;13;
31003;2012;29;
31004;2012;31;
31005;2012;346;
31006;2012;14;
31012;2012;71;
31022;2012;36;
31033;2012;27;
31040;2012;40;
31042;2012;5;
31043;2012;93;
32003;2012;25;
32006;2012;11;
32010;2012;10;
32011;2012;9;
32030;2012;5;
33011;2012;56;
33016;2012;1;
33021;2012;25;
33029;2012;51;
33037;2012;21;
33039;2012;17;
33040;2012;11;
33041;2012;3;
34002;2012;22;
34003;2012;28;
34009;2012;40;
34013;2012;64;
34022;2012;359;
34023;2012;47;
34025;2012;7;
34027;2012;274;
34040;2012;64;
34041;2012;108;
34042;2012;43;
34043;2012;6;
35002;2012;61;
35005;2012;42;
35006;2012;35;
35011;2012;86;
35013;2012;663;
35014;2012;53;
35029;2012;52;
36006;2012;14;
36007;2012;25;
36008;2012;66;
36010;2012;12;
36011;2012;6;
36012;2012;21;
36015;2012;134;
36019;2012;14;
37002;2012;6;
37007;2012;8;
37010;2012;11;
37011;2012;6;
37012;2012;10;
37015;2012;44;
37017;2012;11;
37018;2012;18;
37020;2012;11;
38002;2012;7;
38008;2012;66;
38014;2012;76;
38016;2012;45;
38025;2012;26;
41002;2012;181;
41011;2012;27;
41018;2012;82;
41024;2012;23;
41027;2012;23;
41034;2012;19;
41048;2012;106;
41063;2012;12;
41081;2012;42;
41082;2012;48;
42003;2012;14;
42004;2012;21;
42006;2012;102;
42008;2012;28;
42010;2012;40;
42011;2012;24;
42023;2012;53;
42025;2012;62;
42026;2012;4;
42028;2012;23;
43002;2012;15;
43005;2012;46;
43007;2012;8;
43010;2012;32;
43014;2012;7;
43018;2012;21;
44001;2012;50;
44011;2012;55;
44012;2012;10;
44013;2012;35;
44019;2012;53;
44020;2012;13;
44021;2012;2084;
44029;2012;14;
44034;2012;30;
44036;2012;12;
44040;2012;25;
44043;2012;57;
44045;2012;6;
44048;2012;50;
44049;2012;20;
44052;2012;17;
44064;2012;11;
44072;2012;11;
44073;2012;7;
44080;2012;12;
44081;2012;25;
45017;2012;17;
45035;2012;98;
45041;2012;100;
45057;2012;6;
45059;2012;13;
45060;2012;17;
45061;2012;0;
45062;2012;1;
45063;2012;15;
45064;2012;10;
45065;2012;9;
46003;2012;67;
46013;2012;41;
46014;2012;83;
46020;2012;16;
46021;2012;164;
46024;2012;17;
46025;2012;45;
51004;2012;128;
51008;2012;68;
51009;2012;58;
51012;2012;8;
51014;2012;13;
51017;2012;10;
51019;2012;4;
51065;2012;28;
52010;2012;104;
52011;2012;5195;
52012;2012;200;
52015;2012;162;
52018;2012;39;
52021;2012;111;
52022;2012;56;
52025;2012;52;
52043;2012;218;
52048;2012;52;
52055;2012;77;
52063;2012;142;
52074;2012;39;
52075;2012;20;
53014;2012;103;
53020;2012;70;
53028;2012;148;
53039;2012;65;
53044;2012;57;
53046;2012;18;
53053;2012;1813;
53065;2012;93;
53068;2012;54;
53070;2012;188;
53082;2012;66;
53083;2012;30;
53084;2012;54;
54007;2012;530;
54010;2012;88;
55004;2012;75;
55010;2012;71;
55022;2012;782;
55023;2012;38;
55035;2012;57;
55039;2012;31;
55040;2012;95;
55050;2012;45;
56001;2012;39;
56005;2012;21;
56011;2012;116;
56016;2012;20;
56022;2012;86;
56029;2012;18;
56044;2012;23;
56049;2012;21;
56051;2012;18;
56078;2012;82;
56085;2012;39;
56086;2012;43;
56087;2012;101;
56088;2012;2;
57003;2012;28;
57018;2012;13;
57027;2012;70;
57062;2012;33;
57064;2012;87;
57072;2012;27;
57081;2012;612;
57093;2012;18;
57094;2012;32;
57095;2012;11;
61003;2012;63;
61010;2012;4;
61012;2012;9;
61019;2012;8;
61024;2012;4;
61028;2012;15;
61031;2012;185;
61039;2012;8;
61041;2012;5;
61043;2012;15;
61048;2012;5;
61063;2012;12;
61068;2012;19;
61072;2012;38;
61079;2012;9;
61080;2012;39;
61081;2012;6;
62003;2012;132;
62006;2012;27;
62009;2012;29;
62011;2012;30;
62015;2012;35;
62022;2012;53;
62026;2012;13;
62027;2012;17;
62032;2012;46;
62038;2012;72;
62051;2012;262;
62060;2012;10;
62063;2012;5113;
62079;2012;67;
62093;2012;85;
62096;2012;821;
62099;2012;54;
62100;2012;34;
62108;2012;96;
62118;2012;96;
62119;2012;23;
62120;2012;138;
62121;2012;39;
62122;2012;25;
63001;2012;11;
63003;2012;14;
63004;2012;12;
63012;2012;5;
63013;2012;10;
63020;2012;65;
63023;2012;67;
63035;2012;51;
63038;2012;21;
63040;2012;12;
63045;2012;4;
63046;2012;21;
63048;2012;31;
63049;2012;23;
63057;2012;4;
63058;2012;37;
63061;2012;56;
63067;2012;28;
63072;2012;43;
63073;2012;23;
63075;2012;0;
63076;2012;22;
63079;2012;458;
63080;2012;24;
63084;2012;31;
63086;2012;0;
63087;2012;7;
63088;2012;29;
63089;2012;16;
64008;2012;8;
64015;2012;17;
64021;2012;9;
64023;2012;10;
64025;2012;2;
64029;2012;4;
64034;2012;41;
64047;2012;14;
64056;2012;11;
64063;2012;13;
64065;2012;25;
64074;2012;75;
64075;2012;13;
64076;2012;9;
71002;2012;5;
71004;2012;57;
71011;2012;45;
71016;2012;120;
71017;2012;21;
71020;2012;13;
71022;2012;388;
71024;2012;9;
71034;2012;22;
71037;2012;28;
71045;2012;7;
71047;2012;16;
71053;2012;94;
71057;2012;90;
71066;2012;65;
71067;2012;9;
71069;2012;25;
71070;2012;134;
72003;2012;13;
72004;2012;28;
72018;2012;14;
72020;2012;108;
72021;2012;34;
72025;2012;25;
72029;2012;17;
72030;2012;25;
72037;2012;11;
72038;2012;9;
72039;2012;85;
72040;2012;8;
72041;2012;26;
73001;2012;19;
73006;2012;71;
73009;2012;16;
73022;2012;19;
73028;2012;0;
73032;2012;17;
73040;2012;9;
73042;2012;82;
73066;2012;54;
73083;2012;52;
73098;2012;7;
73107;2012;162;
73109;2012;2;
81001;2012;128;
81003;2012;5;
81004;2012;98;
81013;2012;5;
81015;2012;34;
82003;2012;49;
82005;2012;6;
82009;2012;6;
82014;2012;26;
82032;2012;18;
82036;2012;14;
82037;2012;5;
82038;2012;1;
83012;2012;56;
83013;2012;2;
83028;2012;30;
83031;2012;19;
83034;2012;88;
83040;2012;9;
83044;2012;4;
83049;2012;9;
83055;2012;14;
84009;2012;23;
84010;2012;11;
84016;2012;2;
84029;2012;8;
84033;2012;13;
84035;2012;3;
84043;2012;27;
84050;2012;1;
84059;2012;9;
84068;2012;12;
84075;2012;6;
84077;2012;83;
85007;2012;9;
85009;2012;6;
85011;2012;19;
85024;2012;5;
85026;2012;14;
85034;2012;2;
85039;2012;4;
85045;2012;44;
85046;2012;29;
85047;2012;4;
91005;2012;21;
91013;2012;20;
91015;2012;8;
91030;2012;52;
91034;2012;66;
91054;2012;12;
91059;2012;20;
91064;2012;15;
91072;2012;36;
91103;2012;5;
91114;2012;49;
91120;2012;9;
91141;2012;24;
91142;2012;21;
91143;2012;8;
92003;2012;99;
92006;2012;4;
92035;2012;73;
92045;2012;45;
92048;2012;43;
92054;2012;26;
92087;2012;38;
92094;2012;783;
92097;2012;11;
92101;2012;21;
92114;2012;34;
92137;2012;103;
92138;2012;26;
92140;2012;180;
92141;2012;45;
92142;2012;87;
93010;2012;8;
93014;2012;49;
93018;2012;2;
93022;2012;28;
93056;2012;63;
93088;2012;55;
93090;2012;12;
11001;2013;31;
11002;2013;7639;
11004;2013;14;
11005;2013;86;
11007;2013;53;
11008;2013;66;
11009;2013;53;
11013;2013;53;
11016;2013;36;
11018;2013;20;
11021;2013;17;
11022;2013;51;
11023;2013;67;
11024;2013;86;
11025;2013;12;
11029;2013;80;
11030;2013;22;
11035;2013;60;
11037;2013;55;
11038;2013;13;
11039;2013;27;
11040;2013;90;
11044;2013;44;
11050;2013;41;
11052;2013;55;
11053;2013;44;
11054;2013;22;
11055;2013;35;
11056;2013;37;
11057;2013;25;
12002;2013;8;
12005;2013;14;
12007;2013;21;
12009;2013;19;
12014;2013;49;
12021;2013;59;
12025;2013;364;
12026;2013;23;
12029;2013;12;
12030;2013;30;
12034;2013;3;
12035;2013;22;
12040;2013;102;
13001;2013;17;
13002;2013;3;
13003;2013;18;
13004;2013;23;
13006;2013;11;
13008;2013;58;
13010;2013;23;
13011;2013;67;
13012;2013;15;
13013;2013;15;
13014;2013;62;
13016;2013;11;
13017;2013;32;
13019;2013;61;
13021;2013;4;
13023;2013;2;
13025;2013;64;
13029;2013;22;
13031;2013;15;
13035;2013;15;
13036;2013;22;
13037;2013;19;
13040;2013;137;
13044;2013;8;
13046;2013;15;
13049;2013;25;
13053;2013;16;
21001;2013;1741;
21002;2013;349;
21003;2013;218;
21004;2013;6319;
21005;2013;507;
21006;2013;434;
21007;2013;804;
21008;2013;203;
21009;2013;2107;
21010;2013;578;
21011;2013;243;
21012;2013;1291;
21013;2013;1368;
21014;2013;464;
21015;2013;1229;
21016;2013;784;
21017;2013;286;
21018;2013;462;
21019;2013;210;
21020;2013;0;
23002;2013;216;
23003;2013;122;
23009;2013;5;
23016;2013;402;
23023;2013;14;
23024;2013;6;
23025;2013;221;
23027;2013;150;
23032;2013;14;
23033;2013;42;
23038;2013;14;
23039;2013;12;
23044;2013;28;
23045;2013;21;
23047;2013;102;
23050;2013;89;
23052;2013;19;
23060;2013;18;
23062;2013;60;
23064;2013;7;
23077;2013;270;
23081;2013;46;
23086;2013;53;
23088;2013;243;
23094;2013;284;
23095;2013;29;
23096;2013;65;
23097;2013;29;
23098;2013;136;
23099;2013;72;
23100;2013;42;
23101;2013;50;
23102;2013;87;
23103;2013;83;
23104;2013;24;
23105;2013;71;
24001;2013;27;
24007;2013;6;
24008;2013;14;
24009;2013;18;
24011;2013;11;
24014;2013;11;
24016;2013;7;
24020;2013;47;
24028;2013;12;
24033;2013;18;
24038;2013;71;
24041;2013;11;
24043;2013;13;
24045;2013;8;
24048;2013;16;
24054;2013;4;
24055;2013;98;
24059;2013;23;
24062;2013;721;
24066;2013;15;
24086;2013;36;
24094;2013;37;
24104;2013;67;
24107;2013;58;
24109;2013;14;
24130;2013;5;
24133;2013;7;
24134;2013;22;
24135;2013;14;
24137;2013;2;
25005;2013;15;
25014;2013;122;
25015;2013;40;
25018;2013;33;
25023;2013;19;
25031;2013;59;
25037;2013;32;
25043;2013;13;
25044;2013;13;
25048;2013;26;
25050;2013;31;
25068;2013;18;
25072;2013;151;
25084;2013;17;
25091;2013;96;
25105;2013;55;
25107;2013;29;
25110;2013;201;
25112;2013;106;
25117;2013;9;
25118;2013;4;
25119;2013;30;
25120;2013;6;
25121;2013;147;
25122;2013;11;
25123;2013;31;
25124;2013;23;
31003;2013;20;
31004;2013;51;
31005;2013;332;
31006;2013;17;
31012;2013;49;
31022;2013;52;
31033;2013;40;
31040;2013;32;
31042;2013;7;
31043;2013;101;
32003;2013;12;
32006;2013;10;
32010;2013;9;
32011;2013;8;
32030;2013;0;
33011;2013;48;
33016;2013;2;
33021;2013;18;
33029;2013;33;
33037;2013;16;
33039;2013;5;
33040;2013;12;
33041;2013;0;
34002;2013;15;
34003;2013;12;
34009;2013;13;
34013;2013;35;
34022;2013;219;
34023;2013;29;
34025;2013;2;
34027;2013;200;
34040;2013;76;
34041;2013;66;
34042;2013;41;
34043;2013;5;
35002;2013;38;
35005;2013;11;
35006;2013;17;
35011;2013;77;
35013;2013;433;
35014;2013;15;
35029;2013;55;
36006;2013;7;
36007;2013;12;
36008;2013;42;
36010;2013;13;
36011;2013;23;
36012;2013;10;
36015;2013;129;
36019;2013;4;
37002;2013;6;
37007;2013;9;
37010;2013;5;
37011;2013;8;
37012;2013;7;
37015;2013;27;
37017;2013;10;
37018;2013;13;
37020;2013;21;
38002;2013;5;
38008;2013;54;
38014;2013;53;
38016;2013;35;
38025;2013;34;
41002;2013;169;
41011;2013;31;
41018;2013;74;
41024;2013;27;
41027;2013;19;
41034;2013;14;
41048;2013;102;
41063;2013;16;
41081;2013;33;
41082;2013;30;
42003;2013;17;
42004;2013;11;
42006;2013;71;
42008;2013;37;
42010;2013;45;
42011;2013;20;
42023;2013;48;
42025;2013;52;
42026;2013;10;
42028;2013;44;
43002;2013;10;
43005;2013;26;
43007;2013;6;
43010;2013;14;
43014;2013;3;
43018;2013;17;
44001;2013;28;
44011;2013;66;
44012;2013;17;
44013;2013;33;
44019;2013;33;
44020;2013;15;
44021;2013;1677;
44029;2013;8;
44034;2013;30;
44036;2013;8;
44040;2013;28;
44043;2013;54;
44045;2013;13;
44048;2013;48;
44049;2013;25;
44052;2013;9;
44064;2013;16;
44072;2013;11;
44073;2013;6;
44080;2013;13;
44081;2013;13;
45017;2013;13;
45035;2013;52;
45041;2013;78;
45057;2013;5;
45059;2013;25;
45060;2013;5;
45061;2013;6;
45062;2013;3;
45063;2013;6;
45064;2013;5;
45065;2013;12;
46003;2013;106;
46013;2013;34;
46014;2013;83;
46020;2013;29;
46021;2013;156;
46024;2013;30;
46025;2013;51;
51004;2013;107;
51008;2013;66;
51009;2013;44;
51012;2013;13;
51014;2013;13;
51017;2013;6;
51019;2013;4;
51065;2013;20;
52010;2013;75;
52011;2013;4245;
52012;2013;212;
52015;2013;157;
52018;2013;42;
52021;2013;86;
52022;2013;84;
52025;2013;53;
52043;2013;159;
52048;2013;64;
52055;2013;109;
52063;2013;70;
52074;2013;36;
52075;2013;39;
53014;2013;110;
53020;2013;66;
53028;2013;135;
53039;2013;40;
53044;2013;64;
53046;2013;9;
53053;2013;1758;
53065;2013;59;
53068;2013;47;
53070;2013;228;
53082;2013;50;
53083;2013;9;
53084;2013;51;
54007;2013;463;
54010;2013;84;
55004;2013;93;
55010;2013;45;
55022;2013;510;
55023;2013;73;
55035;2013;131;
55039;2013;44;
55040;2013;109;
55050;2013;28;
56001;2013;32;
56005;2013;33;
56011;2013;124;
56016;2013;17;
56022;2013;55;
56029;2013;27;
56044;2013;33;
56049;2013;28;
56051;2013;13;
56078;2013;76;
56085;2013;45;
56086;2013;63;
56087;2013;89;
56088;2013;12;
57003;2013;31;
57018;2013;4;
57027;2013;90;
57062;2013;22;
57064;2013;71;
57072;2013;30;
57081;2013;665;
57093;2013;22;
57094;2013;22;
57095;2013;6;
61003;2013;69;
61010;2013;1;
61012;2013;6;
61019;2013;8;
61024;2013;14;
61028;2013;13;
61031;2013;172;
61039;2013;17;
61041;2013;9;
61043;2013;19;
61048;2013;2;
61063;2013;17;
61068;2013;15;
61072;2013;34;
61079;2013;6;
61080;2013;23;
61081;2013;2;
62003;2013;94;
62006;2013;27;
62009;2013;34;
62011;2013;18;
62015;2013;27;
62022;2013;52;
62026;2013;16;
62027;2013;11;
62032;2013;65;
62038;2013;41;
62051;2013;217;
62060;2013;15;
62063;2013;4747;
62079;2013;51;
62093;2013;105;
62096;2013;784;
62099;2013;39;
62100;2013;37;
62108;2013;57;
62118;2013;100;
62119;2013;17;
62120;2013;121;
62121;2013;36;
62122;2013;9;
63001;2013;3;
63003;2013;12;
63004;2013;10;
63012;2013;3;
63013;2013;1;
63020;2013;83;
63023;2013;34;
63035;2013;35;
63038;2013;12;
63040;2013;17;
63045;2013;1;
63046;2013;21;
63048;2013;15;
63049;2013;17;
63057;2013;4;
63058;2013;18;
63061;2013;12;
63067;2013;16;
63072;2013;50;
63073;2013;17;
63075;2013;6;
63076;2013;30;
63079;2013;470;
63080;2013;11;
63084;2013;23;
63086;2013;3;
63087;2013;1;
63088;2013;13;
63089;2013;14;
64008;2013;2;
64015;2013;12;
64021;2013;6;
64023;2013;12;
64025;2013;5;
64029;2013;2;
64034;2013;32;
64047;2013;4;
64056;2013;5;
64063;2013;4;
64065;2013;38;
64074;2013;22;
64075;2013;0;
64076;2013;8;
71002;2013;6;
71004;2013;43;
71011;2013;33;
71016;2013;122;
71017;2013;5;
71020;2013;13;
71022;2013;455;
71024;2013;14;
71034;2013;13;
71037;2013;18;
71045;2013;7;
71047;2013;11;
71053;2013;112;
71057;2013;80;
71066;2013;43;
71067;2013;9;
71069;2013;17;
71070;2013;56;
72003;2013;25;
72004;2013;28;
72018;2013;14;
72020;2013;84;
72021;2013;26;
72025;2013;11;
72029;2013;18;
72030;2013;16;
72037;2013;19;
72038;2013;8;
72039;2013;73;
72040;2013;16;
72041;2013;30;
73001;2013;11;
73006;2013;50;
73009;2013;17;
73022;2013;7;
73028;2013;0;
73032;2013;15;
73040;2013;8;
73042;2013;67;
73066;2013;17;
73083;2013;57;
73098;2013;7;
73107;2013;133;
73109;2013;3;
81001;2013;108;
81003;2013;1;
81004;2013;91;
81013;2013;5;
81015;2013;27;
82003;2013;71;
82005;2013;12;
82009;2013;0;
82014;2013;13;
82032;2013;11;
82036;2013;11;
82037;2013;9;
82038;2013;1;
83012;2013;52;
83013;2013;7;
83028;2013;25;
83031;2013;21;
83034;2013;84;
83040;2013;8;
83044;2013;1;
83049;2013;10;
83055;2013;14;
84009;2013;14;
84010;2013;7;
84016;2013;0;
84029;2013;4;
84033;2013;10;
84035;2013;3;
84043;2013;34;
84050;2013;6;
84059;2013;9;
84068;2013;16;
84075;2013;7;
84077;2013;46;
85007;2013;5;
85009;2013;5;
85011;2013;15;
85024;2013;4;
85026;2013;18;
85034;2013;5;
85039;2013;2;
85045;2013;46;
85046;2013;39;
85047;2013;6;
91005;2013;13;
91013;2013;29;
91015;2013;7;
91030;2013;28;
91034;2013;69;
91054;2013;8;
91059;2013;4;
91064;2013;10;
91072;2013;28;
91103;2013;8;
91114;2013;52;
91120;2013;13;
91141;2013;14;
91142;2013;6;
91143;2013;11;
92003;2013;84;
92006;2013;13;
92035;2013;44;
92045;2013;19;
92048;2013;26;
92054;2013;18;
92087;2013;40;
92094;2013;597;
92097;2013;9;
92101;2013;30;
92114;2013;28;
92137;2013;99;
92138;2013;25;
92140;2013;124;
92141;2013;15;
92142;2013;82;
93010;2013;20;
93014;2013;71;
93018;2013;7;
93022;2013;34;
93056;2013;18;
93088;2013;67;
93090;2013;23;
11001;2014;64;
11002;2014;6201;
11004;2014;34;
11005;2014;69;
11007;2014;54;
11008;2014;114;
11009;2014;76;
11013;2014;74;
11016;2014;40;
11018;2014;34;
11021;2014;36;
11022;2014;36;
11023;2014;45;
11024;2014;78;
11025;2014;7;
11029;2014;70;
11030;2014;22;
11035;2014;114;
11037;2014;69;
11038;2014;18;
11039;2014;78;
11040;2014;99;
11044;2014;44;
11050;2014;58;
11052;2014;83;
11053;2014;36;
11054;2014;47;
11055;2014;64;
11056;2014;53;
11057;2014;48;
12002;2014;18;
12005;2014;19;
12007;2014;23;
12009;2014;30;
12014;2014;58;
12021;2014;73;
12025;2014;277;
12026;2014;28;
12029;2014;23;
12030;2014;29;
12034;2014;9;
12035;2014;21;
12040;2014;59;
13001;2014;14;
13002;2014;4;
13003;2014;27;
13004;2014;46;
13006;2014;11;
13008;2014;88;
13010;2014;32;
13011;2014;63;
13012;2014;26;
13013;2014;4;
13014;2014;74;
13016;2014;11;
13017;2014;19;
13019;2014;36;
13021;2014;18;
13023;2014;18;
13025;2014;80;
13029;2014;18;
13031;2014;39;
13035;2014;12;
13036;2014;36;
13037;2014;29;
13040;2014;79;
13044;2014;8;
13046;2014;19;
13049;2014;33;
13053;2014;18;
21001;2014;1508;
21002;2014;304;
21003;2014;265;
21004;2014;5559;
21005;2014;470;
21006;2014;304;
21007;2014;644;
21008;2014;191;
21009;2014;1657;
21010;2014;596;
21011;2014;156;
21012;2014;1077;
21013;2014;850;
21014;2014;306;
21015;2014;1053;
21016;2014;837;
21017;2014;289;
21018;2014;463;
21019;2014;348;
21020;2014;0;
23002;2014;176;
23003;2014;159;
23009;2014;0;
23016;2014;325;
23023;2014;18;
23024;2014;10;
23025;2014;206;
23027;2014;183;
23032;2014;14;
23033;2014;43;
23038;2014;47;
23039;2014;12;
23044;2014;23;
23045;2014;70;
23047;2014;146;
23050;2014;64;
23052;2014;40;
23060;2014;11;
23062;2014;126;
23064;2014;4;
23077;2014;262;
23081;2014;50;
23086;2014;75;
23088;2014;271;
23094;2014;255;
23095;2014;32;
23096;2014;70;
23097;2014;33;
23098;2014;96;
23099;2014;135;
23100;2014;47;
23101;2014;87;
23102;2014;122;
23103;2014;142;
23104;2014;20;
23105;2014;41;
24001;2014;28;
24007;2014;10;
24008;2014;13;
24009;2014;32;
24011;2014;23;
24014;2014;30;
24016;2014;15;
24020;2014;37;
24028;2014;6;
24033;2014;20;
24038;2014;52;
24041;2014;12;
24043;2014;4;
24045;2014;15;
24048;2014;16;
24054;2014;7;
24055;2014;63;
24059;2014;40;
24062;2014;671;
24066;2014;20;
24086;2014;35;
24094;2014;52;
24104;2014;91;
24107;2014;87;
24109;2014;16;
24130;2014;5;
24133;2014;9;
24134;2014;25;
24135;2014;26;
24137;2014;2;
25005;2014;20;
25014;2014;200;
25015;2014;50;
25018;2014;25;
25023;2014;17;
25031;2014;60;
25037;2014;20;
25043;2014;7;
25044;2014;25;
25048;2014;27;
25050;2014;48;
25068;2014;14;
25072;2014;153;
25084;2014;17;
25091;2014;95;
25105;2014;58;
25107;2014;33;
25110;2014;196;
25112;2014;151;
25117;2014;12;
25118;2014;8;
25119;2014;38;
25120;2014;16;
25121;2014;129;
25122;2014;4;
25123;2014;26;
25124;2014;15;
31003;2014;25;
31004;2014;31;
31005;2014;394;
31006;2014;11;
31012;2014;25;
31022;2014;38;
31033;2014;10;
31040;2014;30;
31042;2014;6;
31043;2014;90;
32003;2014;21;
32006;2014;10;
32010;2014;5;
32011;2014;18;
32030;2014;2;
33011;2014;64;
33016;2014;1;
33021;2014;32;
33029;2014;36;
33037;2014;20;
33039;2014;4;
33040;2014;14;
33041;2014;4;
34002;2014;21;
34003;2014;21;
34009;2014;11;
34013;2014;40;
34022;2014;249;
34023;2014;18;
34025;2014;1;
34027;2014;199;
34040;2014;55;
34041;2014;100;
34042;2014;41;
34043;2014;10;
35002;2014;44;
35005;2014;7;
35006;2014;10;
35011;2014;46;
35013;2014;346;
35014;2014;20;
35029;2014;37;
36006;2014;12;
36007;2014;8;
36008;2014;36;
36010;2014;20;
36011;2014;12;
36012;2014;27;
36015;2014;125;
36019;2014;8;
37002;2014;1;
37007;2014;7;
37010;2014;5;
37011;2014;8;
37012;2014;9;
37015;2014;26;
37017;2014;8;
37018;2014;12;
37020;2014;27;
38002;2014;1;
38008;2014;35;
38014;2014;31;
38016;2014;22;
38025;2014;25;
41002;2014;186;
41011;2014;29;
41018;2014;89;
41024;2014;16;
41027;2014;17;
41034;2014;19;
41048;2014;119;
41063;2014;3;
41081;2014;36;
41082;2014;41;
42003;2014;17;
42004;2014;14;
42006;2014;83;
42008;2014;31;
42010;2014;39;
42011;2014;27;
42023;2014;28;
42025;2014;44;
42026;2014;9;
42028;2014;47;
43002;2014;7;
43005;2014;32;
43007;2014;6;
43010;2014;28;
43014;2014;12;
43018;2014;21;
44001;2014;34;
44011;2014;58;
44012;2014;9;
44013;2014;49;
44019;2014;32;
44020;2014;17;
44021;2014;1516;
44029;2014;10;
44034;2014;39;
44036;2014;8;
44040;2014;29;
44043;2014;51;
44045;2014;5;
44048;2014;29;
44049;2014;25;
44052;2014;16;
44064;2014;7;
44072;2014;11;
44073;2014;10;
44080;2014;8;
44081;2014;7;
45017;2014;16;
45035;2014;62;
45041;2014;67;
45057;2014;2;
45059;2014;13;
45060;2014;15;
45061;2014;8;
45062;2014;0;
45063;2014;9;
45064;2014;5;
45065;2014;10;
46003;2014;108;
46013;2014;35;
46014;2014;79;
46020;2014;66;
46021;2014;162;
46024;2014;42;
46025;2014;75;
51004;2014;125;
51008;2014;46;
51009;2014;63;
51012;2014;16;
51014;2014;15;
51017;2014;11;
51019;2014;9;
51065;2014;19;
52010;2014;109;
52011;2014;4163;
52012;2014;212;
52015;2014;196;
52018;2014;28;
52021;2014;155;
52022;2014;87;
52025;2014;65;
52043;2014;194;
52048;2014;94;
52055;2014;101;
52063;2014;126;
52074;2014;29;
52075;2014;54;
53014;2014;84;
53020;2014;54;
53028;2014;103;
53039;2014;32;
53044;2014;35;
53046;2014;6;
53053;2014;1725;
53065;2014;61;
53068;2014;39;
53070;2014;154;
53082;2014;71;
53083;2014;39;
53084;2014;62;
54007;2014;576;
54010;2014;73;
55004;2014;57;
55010;2014;44;
55022;2014;732;
55023;2014;56;
55035;2014;143;
55039;2014;34;
55040;2014;94;
55050;2014;57;
56001;2014;47;
56005;2014;20;
56011;2014;144;
56016;2014;34;
56022;2014;55;
56029;2014;14;
56044;2014;27;
56049;2014;12;
56051;2014;17;
56078;2014;68;
56085;2014;48;
56086;2014;47;
56087;2014;119;
56088;2014;3;
57003;2014;43;
57018;2014;14;
57027;2014;68;
57062;2014;30;
57064;2014;102;
57072;2014;10;
57081;2014;541;
57093;2014;18;
57094;2014;46;
57095;2014;5;
61003;2014;59;
61010;2014;6;
61012;2014;1;
61019;2014;3;
61024;2014;3;
61028;2014;14;
61031;2014;180;
61039;2014;6;
61041;2014;10;
61043;2014;12;
61048;2014;4;
61063;2014;5;
61068;2014;30;
61072;2014;44;
61079;2014;12;
61080;2014;30;
61081;2014;7;
62003;2014;110;
62006;2014;25;
62009;2014;45;
62011;2014;15;
62015;2014;29;
62022;2014;68;
62026;2014;8;
62027;2014;6;
62032;2014;43;
62038;2014;68;
62051;2014;270;
62060;2014;25;
62063;2014;4892;
62079;2014;71;
62093;2014;164;
62096;2014;798;
62099;2014;34;
62100;2014;56;
62108;2014;110;
62118;2014;106;
62119;2014;27;
62120;2014;111;
62121;2014;25;
62122;2014;30;
63001;2014;10;
63003;2014;4;
63004;2014;37;
63012;2014;2;
63013;2014;15;
63020;2014;77;
63023;2014;27;
63035;2014;46;
63038;2014;18;
63040;2014;2;
63045;2014;6;
63046;2014;17;
63048;2014;10;
63049;2014;28;
63057;2014;3;
63058;2014;23;
63061;2014;15;
63067;2014;18;
63072;2014;47;
63073;2014;26;
63075;2014;14;
63076;2014;21;
63079;2014;323;
63080;2014;21;
63084;2014;11;
63086;2014;12;
63087;2014;0;
63088;2014;7;
63089;2014;10;
64008;2014;8;
64015;2014;9;
64021;2014;10;
64023;2014;4;
64025;2014;2;
64029;2014;2;
64034;2014;47;
64047;2014;1;
64056;2014;9;
64063;2014;7;
64065;2014;31;
64074;2014;32;
64075;2014;4;
64076;2014;4;
71002;2014;15;
71004;2014;74;
71011;2014;42;
71016;2014;140;
71017;2014;20;
71020;2014;16;
71022;2014;289;
71024;2014;11;
71034;2014;19;
71037;2014;23;
71045;2014;6;
71047;2014;18;
71053;2014;112;
71057;2014;53;
71066;2014;62;
71067;2014;9;
71069;2014;17;
71070;2014;56;
72003;2014;22;
72004;2014;29;
72018;2014;15;
72020;2014;54;
72021;2014;38;
72025;2014;17;
72029;2014;22;
72030;2014;28;
72037;2014;22;
72038;2014;15;
72039;2014;57;
72040;2014;11;
72041;2014;17;
73001;2014;22;
73006;2014;37;
73009;2014;21;
73022;2014;5;
73028;2014;0;
73032;2014;6;
73040;2014;29;
73042;2014;57;
73066;2014;30;
73083;2014;47;
73098;2014;11;
73107;2014;149;
73109;2014;12;
81001;2014;128;
81003;2014;0;
81004;2014;82;
81013;2014;10;
81015;2014;32;
82003;2014;45;
82005;2014;9;
82009;2014;3;
82014;2014;20;
82032;2014;24;
82036;2014;9;
82037;2014;11;
82038;2014;0;
83012;2014;76;
83013;2014;4;
83028;2014;11;
83031;2014;12;
83034;2014;61;
83040;2014;11;
83044;2014;5;
83049;2014;2;
83055;2014;10;
84009;2014;18;
84010;2014;7;
84016;2014;1;
84029;2014;1;
84033;2014;5;
84035;2014;6;
84043;2014;18;
84050;2014;3;
84059;2014;13;
84068;2014;25;
84075;2014;3;
84077;2014;43;
85007;2014;4;
85009;2014;9;
85011;2014;6;
85024;2014;3;
85026;2014;19;
85034;2014;5;
85039;2014;2;
85045;2014;21;
85046;2014;30;
85047;2014;0;
91005;2014;20;
91013;2014;16;
91015;2014;8;
91030;2014;40;
91034;2014;57;
91054;2014;9;
91059;2014;11;
91064;2014;3;
91072;2014;19;
91103;2014;8;
91114;2014;28;
91120;2014;12;
91141;2014;21;
91142;2014;21;
91143;2014;11;
92003;2014;111;
92006;2014;6;
92035;2014;30;
92045;2014;16;
92048;2014;33;
92054;2014;10;
92087;2014;48;
92094;2014;670;
92097;2014;11;
92101;2014;24;
92114;2014;34;
92137;2014;80;
92138;2014;23;
92140;2014;74;
92141;2014;37;
92142;2014;81;
93010;2014;10;
93014;2014;69;
93018;2014;6;
93022;2014;43;
93056;2014;24;
93088;2014;100;
93090;2014;12;
