NIS code/code NIS;Jaar/Année;woninginbraak (strikt)/cambri. ds habitation (strict);
11001;2000;158;
11002;2000;4579;
11004;2000;112;
11005;2000;90;
11007;2000;150;
11008;2000;260;
11009;2000;284;
11013;2000;239;
11016;2000;114;
11018;2000;83;
11021;2000;80;
11022;2000;155;
11023;2000;236;
11024;2000;217;
11025;2000;44;
11029;2000;258;
11030;2000;39;
11035;2000;215;
11037;2000;136;
11038;2000;43;
11039;2000;280;
11040;2000;273;
11044;2000;89;
11050;2000;94;
11052;2000;153;
11053;2000;197;
11054;2000;175;
11055;2000;243;
11056;2000;55;
11057;2000;112;
12002;2000;52;
12005;2000;116;
12007;2000;46;
12009;2000;104;
12014;2000;75;
12021;2000;145;
12025;2000;767;
12026;2000;152;
12029;2000;94;
12030;2000;68;
12034;2000;20;
12035;2000;104;
12040;2000;162;
13001;2000;26;
13002;2000;8;
13003;2000;74;
13004;2000;109;
13006;2000;33;
13008;2000;249;
13010;2000;127;
13011;2000;240;
13012;2000;71;
13013;2000;57;
13014;2000;162;
13016;2000;55;
13017;2000;123;
13019;2000;175;
13021;2000;114;
13023;2000;32;
13025;2000;100;
13029;2000;129;
13031;2000;40;
13035;2000;42;
13036;2000;105;
13037;2000;51;
13040;2000;133;
13044;2000;34;
13046;2000;53;
13049;2000;234;
13053;2000;149;
21001;2000;607;
21002;2000;279;
21003;2000;139;
21004;2000;1154;
21005;2000;281;
21006;2000;241;
21007;2000;361;
21008;2000;127;
21009;2000;580;
21010;2000;310;
21011;2000;101;
21012;2000;416;
21013;2000;193;
21014;2000;88;
21015;2000;647;
21016;2000;1022;
21017;2000;300;
21018;2000;513;
21019;2000;471;
21020;2000;0;
23002;2000;171;
23003;2000;253;
23009;2000;3;
23016;2000;334;
23023;2000;16;
23024;2000;30;
23025;2000;265;
23027;2000;160;
23032;2000;28;
23033;2000;114;
23038;2000;53;
23039;2000;71;
23044;2000;30;
23045;2000;75;
23047;2000;80;
23050;2000;161;
23052;2000;86;
23060;2000;45;
23062;2000;319;
23064;2000;15;
23077;2000;115;
23081;2000;71;
23086;2000;75;
23088;2000;236;
23094;2000;265;
23095;2000;0;
23096;2000;259;
23097;2000;40;
23098;2000;40;
23099;2000;185;
23100;2000;79;
23101;2000;283;
23102;2000;174;
23103;2000;167;
23104;2000;30;
23105;2000;50;
24001;2000;98;
24007;2000;23;
24008;2000;43;
24009;2000;44;
24011;2000;67;
24014;2000;108;
24016;2000;30;
24020;2000;153;
24028;2000;12;
24033;2000;69;
24038;2000;101;
24041;2000;25;
24043;2000;40;
24045;2000;46;
24048;2000;35;
24054;2000;18;
24055;2000;64;
24059;2000;65;
24062;2000;588;
24066;2000;31;
24086;2000;38;
24094;2000;81;
24104;2000;179;
24107;2000;150;
24109;2000;26;
24130;2000;24;
24133;2000;14;
24134;2000;127;
24135;2000;40;
24137;2000;27;
25005;2000;37;
25014;2000;342;
25015;2000;76;
25018;2000;124;
25023;2000;81;
25031;2000;135;
25037;2000;107;
25043;2000;43;
25044;2000;49;
25048;2000;67;
25050;2000;87;
25068;2000;62;
25072;2000;292;
25084;2000;64;
25091;2000;214;
25105;2000;130;
25107;2000;53;
25110;2000;507;
25112;2000;287;
25117;2000;25;
25118;2000;19;
25119;2000;113;
25120;2000;30;
25121;2000;294;
25122;2000;33;
25123;2000;45;
25124;2000;75;
31003;2000;48;
31004;2000;67;
31005;2000;463;
31006;2000;30;
31012;2000;61;
31022;2000;100;
31033;2000;64;
31040;2000;105;
31042;2000;9;
31043;2000;139;
32003;2000;61;
32006;2000;18;
32010;2000;9;
32011;2000;21;
32030;2000;5;
33011;2000;109;
33016;2000;1;
33021;2000;16;
33029;2000;34;
33037;2000;17;
33039;2000;12;
33040;2000;20;
33041;2000;3;
34002;2000;31;
34003;2000;11;
34009;2000;27;
34013;2000;61;
34022;2000;296;
34023;2000;35;
34025;2000;26;
34027;2000;139;
34040;2000;133;
34041;2000;110;
34042;2000;100;
34043;2000;5;
35002;2000;37;
35005;2000;66;
35006;2000;37;
35011;2000;84;
35013;2000;259;
35014;2000;36;
35029;2000;73;
36006;2000;12;
36007;2000;28;
36008;2000;60;
36010;2000;20;
36011;2000;40;
36012;2000;50;
36015;2000;206;
36019;2000;6;
37002;2000;15;
37007;2000;13;
37010;2000;11;
37011;2000;22;
37012;2000;8;
37015;2000;38;
37017;2000;4;
37018;2000;45;
37020;2000;21;
38002;2000;8;
38008;2000;37;
38014;2000;67;
38016;2000;26;
38025;2000;58;
41002;2000;228;
41011;2000;56;
41018;2000;85;
41024;2000;34;
41027;2000;38;
41034;2000;58;
41048;2000;91;
41063;2000;36;
41081;2000;37;
41082;2000;84;
42003;2000;27;
42004;2000;27;
42006;2000;121;
42008;2000;60;
42010;2000;72;
42011;2000;25;
42023;2000;95;
42025;2000;127;
42026;2000;49;
42028;2000;53;
43002;2000;31;
43005;2000;54;
43007;2000;25;
43010;2000;78;
43014;2000;11;
43018;2000;28;
44001;2000;70;
44011;2000;124;
44012;2000;54;
44013;2000;51;
44019;2000;77;
44020;2000;40;
44021;2000;831;
44029;2000;29;
44034;2000;131;
44036;2000;21;
44040;2000;60;
44043;2000;69;
44045;2000;27;
44048;2000;77;
44049;2000;57;
44052;2000;37;
44064;2000;44;
44072;2000;30;
44073;2000;30;
44080;2000;14;
44081;2000;66;
45017;2000;52;
45035;2000;38;
45041;2000;52;
45057;2000;21;
45059;2000;29;
45060;2000;10;
45061;2000;17;
45062;2000;1;
45063;2000;12;
45064;2000;12;
45065;2000;13;
46003;2000;182;
46013;2000;89;
46014;2000;190;
46020;2000;120;
46021;2000;332;
46024;2000;91;
46025;2000;115;
51004;2000;147;
51008;2000;65;
51009;2000;85;
51012;2000;12;
51014;2000;30;
51017;2000;9;
51019;2000;11;
51065;2000;31;
52010;2000;130;
52011;2000;3742;
52012;2000;502;
52015;2000;495;
52018;2000;180;
52021;2000;250;
52022;2000;226;
52025;2000;165;
52043;2000;265;
52048;2000;212;
52055;2000;228;
52063;2000;141;
52074;2000;134;
52075;2000;95;
53014;2000;239;
53020;2000;114;
53028;2000;197;
53039;2000;33;
53044;2000;48;
53046;2000;11;
53053;2000;1188;
53065;2000;176;
53068;2000;61;
53070;2000;237;
53082;2000;173;
53083;2000;17;
53084;2000;44;
54007;2000;412;
54010;2000;72;
55004;2000;152;
55010;2000;49;
55022;2000;893;
55023;2000;61;
55035;2000;131;
55039;2000;28;
55040;2000;118;
55050;2000;49;
56001;2000;161;
56005;2000;35;
56011;2000;256;
56016;2000;24;
56022;2000;65;
56029;2000;14;
56044;2000;58;
56049;2000;28;
56051;2000;12;
56078;2000;150;
56085;2000;54;
56086;2000;138;
56087;2000;181;
56088;2000;20;
57003;2000;14;
57018;2000;1;
57027;2000;83;
57062;2000;18;
57064;2000;103;
57072;2000;3;
57081;2000;209;
57093;2000;10;
57094;2000;78;
57095;2000;5;
61003;2000;155;
61010;2000;23;
61012;2000;22;
61019;2000;32;
61024;2000;35;
61028;2000;45;
61031;2000;170;
61039;2000;27;
61041;2000;31;
61043;2000;48;
61048;2000;12;
61063;2000;51;
61068;2000;35;
61072;2000;129;
61079;2000;20;
61080;2000;51;
61081;2000;11;
62003;2000;371;
62006;2000;73;
62009;2000;80;
62011;2000;74;
62015;2000;151;
62022;2000;317;
62026;2000;36;
62027;2000;38;
62032;2000;166;
62038;2000;233;
62051;2000;495;
62060;2000;151;
62063;2000;3742;
62079;2000;318;
62093;2000;256;
62096;2000;633;
62099;2000;172;
62100;2000;148;
62108;2000;182;
62118;2000;244;
62119;2000;136;
62120;2000;252;
62121;2000;88;
62122;2000;65;
63001;2000;10;
63003;2000;37;
63004;2000;38;
63012;2000;2;
63013;2000;6;
63020;2000;99;
63023;2000;96;
63035;2000;161;
63038;2000;63;
63040;2000;38;
63045;2000;10;
63046;2000;36;
63048;2000;29;
63049;2000;40;
63057;2000;30;
63058;2000;72;
63061;2000;46;
63067;2000;20;
63072;2000;88;
63073;2000;27;
63075;2000;18;
63076;2000;91;
63079;2000;638;
63080;2000;20;
63084;2000;71;
63086;2000;6;
63087;2000;7;
63088;2000;56;
63089;2000;28;
64008;2000;24;
64015;2000;41;
64021;2000;41;
64023;2000;30;
64025;2000;34;
64029;2000;24;
64034;2000;123;
64047;2000;18;
64056;2000;42;
64063;2000;45;
64065;2000;61;
64074;2000;146;
64075;2000;11;
64076;2000;22;
71002;2000;53;
71004;2000;342;
71011;2000;176;
71016;2000;312;
71017;2000;54;
71020;2000;42;
71022;2000;692;
71024;2000;64;
71034;2000;77;
71037;2000;103;
71045;2000;20;
71047;2000;22;
71053;2000;247;
71057;2000;161;
71066;2000;116;
71067;2000;35;
71069;2000;107;
71070;2000;196;
72003;2000;32;
72004;2000;39;
72018;2000;25;
72020;2000;115;
72021;2000;67;
72025;2000;28;
72029;2000;44;
72030;2000;40;
72037;2000;33;
72038;2000;53;
72039;2000;186;
72040;2000;53;
72041;2000;51;
73001;2000;91;
73006;2000;186;
73009;2000;80;
73022;2000;31;
73028;2000;0;
73032;2000;69;
73040;2000;68;
73042;2000;105;
73066;2000;97;
73083;2000;255;
73098;2000;54;
73107;2000;133;
73109;2000;26;
81001;2000;88;
81003;2000;11;
81004;2000;79;
81013;2000;4;
81015;2000;23;
82003;2000;66;
82005;2000;5;
82009;2000;8;
82014;2000;32;
82032;2000;49;
82036;2000;4;
82037;2000;17;
82038;2000;6;
83012;2000;49;
83013;2000;7;
83028;2000;18;
83031;2000;14;
83034;2000;79;
83040;2000;15;
83044;2000;3;
83049;2000;25;
83055;2000;33;
84009;2000;9;
84010;2000;10;
84016;2000;5;
84029;2000;2;
84033;2000;12;
84035;2000;14;
84043;2000;30;
84050;2000;4;
84059;2000;18;
84068;2000;7;
84075;2000;22;
84077;2000;9;
85007;2000;4;
85009;2000;20;
85011;2000;22;
85024;2000;10;
85026;2000;14;
85034;2000;6;
85039;2000;5;
85045;2000;28;
85046;2000;32;
85047;2000;2;
91005;2000;24;
91013;2000;38;
91015;2000;15;
91030;2000;88;
91034;2000;50;
91054;2000;10;
91059;2000;48;
91064;2000;14;
91072;2000;25;
91103;2000;15;
91114;2000;84;
91120;2000;21;
91141;2000;71;
91142;2000;32;
91143;2000;16;
92003;2000;244;
92006;2000;110;
92035;2000;127;
92045;2000;54;
92048;2000;61;
92054;2000;22;
92087;2000;43;
92094;2000;1019;
92097;2000;11;
92101;2000;43;
92114;2000;76;
92137;2000;302;
92138;2000;117;
92140;2000;210;
92141;2000;145;
92142;2000;223;
93010;2000;21;
93014;2000;35;
93018;2000;8;
93022;2000;49;
93056;2000;18;
93088;2000;110;
93090;2000;16;
11001;2006;46;
11002;2006;5155;
11004;2006;49;
11005;2006;70;
11007;2006;59;
11008;2006;134;
11009;2006;75;
11013;2006;124;
11016;2006;64;
11018;2006;63;
11021;2006;46;
11022;2006;46;
11023;2006;120;
11024;2006;105;
11025;2006;14;
11029;2006;136;
11030;2006;31;
11035;2006;77;
11037;2006;88;
11038;2006;34;
11039;2006;54;
11040;2006;102;
11044;2006;49;
11050;2006;59;
11052;2006;103;
11053;2006;60;
11054;2006;45;
11055;2006;51;
11056;2006;103;
11057;2006;50;
12002;2006;32;
12005;2006;56;
12007;2006;41;
12009;2006;39;
12014;2006;100;
12021;2006;121;
12025;2006;458;
12026;2006;48;
12029;2006;37;
12030;2006;38;
12034;2006;3;
12035;2006;60;
12040;2006;76;
13001;2006;34;
13002;2006;19;
13003;2006;24;
13004;2006;50;
13006;2006;20;
13008;2006;90;
13010;2006;46;
13011;2006;63;
13012;2006;33;
13013;2006;25;
13014;2006;98;
13016;2006;14;
13017;2006;57;
13019;2006;53;
13021;2006;14;
13023;2006;15;
13025;2006;108;
13029;2006;32;
13031;2006;33;
13035;2006;33;
13036;2006;37;
13037;2006;30;
13040;2006;124;
13044;2006;18;
13046;2006;13;
13049;2006;47;
13053;2006;37;
21001;2006;801;
21002;2006;255;
21003;2006;221;
21004;2006;1552;
21005;2006;398;
21006;2006;272;
21007;2006;648;
21008;2006;230;
21009;2006;1028;
21010;2006;548;
21011;2006;222;
21012;2006;779;
21013;2006;466;
21014;2006;128;
21015;2006;765;
21016;2006;1214;
21017;2006;242;
21018;2006;443;
21019;2006;356;
21020;2006;0;
23002;2006;270;
23003;2006;159;
23009;2006;11;
23016;2006;399;
23023;2006;16;
23024;2006;16;
23025;2006;269;
23027;2006;204;
23032;2006;15;
23033;2006;86;
23038;2006;62;
23039;2006;15;
23044;2006;21;
23045;2006;68;
23047;2006;103;
23050;2006;156;
23052;2006;53;
23060;2006;39;
23062;2006;165;
23064;2006;12;
23077;2006;215;
23081;2006;82;
23086;2006;96;
23088;2006;310;
23094;2006;239;
23095;2006;0;
23096;2006;168;
23097;2006;25;
23098;2006;49;
23099;2006;131;
23100;2006;33;
23101;2006;140;
23102;2006;154;
23103;2006;150;
23104;2006;43;
23105;2006;101;
24001;2006;101;
24007;2006;16;
24008;2006;16;
24009;2006;49;
24011;2006;52;
24014;2006;51;
24016;2006;46;
24020;2006;83;
24028;2006;6;
24033;2006;49;
24038;2006;88;
24041;2006;17;
24043;2006;30;
24045;2006;48;
24048;2006;33;
24054;2006;9;
24055;2006;98;
24059;2006;81;
24062;2006;692;
24066;2006;22;
24086;2006;71;
24094;2006;75;
24104;2006;166;
24107;2006;143;
24109;2006;20;
24130;2006;13;
24133;2006;17;
24134;2006;47;
24135;2006;41;
24137;2006;12;
25005;2006;17;
25014;2006;283;
25015;2006;106;
25018;2006;75;
25023;2006;82;
25031;2006;131;
25037;2006;73;
25043;2006;26;
25044;2006;49;
25048;2006;47;
25050;2006;71;
25068;2006;21;
25072;2006;186;
25084;2006;39;
25091;2006;167;
25105;2006;98;
25107;2006;108;
25110;2006;296;
25112;2006;209;
25117;2006;32;
25118;2006;19;
25119;2006;110;
25120;2006;31;
25121;2006;258;
25122;2006;13;
25123;2006;38;
25124;2006;33;
31003;2006;32;
31004;2006;46;
31005;2006;375;
31006;2006;17;
31012;2006;27;
31022;2006;76;
31033;2006;24;
31040;2006;29;
31042;2006;3;
31043;2006;94;
32003;2006;36;
32006;2006;11;
32010;2006;4;
32011;2006;22;
32030;2006;7;
33011;2006;64;
33016;2006;1;
33021;2006;47;
33029;2006;29;
33037;2006;21;
33039;2006;26;
33040;2006;9;
33041;2006;9;
34002;2006;46;
34003;2006;22;
34009;2006;34;
34013;2006;52;
34022;2006;300;
34023;2006;21;
34025;2006;9;
34027;2006;132;
34040;2006;73;
34041;2006;41;
34042;2006;36;
34043;2006;12;
35002;2006;39;
35005;2006;23;
35006;2006;16;
35011;2006;77;
35013;2006;219;
35014;2006;7;
35029;2006;50;
36006;2006;16;
36007;2006;18;
36008;2006;50;
36010;2006;12;
36011;2006;8;
36012;2006;25;
36015;2006;131;
36019;2006;39;
37002;2006;8;
37007;2006;2;
37010;2006;1;
37011;2006;4;
37012;2006;4;
37015;2006;20;
37017;2006;13;
37018;2006;28;
37020;2006;19;
38002;2006;16;
38008;2006;48;
38014;2006;87;
38016;2006;45;
38025;2006;26;
41002;2006;242;
41011;2006;50;
41018;2006;58;
41024;2006;26;
41027;2006;43;
41034;2006;27;
41048;2006;100;
41063;2006;14;
41081;2006;31;
41082;2006;105;
42003;2006;18;
42004;2006;20;
42006;2006;95;
42008;2006;39;
42010;2006;21;
42011;2006;58;
42023;2006;35;
42025;2006;73;
42026;2006;13;
42028;2006;40;
43002;2006;14;
43005;2006;61;
43007;2006;18;
43010;2006;29;
43014;2006;4;
43018;2006;13;
44001;2006;50;
44011;2006;56;
44012;2006;20;
44013;2006;47;
44019;2006;46;
44020;2006;9;
44021;2006;1412;
44029;2006;13;
44034;2006;36;
44036;2006;12;
44040;2006;34;
44043;2006;51;
44045;2006;4;
44048;2006;27;
44049;2006;28;
44052;2006;22;
44064;2006;16;
44072;2006;7;
44073;2006;7;
44080;2006;9;
44081;2006;23;
45017;2006;21;
45035;2006;58;
45041;2006;46;
45057;2006;7;
45059;2006;13;
45060;2006;22;
45061;2006;15;
45062;2006;0;
45063;2006;2;
45064;2006;6;
45065;2006;11;
46003;2006;152;
46013;2006;23;
46014;2006;65;
46020;2006;47;
46021;2006;192;
46024;2006;27;
46025;2006;76;
51004;2006;93;
51008;2006;53;
51009;2006;60;
51012;2006;12;
51014;2006;18;
51017;2006;8;
51019;2006;6;
51065;2006;49;
52010;2006;119;
52011;2006;2686;
52012;2006;299;
52015;2006;392;
52018;2006;81;
52021;2006;149;
52022;2006;179;
52025;2006;83;
52043;2006;180;
52048;2006;112;
52055;2006;163;
52063;2006;120;
52074;2006;70;
52075;2006;90;
53014;2006;193;
53020;2006;87;
53028;2006;171;
53039;2006;28;
53044;2006;45;
53046;2006;10;
53053;2006;804;
53065;2006;202;
53068;2006;32;
53070;2006;174;
53082;2006;320;
53083;2006;21;
53084;2006;39;
54007;2006;382;
54010;2006;73;
55004;2006;120;
55010;2006;55;
55022;2006;503;
55023;2006;65;
55035;2006;88;
55039;2006;35;
55040;2006;110;
55050;2006;51;
56001;2006;89;
56005;2006;42;
56011;2006;156;
56016;2006;41;
56022;2006;22;
56029;2006;14;
56044;2006;32;
56049;2006;17;
56051;2006;17;
56078;2006;95;
56085;2006;45;
56086;2006;95;
56087;2006;109;
56088;2006;16;
57003;2006;15;
57018;2006;6;
57027;2006;40;
57062;2006;18;
57064;2006;105;
57072;2006;6;
57081;2006;387;
57093;2006;25;
57094;2006;70;
57095;2006;16;
61003;2006;77;
61010;2006;18;
61012;2006;13;
61019;2006;19;
61024;2006;9;
61028;2006;31;
61031;2006;121;
61039;2006;13;
61041;2006;11;
61043;2006;12;
61048;2006;5;
61063;2006;25;
61068;2006;53;
61072;2006;84;
61079;2006;6;
61080;2006;54;
61081;2006;7;
62003;2006;258;
62006;2006;56;
62009;2006;43;
62011;2006;34;
62015;2006;77;
62022;2006;145;
62026;2006;17;
62027;2006;16;
62032;2006;68;
62038;2006;86;
62051;2006;240;
62060;2006;60;
62063;2006;1504;
62079;2006;98;
62093;2006;170;
62096;2006;527;
62099;2006;100;
62100;2006;38;
62108;2006;104;
62118;2006;181;
62119;2006;73;
62120;2006;204;
62121;2006;37;
62122;2006;40;
63001;2006;5;
63003;2006;20;
63004;2006;24;
63012;2006;6;
63013;2006;5;
63020;2006;112;
63023;2006;60;
63035;2006;95;
63038;2006;42;
63040;2006;28;
63045;2006;4;
63046;2006;33;
63048;2006;33;
63049;2006;36;
63057;2006;15;
63058;2006;42;
63061;2006;38;
63067;2006;17;
63072;2006;68;
63073;2006;29;
63075;2006;12;
63076;2006;49;
63079;2006;394;
63080;2006;11;
63084;2006;49;
63086;2006;7;
63087;2006;1;
63088;2006;42;
63089;2006;37;
64008;2006;15;
64015;2006;27;
64021;2006;25;
64023;2006;20;
64025;2006;16;
64029;2006;11;
64034;2006;54;
64047;2006;13;
64056;2006;12;
64063;2006;30;
64065;2006;65;
64074;2006;61;
64075;2006;7;
64076;2006;22;
71002;2006;20;
71004;2006;135;
71011;2006;54;
71016;2006;212;
71017;2006;28;
71020;2006;24;
71022;2006;308;
71024;2006;15;
71034;2006;36;
71037;2006;50;
71045;2006;11;
71047;2006;26;
71053;2006;163;
71057;2006;66;
71066;2006;59;
71067;2006;16;
71069;2006;36;
71070;2006;93;
72003;2006;31;
72004;2006;43;
72018;2006;41;
72020;2006;51;
72021;2006;79;
72025;2006;44;
72029;2006;37;
72030;2006;51;
72037;2006;68;
72038;2006;35;
72039;2006;96;
72040;2006;43;
72041;2006;55;
73001;2006;34;
73006;2006;66;
73009;2006;43;
73022;2006;16;
73028;2006;0;
73032;2006;32;
73040;2006;28;
73042;2006;103;
73066;2006;35;
73083;2006;116;
73098;2006;36;
73107;2006;154;
73109;2006;8;
81001;2006;143;
81003;2006;13;
81004;2006;96;
81013;2006;7;
81015;2006;49;
82003;2006;57;
82005;2006;5;
82009;2006;9;
82014;2006;10;
82032;2006;28;
82036;2006;14;
82037;2006;18;
82038;2006;5;
83012;2006;21;
83013;2006;5;
83028;2006;7;
83031;2006;13;
83034;2006;44;
83040;2006;14;
83044;2006;7;
83049;2006;6;
83055;2006;16;
84009;2006;20;
84010;2006;18;
84016;2006;6;
84029;2006;0;
84033;2006;10;
84035;2006;13;
84043;2006;16;
84050;2006;9;
84059;2006;23;
84068;2006;11;
84075;2006;30;
84077;2006;53;
85007;2006;8;
85009;2006;26;
85011;2006;14;
85024;2006;8;
85026;2006;12;
85034;2006;10;
85039;2006;5;
85045;2006;31;
85046;2006;46;
85047;2006;6;
91005;2006;20;
91013;2006;31;
91015;2006;3;
91030;2006;62;
91034;2006;93;
91054;2006;8;
91059;2006;18;
91064;2006;6;
91072;2006;29;
91103;2006;9;
91114;2006;58;
91120;2006;12;
91141;2006;25;
91142;2006;27;
91143;2006;25;
92003;2006;143;
92006;2006;21;
92035;2006;37;
92045;2006;40;
92048;2006;24;
92054;2006;23;
92087;2006;38;
92094;2006;610;
92097;2006;14;
92101;2006;35;
92114;2006;47;
92137;2006;162;
92138;2006;39;
92140;2006;102;
92141;2006;33;
92142;2006;99;
93010;2006;16;
93014;2006;65;
93018;2006;14;
93022;2006;28;
93056;2006;29;
93088;2006;91;
93090;2006;23;
11001;2007;81;
11002;2007;4669;
11004;2007;47;
11005;2007;119;
11007;2007;69;
11008;2007;150;
11009;2007;93;
11013;2007;165;
11016;2007;49;
11018;2007;30;
11021;2007;76;
11022;2007;82;
11023;2007;125;
11024;2007;132;
11025;2007;19;
11029;2007;240;
11030;2007;32;
11035;2007;61;
11037;2007;102;
11038;2007;34;
11039;2007;28;
11040;2007;70;
11044;2007;65;
11050;2007;71;
11052;2007;117;
11053;2007;50;
11054;2007;73;
11055;2007;33;
11056;2007;71;
11057;2007;27;
12002;2007;29;
12005;2007;53;
12007;2007;23;
12009;2007;78;
12014;2007;84;
12021;2007;161;
12025;2007;524;
12026;2007;52;
12029;2007;26;
12030;2007;29;
12034;2007;7;
12035;2007;68;
12040;2007;82;
13001;2007;23;
13002;2007;17;
13003;2007;56;
13004;2007;67;
13006;2007;21;
13008;2007;122;
13010;2007;26;
13011;2007;60;
13012;2007;14;
13013;2007;28;
13014;2007;78;
13016;2007;14;
13017;2007;43;
13019;2007;78;
13021;2007;16;
13023;2007;29;
13025;2007;107;
13029;2007;42;
13031;2007;24;
13035;2007;40;
13036;2007;53;
13037;2007;26;
13040;2007;126;
13044;2007;10;
13046;2007;21;
13049;2007;44;
13053;2007;44;
21001;2007;793;
21002;2007;250;
21003;2007;246;
21004;2007;1721;
21005;2007;321;
21006;2007;283;
21007;2007;472;
21008;2007;245;
21009;2007;975;
21010;2007;431;
21011;2007;159;
21012;2007;633;
21013;2007;504;
21014;2007;130;
21015;2007;725;
21016;2007;1038;
21017;2007;173;
21018;2007;383;
21019;2007;292;
21020;2007;0;
23002;2007;197;
23003;2007;220;
23009;2007;2;
23016;2007;342;
23023;2007;19;
23024;2007;22;
23025;2007;287;
23027;2007;230;
23032;2007;23;
23033;2007;56;
23038;2007;42;
23039;2007;22;
23044;2007;36;
23045;2007;37;
23047;2007;110;
23050;2007;91;
23052;2007;61;
23060;2007;31;
23062;2007;132;
23064;2007;5;
23077;2007;194;
23081;2007;84;
23086;2007;81;
23088;2007;332;
23094;2007;235;
23095;2007;0;
23096;2007;137;
23097;2007;37;
23098;2007;41;
23099;2007;114;
23100;2007;26;
23101;2007;201;
23102;2007;168;
23103;2007;127;
23104;2007;40;
23105;2007;48;
24001;2007;65;
24007;2007;10;
24008;2007;17;
24009;2007;37;
24011;2007;35;
24014;2007;43;
24016;2007;19;
24020;2007;74;
24028;2007;3;
24033;2007;36;
24038;2007;66;
24041;2007;20;
24043;2007;11;
24045;2007;22;
24048;2007;63;
24054;2007;8;
24055;2007;79;
24059;2007;56;
24062;2007;504;
24066;2007;19;
24086;2007;31;
24094;2007;20;
24104;2007;132;
24107;2007;105;
24109;2007;29;
24130;2007;11;
24133;2007;10;
24134;2007;38;
24135;2007;10;
24137;2007;12;
25005;2007;36;
25014;2007;267;
25015;2007;69;
25018;2007;62;
25023;2007;56;
25031;2007;102;
25037;2007;48;
25043;2007;23;
25044;2007;43;
25048;2007;62;
25050;2007;70;
25068;2007;32;
25072;2007;129;
25084;2007;39;
25091;2007;146;
25105;2007;137;
25107;2007;58;
25110;2007;430;
25112;2007;146;
25117;2007;45;
25118;2007;20;
25119;2007;245;
25120;2007;33;
25121;2007;284;
25122;2007;16;
25123;2007;40;
25124;2007;36;
31003;2007;61;
31004;2007;50;
31005;2007;336;
31006;2007;32;
31012;2007;32;
31022;2007;47;
31033;2007;42;
31040;2007;24;
31042;2007;6;
31043;2007;140;
32003;2007;25;
32006;2007;7;
32010;2007;9;
32011;2007;19;
32030;2007;2;
33011;2007;42;
33016;2007;2;
33021;2007;33;
33029;2007;33;
33037;2007;15;
33039;2007;11;
33040;2007;18;
33041;2007;3;
34002;2007;42;
34003;2007;26;
34009;2007;20;
34013;2007;49;
34022;2007;274;
34023;2007;27;
34025;2007;7;
34027;2007;120;
34040;2007;75;
34041;2007;54;
34042;2007;50;
34043;2007;11;
35002;2007;47;
35005;2007;22;
35006;2007;7;
35011;2007;44;
35013;2007;222;
35014;2007;15;
35029;2007;38;
36006;2007;17;
36007;2007;8;
36008;2007;37;
36010;2007;16;
36011;2007;16;
36012;2007;19;
36015;2007;123;
36019;2007;29;
37002;2007;17;
37007;2007;13;
37010;2007;6;
37011;2007;8;
37012;2007;4;
37015;2007;44;
37017;2007;8;
37018;2007;36;
37020;2007;16;
38002;2007;7;
38008;2007;35;
38014;2007;57;
38016;2007;19;
38025;2007;24;
41002;2007;256;
41011;2007;50;
41018;2007;70;
41024;2007;41;
41027;2007;44;
41034;2007;38;
41048;2007;87;
41063;2007;16;
41081;2007;57;
41082;2007;66;
42003;2007;22;
42004;2007;13;
42006;2007;67;
42008;2007;67;
42010;2007;20;
42011;2007;16;
42023;2007;34;
42025;2007;59;
42026;2007;27;
42028;2007;32;
43002;2007;16;
43005;2007;50;
43007;2007;9;
43010;2007;48;
43014;2007;7;
43018;2007;41;
44001;2007;62;
44011;2007;98;
44012;2007;27;
44013;2007;45;
44019;2007;68;
44020;2007;47;
44021;2007;1452;
44029;2007;35;
44034;2007;74;
44036;2007;17;
44040;2007;45;
44043;2007;76;
44045;2007;13;
44048;2007;48;
44049;2007;33;
44052;2007;44;
44064;2007;36;
44072;2007;14;
44073;2007;18;
44080;2007;18;
44081;2007;33;
45017;2007;45;
45035;2007;93;
45041;2007;64;
45057;2007;10;
45059;2007;28;
45060;2007;25;
45061;2007;12;
45062;2007;2;
45063;2007;15;
45064;2007;21;
45065;2007;23;
46003;2007;135;
46013;2007;44;
46014;2007;120;
46020;2007;40;
46021;2007;238;
46024;2007;44;
46025;2007;92;
51004;2007;111;
51008;2007;55;
51009;2007;47;
51012;2007;24;
51014;2007;34;
51017;2007;11;
51019;2007;6;
51065;2007;40;
52010;2007;121;
52011;2007;2635;
52012;2007;249;
52015;2007;281;
52018;2007;94;
52021;2007;144;
52022;2007;208;
52025;2007;93;
52043;2007;125;
52048;2007;126;
52055;2007;143;
52063;2007;75;
52074;2007;94;
52075;2007;81;
53014;2007;140;
53020;2007;124;
53028;2007;147;
53039;2007;55;
53044;2007;76;
53046;2007;14;
53053;2007;852;
53065;2007;102;
53068;2007;68;
53070;2007;218;
53082;2007;270;
53083;2007;24;
53084;2007;34;
54007;2007;336;
54010;2007;63;
55004;2007;99;
55010;2007;46;
55022;2007;467;
55023;2007;46;
55035;2007;72;
55039;2007;41;
55040;2007;109;
55050;2007;51;
56001;2007;102;
56005;2007;44;
56011;2007;201;
56016;2007;39;
56022;2007;56;
56029;2007;27;
56044;2007;25;
56049;2007;23;
56051;2007;35;
56078;2007;121;
56085;2007;42;
56086;2007;86;
56087;2007;87;
56088;2007;15;
57003;2007;28;
57018;2007;14;
57027;2007;59;
57062;2007;27;
57064;2007;102;
57072;2007;10;
57081;2007;458;
57093;2007;39;
57094;2007;61;
57095;2007;14;
61003;2007;79;
61010;2007;16;
61012;2007;12;
61019;2007;26;
61024;2007;27;
61028;2007;32;
61031;2007;143;
61039;2007;16;
61041;2007;19;
61043;2007;21;
61048;2007;8;
61063;2007;16;
61068;2007;36;
61072;2007;60;
61079;2007;18;
61080;2007;38;
61081;2007;12;
62003;2007;325;
62006;2007;63;
62009;2007;61;
62011;2007;31;
62015;2007;72;
62022;2007;119;
62026;2007;46;
62027;2007;17;
62032;2007;82;
62038;2007;81;
62051;2007;264;
62060;2007;74;
62063;2007;2013;
62079;2007;134;
62093;2007;229;
62096;2007;554;
62099;2007;74;
62100;2007;90;
62108;2007;83;
62118;2007;215;
62119;2007;29;
62120;2007;157;
62121;2007;50;
62122;2007;32;
63001;2007;6;
63003;2007;10;
63004;2007;7;
63012;2007;5;
63013;2007;3;
63020;2007;103;
63023;2007;55;
63035;2007;61;
63038;2007;17;
63040;2007;47;
63045;2007;10;
63046;2007;30;
63048;2007;16;
63049;2007;39;
63057;2007;6;
63058;2007;36;
63061;2007;28;
63067;2007;9;
63072;2007;43;
63073;2007;17;
63075;2007;13;
63076;2007;31;
63079;2007;354;
63080;2007;5;
63084;2007;49;
63086;2007;10;
63087;2007;7;
63088;2007;36;
63089;2007;35;
64008;2007;20;
64015;2007;19;
64021;2007;17;
64023;2007;22;
64025;2007;21;
64029;2007;17;
64034;2007;67;
64047;2007;15;
64056;2007;18;
64063;2007;16;
64065;2007;54;
64074;2007;69;
64075;2007;17;
64076;2007;10;
71002;2007;23;
71004;2007;164;
71011;2007;55;
71016;2007;200;
71017;2007;27;
71020;2007;15;
71022;2007;322;
71024;2007;41;
71034;2007;61;
71037;2007;44;
71045;2007;11;
71047;2007;39;
71053;2007;138;
71057;2007;43;
71066;2007;87;
71067;2007;22;
71069;2007;51;
71070;2007;105;
72003;2007;14;
72004;2007;21;
72018;2007;27;
72020;2007;120;
72021;2007;61;
72025;2007;52;
72029;2007;41;
72030;2007;46;
72037;2007;28;
72038;2007;38;
72039;2007;76;
72040;2007;28;
72041;2007;38;
73001;2007;32;
73006;2007;83;
73009;2007;21;
73022;2007;30;
73028;2007;0;
73032;2007;27;
73040;2007;19;
73042;2007;79;
73066;2007;34;
73083;2007;93;
73098;2007;19;
73107;2007;85;
73109;2007;16;
81001;2007;98;
81003;2007;5;
81004;2007;79;
81013;2007;11;
81015;2007;33;
82003;2007;77;
82005;2007;6;
82009;2007;6;
82014;2007;14;
82032;2007;32;
82036;2007;9;
82037;2007;11;
82038;2007;9;
83012;2007;51;
83013;2007;15;
83028;2007;23;
83031;2007;19;
83034;2007;82;
83040;2007;16;
83044;2007;14;
83049;2007;14;
83055;2007;20;
84009;2007;23;
84010;2007;11;
84016;2007;8;
84029;2007;6;
84033;2007;14;
84035;2007;20;
84043;2007;27;
84050;2007;10;
84059;2007;17;
84068;2007;10;
84075;2007;27;
84077;2007;21;
85007;2007;17;
85009;2007;7;
85011;2007;10;
85024;2007;6;
85026;2007;12;
85034;2007;8;
85039;2007;6;
85045;2007;41;
85046;2007;14;
85047;2007;4;
91005;2007;44;
91013;2007;34;
91015;2007;3;
91030;2007;59;
91034;2007;62;
91054;2007;15;
91059;2007;32;
91064;2007;14;
91072;2007;21;
91103;2007;8;
91114;2007;47;
91120;2007;15;
91141;2007;35;
91142;2007;17;
91143;2007;16;
92003;2007;123;
92006;2007;56;
92035;2007;64;
92045;2007;64;
92048;2007;55;
92054;2007;18;
92087;2007;55;
92094;2007;672;
92097;2007;16;
92101;2007;70;
92114;2007;48;
92137;2007;150;
92138;2007;47;
92140;2007;95;
92141;2007;45;
92142;2007;104;
93010;2007;18;
93014;2007;54;
93018;2007;9;
93022;2007;47;
93056;2007;48;
93088;2007;94;
93090;2007;35;
11001;2008;66;
11002;2008;4582;
11004;2008;59;
11005;2008;72;
11007;2008;79;
11008;2008;227;
11009;2008;105;
11013;2008;104;
11016;2008;58;
11018;2008;31;
11021;2008;64;
11022;2008;64;
11023;2008;96;
11024;2008;106;
11025;2008;17;
11029;2008;239;
11030;2008;25;
11035;2008;137;
11037;2008;67;
11038;2008;52;
11039;2008;82;
11040;2008;136;
11044;2008;51;
11050;2008;81;
11052;2008;76;
11053;2008;73;
11054;2008;70;
11055;2008;59;
11056;2008;68;
11057;2008;45;
12002;2008;13;
12005;2008;33;
12007;2008;25;
12009;2008;62;
12014;2008;63;
12021;2008;132;
12025;2008;568;
12026;2008;41;
12029;2008;24;
12030;2008;71;
12034;2008;7;
12035;2008;51;
12040;2008;69;
13001;2008;31;
13002;2008;8;
13003;2008;64;
13004;2008;66;
13006;2008;16;
13008;2008;83;
13010;2008;21;
13011;2008;124;
13012;2008;37;
13013;2008;24;
13014;2008;74;
13016;2008;19;
13017;2008;55;
13019;2008;72;
13021;2008;23;
13023;2008;30;
13025;2008;80;
13029;2008;36;
13031;2008;31;
13035;2008;43;
13036;2008;48;
13037;2008;17;
13040;2008;204;
13044;2008;18;
13046;2008;23;
13049;2008;74;
13053;2008;52;
21001;2008;732;
21002;2008;266;
21003;2008;192;
21004;2008;1672;
21005;2008;329;
21006;2008;227;
21007;2008;502;
21008;2008;241;
21009;2008;1023;
21010;2008;434;
21011;2008;179;
21012;2008;616;
21013;2008;531;
21014;2008;146;
21015;2008;753;
21016;2008;824;
21017;2008;182;
21018;2008;432;
21019;2008;305;
21020;2008;0;
23002;2008;175;
23003;2008;180;
23009;2008;4;
23016;2008;252;
23023;2008;21;
23024;2008;26;
23025;2008;193;
23027;2008;153;
23032;2008;19;
23033;2008;86;
23038;2008;34;
23039;2008;23;
23044;2008;35;
23045;2008;80;
23047;2008;84;
23050;2008;101;
23052;2008;68;
23060;2008;59;
23062;2008;146;
23064;2008;15;
23077;2008;148;
23081;2008;49;
23086;2008;81;
23088;2008;240;
23094;2008;268;
23095;2008;0;
23096;2008;119;
23097;2008;47;
23098;2008;49;
23099;2008;119;
23100;2008;27;
23101;2008;138;
23102;2008;149;
23103;2008;232;
23104;2008;45;
23105;2008;74;
24001;2008;61;
24007;2008;9;
24008;2008;13;
24009;2008;29;
24011;2008;22;
24014;2008;37;
24016;2008;22;
24020;2008;92;
24028;2008;5;
24033;2008;15;
24038;2008;68;
24041;2008;18;
24043;2008;27;
24045;2008;20;
24048;2008;22;
24054;2008;14;
24055;2008;78;
24059;2008;78;
24062;2008;525;
24066;2008;45;
24086;2008;21;
24094;2008;29;
24104;2008;84;
24107;2008;89;
24109;2008;11;
24130;2008;11;
24133;2008;11;
24134;2008;46;
24135;2008;23;
24137;2008;2;
25005;2008;14;
25014;2008;227;
25015;2008;61;
25018;2008;41;
25023;2008;58;
25031;2008;110;
25037;2008;28;
25043;2008;20;
25044;2008;28;
25048;2008;31;
25050;2008;74;
25068;2008;16;
25072;2008;192;
25084;2008;36;
25091;2008;201;
25105;2008;118;
25107;2008;66;
25110;2008;308;
25112;2008;114;
25117;2008;23;
25118;2008;21;
25119;2008;75;
25120;2008;18;
25121;2008;193;
25122;2008;11;
25123;2008;42;
25124;2008;28;
31003;2008;30;
31004;2008;37;
31005;2008;239;
31006;2008;32;
31012;2008;26;
31022;2008;43;
31033;2008;52;
31040;2008;46;
31042;2008;4;
31043;2008;100;
32003;2008;29;
32006;2008;7;
32010;2008;23;
32011;2008;22;
32030;2008;2;
33011;2008;66;
33016;2008;4;
33021;2008;19;
33029;2008;34;
33037;2008;18;
33039;2008;14;
33040;2008;12;
33041;2008;6;
34002;2008;38;
34003;2008;21;
34009;2008;28;
34013;2008;56;
34022;2008;279;
34023;2008;23;
34025;2008;12;
34027;2008;136;
34040;2008;104;
34041;2008;72;
34042;2008;62;
34043;2008;13;
35002;2008;47;
35005;2008;22;
35006;2008;51;
35011;2008;57;
35013;2008;208;
35014;2008;18;
35029;2008;35;
36006;2008;22;
36007;2008;31;
36008;2008;57;
36010;2008;19;
36011;2008;18;
36012;2008;15;
36015;2008;148;
36019;2008;12;
37002;2008;13;
37007;2008;20;
37010;2008;8;
37011;2008;24;
37012;2008;7;
37015;2008;46;
37017;2008;12;
37018;2008;22;
37020;2008;36;
38002;2008;11;
38008;2008;40;
38014;2008;85;
38016;2008;44;
38025;2008;20;
41002;2008;287;
41011;2008;63;
41018;2008;72;
41024;2008;59;
41027;2008;27;
41034;2008;56;
41048;2008;142;
41063;2008;17;
41081;2008;67;
41082;2008;61;
42003;2008;12;
42004;2008;36;
42006;2008;125;
42008;2008;63;
42010;2008;28;
42011;2008;80;
42023;2008;31;
42025;2008;59;
42026;2008;37;
42028;2008;32;
43002;2008;24;
43005;2008;56;
43007;2008;8;
43010;2008;47;
43014;2008;11;
43018;2008;36;
44001;2008;54;
44011;2008;89;
44012;2008;21;
44013;2008;62;
44019;2008;46;
44020;2008;25;
44021;2008;1140;
44029;2008;13;
44034;2008;67;
44036;2008;12;
44040;2008;20;
44043;2008;61;
44045;2008;17;
44048;2008;30;
44049;2008;41;
44052;2008;32;
44064;2008;17;
44072;2008;21;
44073;2008;17;
44080;2008;21;
44081;2008;25;
45017;2008;23;
45035;2008;89;
45041;2008;61;
45057;2008;24;
45059;2008;15;
45060;2008;28;
45061;2008;30;
45062;2008;4;
45063;2008;16;
45064;2008;15;
45065;2008;14;
46003;2008;139;
46013;2008;34;
46014;2008;111;
46020;2008;43;
46021;2008;211;
46024;2008;24;
46025;2008;101;
51004;2008;141;
51008;2008;74;
51009;2008;111;
51012;2008;16;
51014;2008;21;
51017;2008;15;
51019;2008;10;
51065;2008;32;
52010;2008;105;
52011;2008;2948;
52012;2008;249;
52015;2008;391;
52018;2008;54;
52021;2008;194;
52022;2008;206;
52025;2008;70;
52043;2008;233;
52048;2008;153;
52055;2008;133;
52063;2008;75;
52074;2008;86;
52075;2008;90;
53014;2008;173;
53020;2008;136;
53028;2008;200;
53039;2008;53;
53044;2008;59;
53046;2008;25;
53053;2008;818;
53065;2008;129;
53068;2008;82;
53070;2008;168;
53082;2008;214;
53083;2008;20;
53084;2008;44;
54007;2008;327;
54010;2008;78;
55004;2008;160;
55010;2008;63;
55022;2008;525;
55023;2008;52;
55035;2008;55;
55039;2008;29;
55040;2008;106;
55050;2008;29;
56001;2008;119;
56005;2008;54;
56011;2008;173;
56016;2008;48;
56022;2008;34;
56029;2008;33;
56044;2008;35;
56049;2008;30;
56051;2008;34;
56078;2008;129;
56085;2008;34;
56086;2008;97;
56087;2008;140;
56088;2008;21;
57003;2008;52;
57018;2008;19;
57027;2008;70;
57062;2008;15;
57064;2008;234;
57072;2008;16;
57081;2008;485;
57093;2008;28;
57094;2008;74;
57095;2008;10;
61003;2008;92;
61010;2008;15;
61012;2008;31;
61019;2008;22;
61024;2008;48;
61028;2008;28;
61031;2008;134;
61039;2008;11;
61041;2008;20;
61043;2008;40;
61048;2008;11;
61063;2008;14;
61068;2008;40;
61072;2008;87;
61079;2008;37;
61080;2008;37;
61081;2008;13;
62003;2008;362;
62006;2008;64;
62009;2008;61;
62011;2008;51;
62015;2008;82;
62022;2008;117;
62026;2008;49;
62027;2008;18;
62032;2008;125;
62038;2008;118;
62051;2008;327;
62060;2008;77;
62063;2008;2470;
62079;2008;157;
62093;2008;266;
62096;2008;622;
62099;2008;87;
62100;2008;82;
62108;2008;107;
62118;2008;194;
62119;2008;69;
62120;2008;166;
62121;2008;60;
62122;2008;44;
63001;2008;8;
63003;2008;11;
63004;2008;22;
63012;2008;6;
63013;2008;4;
63020;2008;62;
63023;2008;59;
63035;2008;81;
63038;2008;23;
63040;2008;34;
63045;2008;12;
63046;2008;27;
63048;2008;23;
63049;2008;34;
63057;2008;10;
63058;2008;45;
63061;2008;22;
63067;2008;14;
63072;2008;44;
63073;2008;35;
63075;2008;11;
63076;2008;34;
63079;2008;393;
63080;2008;9;
63084;2008;31;
63086;2008;10;
63087;2008;8;
63088;2008;22;
63089;2008;39;
64008;2008;16;
64015;2008;11;
64021;2008;23;
64023;2008;12;
64025;2008;32;
64029;2008;34;
64034;2008;64;
64047;2008;16;
64056;2008;17;
64063;2008;31;
64065;2008;68;
64074;2008;104;
64075;2008;9;
64076;2008;10;
71002;2008;27;
71004;2008;224;
71011;2008;64;
71016;2008;251;
71017;2008;39;
71020;2008;22;
71022;2008;371;
71024;2008;23;
71034;2008;63;
71037;2008;42;
71045;2008;13;
71047;2008;33;
71053;2008;147;
71057;2008;52;
71066;2008;45;
71067;2008;29;
71069;2008;56;
71070;2008;113;
72003;2008;30;
72004;2008;28;
72018;2008;22;
72020;2008;83;
72021;2008;70;
72025;2008;56;
72029;2008;30;
72030;2008;33;
72037;2008;50;
72038;2008;28;
72039;2008;91;
72040;2008;32;
72041;2008;54;
73001;2008;25;
73006;2008;93;
73009;2008;27;
73022;2008;26;
73028;2008;0;
73032;2008;19;
73040;2008;35;
73042;2008;74;
73066;2008;65;
73083;2008;105;
73098;2008;8;
73107;2008;179;
73109;2008;7;
81001;2008;141;
81003;2008;5;
81004;2008;70;
81013;2008;5;
81015;2008;16;
82003;2008;70;
82005;2008;7;
82009;2008;4;
82014;2008;18;
82032;2008;43;
82036;2008;13;
82037;2008;13;
82038;2008;5;
83012;2008;72;
83013;2008;10;
83028;2008;23;
83031;2008;13;
83034;2008;57;
83040;2008;8;
83044;2008;13;
83049;2008;6;
83055;2008;11;
84009;2008;15;
84010;2008;23;
84016;2008;6;
84029;2008;9;
84033;2008;6;
84035;2008;26;
84043;2008;20;
84050;2008;12;
84059;2008;14;
84068;2008;10;
84075;2008;21;
84077;2008;35;
85007;2008;13;
85009;2008;3;
85011;2008;21;
85024;2008;4;
85026;2008;7;
85034;2008;10;
85039;2008;10;
85045;2008;40;
85046;2008;12;
85047;2008;4;
91005;2008;30;
91013;2008;33;
91015;2008;6;
91030;2008;45;
91034;2008;55;
91054;2008;12;
91059;2008;36;
91064;2008;21;
91072;2008;18;
91103;2008;15;
91114;2008;43;
91120;2008;24;
91141;2008;24;
91142;2008;20;
91143;2008;14;
92003;2008;124;
92006;2008;17;
92035;2008;81;
92045;2008;49;
92048;2008;56;
92054;2008;14;
92087;2008;74;
92094;2008;656;
92097;2008;3;
92101;2008;50;
92114;2008;57;
92137;2008;187;
92138;2008;52;
92140;2008;98;
92141;2008;52;
92142;2008;103;
93010;2008;16;
93014;2008;65;
93018;2008;10;
93022;2008;56;
93056;2008;43;
93088;2008;103;
93090;2008;22;
11001;2009;69;
11002;2009;4890;
11004;2009;65;
11005;2009;114;
11007;2009;94;
11008;2009;184;
11009;2009;92;
11013;2009;184;
11016;2009;43;
11018;2009;19;
11021;2009;65;
11022;2009;63;
11023;2009;133;
11024;2009;120;
11025;2009;16;
11029;2009;265;
11030;2009;58;
11035;2009;93;
11037;2009;82;
11038;2009;29;
11039;2009;145;
11040;2009;159;
11044;2009;56;
11050;2009;92;
11052;2009;101;
11053;2009;97;
11054;2009;64;
11055;2009;67;
11056;2009;69;
11057;2009;51;
12002;2009;15;
12005;2009;53;
12007;2009;30;
12009;2009;65;
12014;2009;69;
12021;2009;159;
12025;2009;718;
12026;2009;49;
12029;2009;27;
12030;2009;49;
12034;2009;11;
12035;2009;47;
12040;2009;111;
13001;2009;18;
13002;2009;11;
13003;2009;69;
13004;2009;45;
13006;2009;18;
13008;2009;129;
13010;2009;37;
13011;2009;85;
13012;2009;15;
13013;2009;36;
13014;2009;105;
13016;2009;17;
13017;2009;36;
13019;2009;67;
13021;2009;18;
13023;2009;14;
13025;2009;76;
13029;2009;38;
13031;2009;27;
13035;2009;35;
13036;2009;34;
13037;2009;24;
13040;2009;99;
13044;2009;20;
13046;2009;18;
13049;2009;64;
13053;2009;35;
21001;2009;978;
21002;2009;372;
21003;2009;200;
21004;2009;1813;
21005;2009;483;
21006;2009;267;
21007;2009;453;
21008;2009;217;
21009;2009;1022;
21010;2009;444;
21011;2009;263;
21012;2009;740;
21013;2009;686;
21014;2009;201;
21015;2009;929;
21016;2009;944;
21017;2009;214;
21018;2009;488;
21019;2009;467;
21020;2009;0;
23002;2009;266;
23003;2009;246;
23009;2009;3;
23016;2009;400;
23023;2009;19;
23024;2009;12;
23025;2009;254;
23027;2009;214;
23032;2009;34;
23033;2009;124;
23038;2009;76;
23039;2009;22;
23044;2009;22;
23045;2009;44;
23047;2009;123;
23050;2009;119;
23052;2009;72;
23060;2009;29;
23062;2009;203;
23064;2009;12;
23077;2009;226;
23081;2009;72;
23086;2009;81;
23088;2009;306;
23094;2009;373;
23095;2009;0;
23096;2009;155;
23097;2009;34;
23098;2009;51;
23099;2009;208;
23100;2009;55;
23101;2009;135;
23102;2009;164;
23103;2009;176;
23104;2009;33;
23105;2009;56;
24001;2009;38;
24007;2009;7;
24008;2009;28;
24009;2009;40;
24011;2009;22;
24014;2009;30;
24016;2009;24;
24020;2009;96;
24028;2009;14;
24033;2009;20;
24038;2009;73;
24041;2009;12;
24043;2009;19;
24045;2009;19;
24048;2009;27;
24054;2009;8;
24055;2009;117;
24059;2009;58;
24062;2009;550;
24066;2009;32;
24086;2009;40;
24094;2009;44;
24104;2009;119;
24107;2009;116;
24109;2009;19;
24130;2009;29;
24133;2009;22;
24134;2009;39;
24135;2009;15;
24137;2009;7;
25005;2009;11;
25014;2009;280;
25015;2009;84;
25018;2009;54;
25023;2009;64;
25031;2009;72;
25037;2009;39;
25043;2009;18;
25044;2009;31;
25048;2009;48;
25050;2009;52;
25068;2009;37;
25072;2009;151;
25084;2009;23;
25091;2009;169;
25105;2009;158;
25107;2009;47;
25110;2009;316;
25112;2009;117;
25117;2009;53;
25118;2009;16;
25119;2009;90;
25120;2009;26;
25121;2009;175;
25122;2009;14;
25123;2009;51;
25124;2009;46;
31003;2009;29;
31004;2009;30;
31005;2009;301;
31006;2009;24;
31012;2009;32;
31022;2009;53;
31033;2009;37;
31040;2009;61;
31042;2009;7;
31043;2009;156;
32003;2009;37;
32006;2009;11;
32010;2009;24;
32011;2009;25;
32030;2009;2;
33011;2009;41;
33016;2009;2;
33021;2009;40;
33029;2009;37;
33037;2009;22;
33039;2009;10;
33040;2009;11;
33041;2009;3;
34002;2009;43;
34003;2009;15;
34009;2009;39;
34013;2009;64;
34022;2009;274;
34023;2009;24;
34025;2009;4;
34027;2009;130;
34040;2009;107;
34041;2009;105;
34042;2009;72;
34043;2009;8;
35002;2009;43;
35005;2009;31;
35006;2009;25;
35011;2009;62;
35013;2009;322;
35014;2009;14;
35029;2009;32;
36006;2009;23;
36007;2009;19;
36008;2009;55;
36010;2009;21;
36011;2009;12;
36012;2009;21;
36015;2009;101;
36019;2009;15;
37002;2009;32;
37007;2009;29;
37010;2009;12;
37011;2009;13;
37012;2009;22;
37015;2009;48;
37017;2009;25;
37018;2009;22;
37020;2009;28;
38002;2009;16;
38008;2009;59;
38014;2009;73;
38016;2009;80;
38025;2009;36;
41002;2009;256;
41011;2009;46;
41018;2009;102;
41024;2009;22;
41027;2009;59;
41034;2009;61;
41048;2009;88;
41063;2009;11;
41081;2009;57;
41082;2009;72;
42003;2009;23;
42004;2009;33;
42006;2009;129;
42008;2009;45;
42010;2009;30;
42011;2009;36;
42023;2009;62;
42025;2009;71;
42026;2009;11;
42028;2009;33;
43002;2009;48;
43005;2009;35;
43007;2009;20;
43010;2009;38;
43014;2009;11;
43018;2009;43;
44001;2009;67;
44011;2009;80;
44012;2009;25;
44013;2009;63;
44019;2009;58;
44020;2009;24;
44021;2009;1400;
44029;2009;20;
44034;2009;65;
44036;2009;14;
44040;2009;32;
44043;2009;45;
44045;2009;29;
44048;2009;44;
44049;2009;28;
44052;2009;21;
44064;2009;23;
44072;2009;7;
44073;2009;10;
44080;2009;22;
44081;2009;50;
45017;2009;51;
45035;2009;102;
45041;2009;100;
45057;2009;22;
45059;2009;35;
45060;2009;49;
45061;2009;18;
45062;2009;5;
45063;2009;12;
45064;2009;24;
45065;2009;12;
46003;2009;150;
46013;2009;43;
46014;2009;100;
46020;2009;44;
46021;2009;276;
46024;2009;34;
46025;2009;103;
51004;2009;123;
51008;2009;135;
51009;2009;109;
51012;2009;10;
51014;2009;24;
51017;2009;11;
51019;2009;11;
51065;2009;57;
52010;2009;181;
52011;2009;3408;
52012;2009;286;
52015;2009;392;
52018;2009;67;
52021;2009;167;
52022;2009;229;
52025;2009;97;
52043;2009;249;
52048;2009;135;
52055;2009;235;
52063;2009;104;
52074;2009;61;
52075;2009;78;
53014;2009;107;
53020;2009;137;
53028;2009;128;
53039;2009;48;
53044;2009;52;
53046;2009;25;
53053;2009;1113;
53065;2009;131;
53068;2009;71;
53070;2009;155;
53082;2009;183;
53083;2009;19;
53084;2009;24;
54007;2009;390;
54010;2009;54;
55004;2009;122;
55010;2009;75;
55022;2009;625;
55023;2009;72;
55035;2009;67;
55039;2009;47;
55040;2009;121;
55050;2009;52;
56001;2009;131;
56005;2009;41;
56011;2009;231;
56016;2009;46;
56022;2009;35;
56029;2009;31;
56044;2009;33;
56049;2009;28;
56051;2009;25;
56078;2009;113;
56085;2009;33;
56086;2009;81;
56087;2009;180;
56088;2009;19;
57003;2009;64;
57018;2009;9;
57027;2009;79;
57062;2009;17;
57064;2009;139;
57072;2009;22;
57081;2009;609;
57093;2009;20;
57094;2009;75;
57095;2009;14;
61003;2009;106;
61010;2009;14;
61012;2009;10;
61019;2009;36;
61024;2009;24;
61028;2009;31;
61031;2009;137;
61039;2009;21;
61041;2009;8;
61043;2009;23;
61048;2009;11;
61063;2009;20;
61068;2009;44;
61072;2009;105;
61079;2009;8;
61080;2009;33;
61081;2009;21;
62003;2009;307;
62006;2009;68;
62009;2009;68;
62011;2009;96;
62015;2009;127;
62022;2009;198;
62026;2009;18;
62027;2009;39;
62032;2009;101;
62038;2009;129;
62051;2009;374;
62060;2009;80;
62063;2009;2268;
62079;2009;218;
62093;2009;262;
62096;2009;687;
62099;2009;116;
62100;2009;124;
62108;2009;134;
62118;2009;264;
62119;2009;99;
62120;2009;251;
62121;2009;84;
62122;2009;46;
63001;2009;5;
63003;2009;15;
63004;2009;13;
63012;2009;3;
63013;2009;6;
63020;2009;97;
63023;2009;65;
63035;2009;105;
63038;2009;58;
63040;2009;27;
63045;2009;11;
63046;2009;20;
63048;2009;15;
63049;2009;40;
63057;2009;53;
63058;2009;47;
63061;2009;51;
63067;2009;33;
63072;2009;73;
63073;2009;18;
63075;2009;20;
63076;2009;60;
63079;2009;432;
63080;2009;16;
63084;2009;20;
63086;2009;8;
63087;2009;7;
63088;2009;14;
63089;2009;31;
64008;2009;21;
64015;2009;20;
64021;2009;15;
64023;2009;15;
64025;2009;24;
64029;2009;10;
64034;2009;75;
64047;2009;14;
64056;2009;22;
64063;2009;46;
64065;2009;54;
64074;2009;105;
64075;2009;15;
64076;2009;26;
71002;2009;35;
71004;2009;132;
71011;2009;57;
71016;2009;151;
71017;2009;30;
71020;2009;11;
71022;2009;290;
71024;2009;29;
71034;2009;49;
71037;2009;31;
71045;2009;8;
71047;2009;14;
71053;2009;153;
71057;2009;63;
71066;2009;78;
71067;2009;25;
71069;2009;39;
71070;2009;94;
72003;2009;23;
72004;2009;20;
72018;2009;33;
72020;2009;90;
72021;2009;89;
72025;2009;40;
72029;2009;42;
72030;2009;39;
72037;2009;42;
72038;2009;27;
72039;2009;65;
72040;2009;33;
72041;2009;80;
73001;2009;46;
73006;2009;113;
73009;2009;30;
73022;2009;21;
73028;2009;0;
73032;2009;30;
73040;2009;24;
73042;2009;91;
73066;2009;64;
73083;2009;123;
73098;2009;5;
73107;2009;187;
73109;2009;11;
81001;2009;142;
81003;2009;11;
81004;2009;107;
81013;2009;6;
81015;2009;25;
82003;2009;50;
82005;2009;5;
82009;2009;15;
82014;2009;26;
82032;2009;37;
82036;2009;13;
82037;2009;40;
82038;2009;5;
83012;2009;69;
83013;2009;19;
83028;2009;24;
83031;2009;17;
83034;2009;61;
83040;2009;17;
83044;2009;16;
83049;2009;3;
83055;2009;21;
84009;2009;19;
84010;2009;20;
84016;2009;4;
84029;2009;17;
84033;2009;32;
84035;2009;20;
84043;2009;24;
84050;2009;11;
84059;2009;13;
84068;2009;8;
84075;2009;17;
84077;2009;37;
85007;2009;14;
85009;2009;18;
85011;2009;11;
85024;2009;5;
85026;2009;27;
85034;2009;15;
85039;2009;10;
85045;2009;84;
85046;2009;24;
85047;2009;6;
91005;2009;20;
91013;2009;20;
91015;2009;10;
91030;2009;50;
91034;2009;34;
91054;2009;15;
91059;2009;25;
91064;2009;20;
91072;2009;27;
91103;2009;12;
91114;2009;43;
91120;2009;12;
91141;2009;33;
91142;2009;25;
91143;2009;22;
92003;2009;89;
92006;2009;33;
92035;2009;77;
92045;2009;38;
92048;2009;55;
92054;2009;13;
92087;2009;56;
92094;2009;751;
92097;2009;12;
92101;2009;33;
92114;2009;44;
92137;2009;163;
92138;2009;51;
92140;2009;99;
92141;2009;61;
92142;2009;153;
93010;2009;10;
93014;2009;53;
93018;2009;11;
93022;2009;48;
93056;2009;27;
93088;2009;125;
93090;2009;33;
11001;2010;129;
11002;2010;4764;
11004;2010;67;
11005;2010;95;
11007;2010;108;
11008;2010;209;
11009;2010;149;
11013;2010;152;
11016;2010;54;
11018;2010;42;
11021;2010;58;
11022;2010;80;
11023;2010;111;
11024;2010;148;
11025;2010;29;
11029;2010;178;
11030;2010;35;
11035;2010;133;
11037;2010;110;
11038;2010;43;
11039;2010;166;
11040;2010;192;
11044;2010;40;
11050;2010;66;
11052;2010;120;
11053;2010;102;
11054;2010;113;
11055;2010;99;
11056;2010;94;
11057;2010;50;
12002;2010;19;
12005;2010;37;
12007;2010;65;
12009;2010;68;
12014;2010;65;
12021;2010;124;
12025;2010;484;
12026;2010;54;
12029;2010;31;
12030;2010;53;
12034;2010;8;
12035;2010;42;
12040;2010;113;
13001;2010;23;
13002;2010;10;
13003;2010;25;
13004;2010;56;
13006;2010;10;
13008;2010;115;
13010;2010;48;
13011;2010;90;
13012;2010;23;
13013;2010;30;
13014;2010;92;
13016;2010;15;
13017;2010;71;
13019;2010;103;
13021;2010;21;
13023;2010;20;
13025;2010;86;
13029;2010;26;
13031;2010;34;
13035;2010;39;
13036;2010;21;
13037;2010;22;
13040;2010;136;
13044;2010;15;
13046;2010;28;
13049;2010;39;
13053;2010;40;
21001;2010;1040;
21002;2010;402;
21003;2010;281;
21004;2010;1689;
21005;2010;493;
21006;2010;332;
21007;2010;575;
21008;2010;313;
21009;2010;1188;
21010;2010;414;
21011;2010;188;
21012;2010;650;
21013;2010;669;
21014;2010;203;
21015;2010;929;
21016;2010;1171;
21017;2010;209;
21018;2010;553;
21019;2010;422;
21020;2010;0;
23002;2010;263;
23003;2010;184;
23009;2010;5;
23016;2010;331;
23023;2010;7;
23024;2010;18;
23025;2010;271;
23027;2010;183;
23032;2010;20;
23033;2010;46;
23038;2010;39;
23039;2010;22;
23044;2010;26;
23045;2010;28;
23047;2010;97;
23050;2010;138;
23052;2010;49;
23060;2010;29;
23062;2010;167;
23064;2010;10;
23077;2010;219;
23081;2010;79;
23086;2010;74;
23088;2010;276;
23094;2010;279;
23095;2010;0;
23096;2010;174;
23097;2010;42;
23098;2010;49;
23099;2010;171;
23100;2010;29;
23101;2010;143;
23102;2010;175;
23103;2010;133;
23104;2010;36;
23105;2010;48;
24001;2010;97;
24007;2010;11;
24008;2010;21;
24009;2010;41;
24011;2010;53;
24014;2010;56;
24016;2010;34;
24020;2010;97;
24028;2010;17;
24033;2010;21;
24038;2010;80;
24041;2010;24;
24043;2010;13;
24045;2010;28;
24048;2010;49;
24054;2010;7;
24055;2010;76;
24059;2010;61;
24062;2010;553;
24066;2010;25;
24086;2010;63;
24094;2010;30;
24104;2010;79;
24107;2010;125;
24109;2010;21;
24130;2010;20;
24133;2010;10;
24134;2010;40;
24135;2010;18;
24137;2010;5;
25005;2010;19;
25014;2010;299;
25015;2010;73;
25018;2010;48;
25023;2010;39;
25031;2010;69;
25037;2010;35;
25043;2010;23;
25044;2010;39;
25048;2010;45;
25050;2010;41;
25068;2010;24;
25072;2010;144;
25084;2010;32;
25091;2010;119;
25105;2010;129;
25107;2010;33;
25110;2010;261;
25112;2010;206;
25117;2010;37;
25118;2010;24;
25119;2010;75;
25120;2010;51;
25121;2010;175;
25122;2010;23;
25123;2010;43;
25124;2010;32;
31003;2010;53;
31004;2010;76;
31005;2010;349;
31006;2010;35;
31012;2010;29;
31022;2010;70;
31033;2010;37;
31040;2010;77;
31042;2010;11;
31043;2010;190;
32003;2010;22;
32006;2010;13;
32010;2010;16;
32011;2010;19;
32030;2010;0;
33011;2010;47;
33016;2010;0;
33021;2010;33;
33029;2010;36;
33037;2010;36;
33039;2010;16;
33040;2010;7;
33041;2010;7;
34002;2010;25;
34003;2010;19;
34009;2010;25;
34013;2010;46;
34022;2010;244;
34023;2010;16;
34025;2010;5;
34027;2010;133;
34040;2010;74;
34041;2010;95;
34042;2010;54;
34043;2010;19;
35002;2010;34;
35005;2010;30;
35006;2010;16;
35011;2010;65;
35013;2010;278;
35014;2010;20;
35029;2010;69;
36006;2010;20;
36007;2010;21;
36008;2010;54;
36010;2010;18;
36011;2010;18;
36012;2010;32;
36015;2010;125;
36019;2010;27;
37002;2010;22;
37007;2010;15;
37010;2010;5;
37011;2010;9;
37012;2010;12;
37015;2010;53;
37017;2010;13;
37018;2010;30;
37020;2010;24;
38002;2010;7;
38008;2010;23;
38014;2010;58;
38016;2010;28;
38025;2010;6;
41002;2010;251;
41011;2010;46;
41018;2010;81;
41024;2010;45;
41027;2010;40;
41034;2010;42;
41048;2010;88;
41063;2010;16;
41081;2010;49;
41082;2010;86;
42003;2010;25;
42004;2010;20;
42006;2010;82;
42008;2010;48;
42010;2010;48;
42011;2010;37;
42023;2010;76;
42025;2010;109;
42026;2010;19;
42028;2010;42;
43002;2010;17;
43005;2010;62;
43007;2010;16;
43010;2010;43;
43014;2010;11;
43018;2010;40;
44001;2010;73;
44011;2010;101;
44012;2010;44;
44013;2010;78;
44019;2010;78;
44020;2010;20;
44021;2010;1654;
44029;2010;24;
44034;2010;53;
44036;2010;23;
44040;2010;46;
44043;2010;62;
44045;2010;29;
44048;2010;46;
44049;2010;48;
44052;2010;32;
44064;2010;64;
44072;2010;8;
44073;2010;16;
44080;2010;23;
44081;2010;42;
45017;2010;56;
45035;2010;62;
45041;2010;57;
45057;2010;20;
45059;2010;20;
45060;2010;13;
45061;2010;11;
45062;2010;1;
45063;2010;11;
45064;2010;5;
45065;2010;17;
46003;2010;189;
46013;2010;67;
46014;2010;155;
46020;2010;41;
46021;2010;286;
46024;2010;44;
46025;2010;142;
51004;2010;138;
51008;2010;121;
51009;2010;97;
51012;2010;15;
51014;2010;24;
51017;2010;15;
51019;2010;6;
51065;2010;43;
52010;2010;119;
52011;2010;3258;
52012;2010;245;
52015;2010;388;
52018;2010;114;
52021;2010;144;
52022;2010;227;
52025;2010;72;
52043;2010;219;
52048;2010;117;
52055;2010;118;
52063;2010;77;
52074;2010;65;
52075;2010;46;
53014;2010;136;
53020;2010;97;
53028;2010;106;
53039;2010;25;
53044;2010;60;
53046;2010;13;
53053;2010;1041;
53065;2010;199;
53068;2010;90;
53070;2010;143;
53082;2010;251;
53083;2010;34;
53084;2010;39;
54007;2010;347;
54010;2010;64;
55004;2010;118;
55010;2010;48;
55022;2010;681;
55023;2010;67;
55035;2010;67;
55039;2010;32;
55040;2010;137;
55050;2010;24;
56001;2010;128;
56005;2010;68;
56011;2010;171;
56016;2010;64;
56022;2010;49;
56029;2010;35;
56044;2010;46;
56049;2010;34;
56051;2010;40;
56078;2010;115;
56085;2010;67;
56086;2010;69;
56087;2010;113;
56088;2010;39;
57003;2010;37;
57018;2010;26;
57027;2010;65;
57062;2010;37;
57064;2010;137;
57072;2010;5;
57081;2010;458;
57093;2010;42;
57094;2010;68;
57095;2010;6;
61003;2010;113;
61010;2010;15;
61012;2010;7;
61019;2010;50;
61024;2010;19;
61028;2010;29;
61031;2010;115;
61039;2010;16;
61041;2010;14;
61043;2010;17;
61048;2010;11;
61063;2010;21;
61068;2010;43;
61072;2010;77;
61079;2010;5;
61080;2010;34;
61081;2010;11;
62003;2010;334;
62006;2010;60;
62009;2010;59;
62011;2010;58;
62015;2010;114;
62022;2010;153;
62026;2010;23;
62027;2010;26;
62032;2010;97;
62038;2010;179;
62051;2010;335;
62060;2010;77;
62063;2010;2169;
62079;2010;225;
62093;2010;246;
62096;2010;624;
62099;2010;103;
62100;2010;87;
62108;2010;150;
62118;2010;268;
62119;2010;87;
62120;2010;235;
62121;2010;75;
62122;2010;34;
63001;2010;4;
63003;2010;18;
63004;2010;31;
63012;2010;4;
63013;2010;4;
63020;2010;76;
63023;2010;81;
63035;2010;91;
63038;2010;50;
63040;2010;36;
63045;2010;11;
63046;2010;21;
63048;2010;37;
63049;2010;28;
63057;2010;32;
63058;2010;44;
63061;2010;63;
63067;2010;26;
63072;2010;42;
63073;2010;28;
63075;2010;30;
63076;2010;46;
63079;2010;319;
63080;2010;9;
63084;2010;39;
63086;2010;9;
63087;2010;7;
63088;2010;28;
63089;2010;33;
64008;2010;27;
64015;2010;25;
64021;2010;28;
64023;2010;24;
64025;2010;24;
64029;2010;22;
64034;2010;73;
64047;2010;12;
64056;2010;37;
64063;2010;42;
64065;2010;68;
64074;2010;88;
64075;2010;15;
64076;2010;21;
71002;2010;25;
71004;2010;107;
71011;2010;57;
71016;2010;221;
71017;2010;36;
71020;2010;20;
71022;2010;395;
71024;2010;28;
71034;2010;42;
71037;2010;49;
71045;2010;7;
71047;2010;8;
71053;2010;198;
71057;2010;42;
71066;2010;81;
71067;2010;24;
71069;2010;65;
71070;2010;70;
72003;2010;35;
72004;2010;18;
72018;2010;41;
72020;2010;71;
72021;2010;69;
72025;2010;22;
72029;2010;20;
72030;2010;24;
72037;2010;27;
72038;2010;31;
72039;2010;99;
72040;2010;10;
72041;2010;53;
73001;2010;29;
73006;2010;79;
73009;2010;22;
73022;2010;37;
73028;2010;1;
73032;2010;43;
73040;2010;35;
73042;2010;99;
73066;2010;60;
73083;2010;150;
73098;2010;16;
73107;2010;119;
73109;2010;12;
81001;2010;119;
81003;2010;4;
81004;2010;66;
81013;2010;7;
81015;2010;20;
82003;2010;70;
82005;2010;9;
82009;2010;8;
82014;2010;27;
82032;2010;38;
82036;2010;13;
82037;2010;8;
82038;2010;6;
83012;2010;85;
83013;2010;22;
83028;2010;37;
83031;2010;14;
83034;2010;49;
83040;2010;17;
83044;2010;5;
83049;2010;3;
83055;2010;16;
84009;2010;29;
84010;2010;15;
84016;2010;2;
84029;2010;5;
84033;2010;9;
84035;2010;13;
84043;2010;19;
84050;2010;8;
84059;2010;17;
84068;2010;7;
84075;2010;18;
84077;2010;28;
85007;2010;17;
85009;2010;11;
85011;2010;16;
85024;2010;7;
85026;2010;10;
85034;2010;9;
85039;2010;9;
85045;2010;52;
85046;2010;23;
85047;2010;5;
91005;2010;44;
91013;2010;33;
91015;2010;14;
91030;2010;50;
91034;2010;58;
91054;2010;12;
91059;2010;14;
91064;2010;14;
91072;2010;33;
91103;2010;12;
91114;2010;49;
91120;2010;25;
91141;2010;49;
91142;2010;20;
91143;2010;37;
92003;2010;122;
92006;2010;30;
92035;2010;74;
92045;2010;23;
92048;2010;49;
92054;2010;40;
92087;2010;51;
92094;2010;735;
92097;2010;17;
92101;2010;41;
92114;2010;52;
92137;2010;126;
92138;2010;44;
92140;2010;79;
92141;2010;75;
92142;2010;95;
93010;2010;23;
93014;2010;68;
93018;2010;10;
93022;2010;38;
93056;2010;40;
93088;2010;146;
93090;2010;13;
11001;2011;117;
11002;2011;4560;
11004;2011;59;
11005;2011;104;
11007;2011;127;
11008;2011;295;
11009;2011;177;
11013;2011;210;
11016;2011;45;
11018;2011;41;
11021;2011;108;
11022;2011;48;
11023;2011;108;
11024;2011;170;
11025;2011;33;
11029;2011;242;
11030;2011;29;
11035;2011;177;
11037;2011;79;
11038;2011;29;
11039;2011;141;
11040;2011;212;
11044;2011;50;
11050;2011;76;
11052;2011;131;
11053;2011;102;
11054;2011;140;
11055;2011;101;
11056;2011;103;
11057;2011;85;
12002;2011;15;
12005;2011;50;
12007;2011;57;
12009;2011;63;
12014;2011;114;
12021;2011;164;
12025;2011;532;
12026;2011;73;
12029;2011;42;
12030;2011;69;
12034;2011;24;
12035;2011;83;
12040;2011;136;
13001;2011;48;
13002;2011;20;
13003;2011;53;
13004;2011;75;
13006;2011;20;
13008;2011;135;
13010;2011;63;
13011;2011;119;
13012;2011;22;
13013;2011;34;
13014;2011;98;
13016;2011;26;
13017;2011;65;
13019;2011;80;
13021;2011;19;
13023;2011;25;
13025;2011;104;
13029;2011;58;
13031;2011;51;
13035;2011;53;
13036;2011;48;
13037;2011;47;
13040;2011;190;
13044;2011;22;
13046;2011;32;
13049;2011;67;
13053;2011;46;
21001;2011;870;
21002;2011;271;
21003;2011;184;
21004;2011;1799;
21005;2011;351;
21006;2011;301;
21007;2011;519;
21008;2011;270;
21009;2011;1191;
21010;2011;384;
21011;2011;157;
21012;2011;597;
21013;2011;734;
21014;2011;200;
21015;2011;765;
21016;2011;1002;
21017;2011;266;
21018;2011;471;
21019;2011;341;
21020;2011;0;
23002;2011;231;
23003;2011;174;
23009;2011;9;
23016;2011;352;
23023;2011;24;
23024;2011;13;
23025;2011;278;
23027;2011;190;
23032;2011;15;
23033;2011;64;
23038;2011;62;
23039;2011;28;
23044;2011;32;
23045;2011;48;
23047;2011;131;
23050;2011;127;
23052;2011;53;
23060;2011;27;
23062;2011;194;
23064;2011;7;
23077;2011;213;
23081;2011;75;
23086;2011;84;
23088;2011;336;
23094;2011;328;
23095;2011;0;
23096;2011;212;
23097;2011;36;
23098;2011;42;
23099;2011;120;
23100;2011;75;
23101;2011;161;
23102;2011;136;
23103;2011;119;
23104;2011;52;
23105;2011;68;
24001;2011;104;
24007;2011;28;
24008;2011;25;
24009;2011;51;
24011;2011;41;
24014;2011;49;
24016;2011;46;
24020;2011;78;
24028;2011;10;
24033;2011;44;
24038;2011;51;
24041;2011;26;
24043;2011;39;
24045;2011;34;
24048;2011;25;
24054;2011;11;
24055;2011;136;
24059;2011;75;
24062;2011;628;
24066;2011;9;
24086;2011;42;
24094;2011;58;
24104;2011;166;
24107;2011;180;
24109;2011;18;
24130;2011;17;
24133;2011;22;
24134;2011;48;
24135;2011;34;
24137;2011;9;
25005;2011;37;
25014;2011;251;
25015;2011;71;
25018;2011;69;
25023;2011;60;
25031;2011;93;
25037;2011;56;
25043;2011;34;
25044;2011;38;
25048;2011;79;
25050;2011;63;
25068;2011;48;
25072;2011;189;
25084;2011;45;
25091;2011;145;
25105;2011;91;
25107;2011;64;
25110;2011;377;
25112;2011;169;
25117;2011;67;
25118;2011;44;
25119;2011;121;
25120;2011;34;
25121;2011;223;
25122;2011;20;
25123;2011;45;
25124;2011;56;
31003;2011;81;
31004;2011;58;
31005;2011;311;
31006;2011;75;
31012;2011;41;
31022;2011;70;
31033;2011;56;
31040;2011;84;
31042;2011;5;
31043;2011;157;
32003;2011;48;
32006;2011;36;
32010;2011;37;
32011;2011;37;
32030;2011;6;
33011;2011;70;
33016;2011;1;
33021;2011;39;
33029;2011;39;
33037;2011;47;
33039;2011;41;
33040;2011;12;
33041;2011;4;
34002;2011;61;
34003;2011;23;
34009;2011;49;
34013;2011;78;
34022;2011;331;
34023;2011;35;
34025;2011;4;
34027;2011;147;
34040;2011;129;
34041;2011;79;
34042;2011;77;
34043;2011;13;
35002;2011;55;
35005;2011;34;
35006;2011;35;
35011;2011;68;
35013;2011;262;
35014;2011;17;
35029;2011;53;
36006;2011;53;
36007;2011;21;
36008;2011;53;
36010;2011;21;
36011;2011;21;
36012;2011;36;
36015;2011;280;
36019;2011;25;
37002;2011;11;
37007;2011;21;
37010;2011;8;
37011;2011;23;
37012;2011;21;
37015;2011;64;
37017;2011;11;
37018;2011;29;
37020;2011;29;
38002;2011;16;
38008;2011;23;
38014;2011;58;
38016;2011;40;
38025;2011;35;
41002;2011;318;
41011;2011;60;
41018;2011;68;
41024;2011;36;
41027;2011;38;
41034;2011;52;
41048;2011;135;
41063;2011;13;
41081;2011;76;
41082;2011;116;
42003;2011;48;
42004;2011;25;
42006;2011;102;
42008;2011;44;
42010;2011;69;
42011;2011;39;
42023;2011;77;
42025;2011;141;
42026;2011;23;
42028;2011;56;
43002;2011;16;
43005;2011;99;
43007;2011;19;
43010;2011;81;
43014;2011;12;
43018;2011;49;
44001;2011;66;
44011;2011;86;
44012;2011;40;
44013;2011;100;
44019;2011;78;
44020;2011;26;
44021;2011;2266;
44029;2011;28;
44034;2011;81;
44036;2011;35;
44040;2011;49;
44043;2011;103;
44045;2011;27;
44048;2011;52;
44049;2011;75;
44052;2011;39;
44064;2011;51;
44072;2011;21;
44073;2011;30;
44080;2011;24;
44081;2011;39;
45017;2011;51;
45035;2011;99;
45041;2011;79;
45057;2011;15;
45059;2011;20;
45060;2011;23;
45061;2011;32;
45062;2011;9;
45063;2011;11;
45064;2011;21;
45065;2011;17;
46003;2011;208;
46013;2011;64;
46014;2011;185;
46020;2011;62;
46021;2011;339;
46024;2011;89;
46025;2011;135;
51004;2011;137;
51008;2011;94;
51009;2011;86;
51012;2011;23;
51014;2011;24;
51017;2011;22;
51019;2011;4;
51065;2011;42;
52010;2011;116;
52011;2011;3358;
52012;2011;317;
52015;2011;452;
52018;2011;153;
52021;2011;161;
52022;2011;208;
52025;2011;83;
52043;2011;211;
52048;2011;130;
52055;2011;190;
52063;2011;67;
52074;2011;96;
52075;2011;70;
53014;2011;116;
53020;2011;92;
53028;2011;106;
53039;2011;59;
53044;2011;72;
53046;2011;29;
53053;2011;1155;
53065;2011;157;
53068;2011;99;
53070;2011;163;
53082;2011;168;
53083;2011;44;
53084;2011;70;
54007;2011;403;
54010;2011;81;
55004;2011;132;
55010;2011;49;
55022;2011;627;
55023;2011;140;
55035;2011;89;
55039;2011;48;
55040;2011;173;
55050;2011;55;
56001;2011;73;
56005;2011;66;
56011;2011;211;
56016;2011;67;
56022;2011;75;
56029;2011;38;
56044;2011;30;
56049;2011;36;
56051;2011;49;
56078;2011;127;
56085;2011;41;
56086;2011;120;
56087;2011;133;
56088;2011;31;
57003;2011;35;
57018;2011;24;
57027;2011;85;
57062;2011;35;
57064;2011;113;
57072;2011;13;
57081;2011;430;
57093;2011;58;
57094;2011;58;
57095;2011;10;
61003;2011;78;
61010;2011;34;
61012;2011;23;
61019;2011;61;
61024;2011;26;
61028;2011;30;
61031;2011;133;
61039;2011;27;
61041;2011;17;
61043;2011;23;
61048;2011;23;
61063;2011;37;
61068;2011;40;
61072;2011;83;
61079;2011;11;
61080;2011;59;
61081;2011;8;
62003;2011;378;
62006;2011;60;
62009;2011;98;
62011;2011;72;
62015;2011;93;
62022;2011;159;
62026;2011;34;
62027;2011;56;
62032;2011;128;
62038;2011;129;
62051;2011;444;
62060;2011;124;
62063;2011;2459;
62079;2011;253;
62093;2011;316;
62096;2011;739;
62099;2011;144;
62100;2011;101;
62108;2011;161;
62118;2011;233;
62119;2011;108;
62120;2011;232;
62121;2011;68;
62122;2011;62;
63001;2011;10;
63003;2011;19;
63004;2011;16;
63012;2011;11;
63013;2011;6;
63020;2011;154;
63023;2011;54;
63035;2011;103;
63038;2011;49;
63040;2011;29;
63045;2011;19;
63046;2011;32;
63048;2011;25;
63049;2011;26;
63057;2011;36;
63058;2011;62;
63061;2011;43;
63067;2011;31;
63072;2011;30;
63073;2011;28;
63075;2011;23;
63076;2011;69;
63079;2011;410;
63080;2011;9;
63084;2011;45;
63086;2011;16;
63087;2011;15;
63088;2011;37;
63089;2011;36;
64008;2011;28;
64015;2011;58;
64021;2011;39;
64023;2011;22;
64025;2011;27;
64029;2011;23;
64034;2011;113;
64047;2011;28;
64056;2011;22;
64063;2011;23;
64065;2011;65;
64074;2011;87;
64075;2011;21;
64076;2011;26;
71002;2011;26;
71004;2011;135;
71011;2011;75;
71016;2011;242;
71017;2011;61;
71020;2011;31;
71022;2011;381;
71024;2011;21;
71034;2011;47;
71037;2011;72;
71045;2011;16;
71047;2011;21;
71053;2011;215;
71057;2011;43;
71066;2011;63;
71067;2011;12;
71069;2011;35;
71070;2011;104;
72003;2011;55;
72004;2011;35;
72018;2011;46;
72020;2011;93;
72021;2011;54;
72025;2011;29;
72029;2011;35;
72030;2011;38;
72037;2011;85;
72038;2011;40;
72039;2011;106;
72040;2011;23;
72041;2011;36;
73001;2011;30;
73006;2011;125;
73009;2011;47;
73022;2011;46;
73028;2011;0;
73032;2011;40;
73040;2011;25;
73042;2011;138;
73066;2011;79;
73083;2011;160;
73098;2011;33;
73107;2011;181;
73109;2011;31;
81001;2011;185;
81003;2011;7;
81004;2011;104;
81013;2011;5;
81015;2011;33;
82003;2011;89;
82005;2011;25;
82009;2011;7;
82014;2011;71;
82032;2011;43;
82036;2011;32;
82037;2011;25;
82038;2011;10;
83012;2011;91;
83013;2011;20;
83028;2011;44;
83031;2011;29;
83034;2011;83;
83040;2011;38;
83044;2011;16;
83049;2011;5;
83055;2011;58;
84009;2011;39;
84010;2011;20;
84016;2011;5;
84029;2011;5;
84033;2011;29;
84035;2011;17;
84043;2011;34;
84050;2011;3;
84059;2011;15;
84068;2011;15;
84075;2011;21;
84077;2011;44;
85007;2011;10;
85009;2011;10;
85011;2011;19;
85024;2011;10;
85026;2011;21;
85034;2011;12;
85039;2011;6;
85045;2011;55;
85046;2011;38;
85047;2011;8;
91005;2011;33;
91013;2011;41;
91015;2011;16;
91030;2011;104;
91034;2011;51;
91054;2011;13;
91059;2011;38;
91064;2011;27;
91072;2011;43;
91103;2011;31;
91114;2011;64;
91120;2011;48;
91141;2011;58;
91142;2011;30;
91143;2011;19;
92003;2011;114;
92006;2011;74;
92035;2011;98;
92045;2011;62;
92048;2011;48;
92054;2011;84;
92087;2011;76;
92094;2011;752;
92097;2011;17;
92101;2011;104;
92114;2011;54;
92137;2011;173;
92138;2011;80;
92140;2011;105;
92141;2011;64;
92142;2011;143;
93010;2011;23;
93014;2011;69;
93018;2011;7;
93022;2011;47;
93056;2011;58;
93088;2011;149;
93090;2011;22;
11001;2012;78;
11002;2012;4685;
11004;2012;126;
11005;2012;87;
11007;2012;86;
11008;2012;306;
11009;2012;180;
11013;2012;222;
11016;2012;113;
11018;2012;58;
11021;2012;90;
11022;2012;108;
11023;2012;206;
11024;2012;151;
11025;2012;32;
11029;2012;214;
11030;2012;28;
11035;2012;200;
11037;2012;94;
11038;2012;31;
11039;2012;175;
11040;2012;221;
11044;2012;69;
11050;2012;119;
11052;2012;152;
11053;2012;75;
11054;2012;61;
11055;2012;124;
11056;2012;131;
11057;2012;56;
12002;2012;39;
12005;2012;73;
12007;2012;80;
12009;2012;92;
12014;2012;126;
12021;2012;187;
12025;2012;453;
12026;2012;72;
12029;2012;63;
12030;2012;75;
12034;2012;14;
12035;2012;99;
12040;2012;131;
13001;2012;45;
13002;2012;9;
13003;2012;96;
13004;2012;45;
13006;2012;23;
13008;2012;136;
13010;2012;49;
13011;2012;89;
13012;2012;25;
13013;2012;48;
13014;2012;119;
13016;2012;26;
13017;2012;65;
13019;2012;100;
13021;2012;32;
13023;2012;23;
13025;2012;137;
13029;2012;37;
13031;2012;32;
13035;2012;59;
13036;2012;59;
13037;2012;27;
13040;2012;163;
13044;2012;22;
13046;2012;52;
13049;2012;76;
13053;2012;45;
21001;2012;1041;
21002;2012;233;
21003;2012;220;
21004;2012;1845;
21005;2012;352;
21006;2012;207;
21007;2012;466;
21008;2012;254;
21009;2012;929;
21010;2012;376;
21011;2012;176;
21012;2012;716;
21013;2012;636;
21014;2012;150;
21015;2012;803;
21016;2012;949;
21017;2012;198;
21018;2012;330;
21019;2012;295;
21020;2012;0;
23002;2012;276;
23003;2012;226;
23009;2012;9;
23016;2012;393;
23023;2012;26;
23024;2012;27;
23025;2012;271;
23027;2012;236;
23032;2012;61;
23033;2012;91;
23038;2012;47;
23039;2012;28;
23044;2012;39;
23045;2012;39;
23047;2012;96;
23050;2012;171;
23052;2012;69;
23060;2012;57;
23062;2012;181;
23064;2012;15;
23077;2012;271;
23081;2012;64;
23086;2012;99;
23088;2012;312;
23094;2012;322;
23095;2012;0;
23096;2012;180;
23097;2012;47;
23098;2012;59;
23099;2012;133;
23100;2012;54;
23101;2012;177;
23102;2012;152;
23103;2012;118;
23104;2012;54;
23105;2012;79;
24001;2012;115;
24007;2012;39;
24008;2012;27;
24009;2012;52;
24011;2012;44;
24014;2012;59;
24016;2012;39;
24020;2012;90;
24028;2012;8;
24033;2012;41;
24038;2012;105;
24041;2012;23;
24043;2012;48;
24045;2012;25;
24048;2012;41;
24054;2012;13;
24055;2012;134;
24059;2012;74;
24062;2012;501;
24066;2012;20;
24086;2012;37;
24094;2012;54;
24104;2012;155;
24107;2012;139;
24109;2012;19;
24130;2012;12;
24133;2012;13;
24134;2012;72;
24135;2012;43;
24137;2012;10;
25005;2012;26;
25014;2012;394;
25015;2012;161;
25018;2012;139;
25023;2012;42;
25031;2012;79;
25037;2012;57;
25043;2012;26;
25044;2012;60;
25048;2012;70;
25050;2012;51;
25068;2012;47;
25072;2012;187;
25084;2012;67;
25091;2012;179;
25105;2012;118;
25107;2012;67;
25110;2012;423;
25112;2012;221;
25117;2012;52;
25118;2012;13;
25119;2012;244;
25120;2012;40;
25121;2012;267;
25122;2012;26;
25123;2012;48;
25124;2012;80;
31003;2012;54;
31004;2012;65;
31005;2012;420;
31006;2012;41;
31012;2012;65;
31022;2012;96;
31033;2012;51;
31040;2012;96;
31042;2012;12;
31043;2012;173;
32003;2012;42;
32006;2012;26;
32010;2012;23;
32011;2012;22;
32030;2012;2;
33011;2012;94;
33016;2012;0;
33021;2012;55;
33029;2012;50;
33037;2012;32;
33039;2012;30;
33040;2012;19;
33041;2012;3;
34002;2012;39;
34003;2012;21;
34009;2012;31;
34013;2012;101;
34022;2012;404;
34023;2012;34;
34025;2012;18;
34027;2012;178;
34040;2012;146;
34041;2012;87;
34042;2012;64;
34043;2012;14;
35002;2012;65;
35005;2012;46;
35006;2012;57;
35011;2012;69;
35013;2012;353;
35014;2012;54;
35029;2012;62;
36006;2012;33;
36007;2012;20;
36008;2012;83;
36010;2012;23;
36011;2012;32;
36012;2012;32;
36015;2012;160;
36019;2012;23;
37002;2012;19;
37007;2012;9;
37010;2012;8;
37011;2012;19;
37012;2012;15;
37015;2012;62;
37017;2012;19;
37018;2012;49;
37020;2012;23;
38002;2012;11;
38008;2012;33;
38014;2012;92;
38016;2012;35;
38025;2012;20;
41002;2012;326;
41011;2012;79;
41018;2012;89;
41024;2012;65;
41027;2012;49;
41034;2012;59;
41048;2012;125;
41063;2012;26;
41081;2012;49;
41082;2012;117;
42003;2012;34;
42004;2012;28;
42006;2012;104;
42008;2012;59;
42010;2012;79;
42011;2012;34;
42023;2012;88;
42025;2012;132;
42026;2012;32;
42028;2012;55;
43002;2012;34;
43005;2012;66;
43007;2012;12;
43010;2012;51;
43014;2012;13;
43018;2012;38;
44001;2012;111;
44011;2012;109;
44012;2012;67;
44013;2012;82;
44019;2012;121;
44020;2012;26;
44021;2012;2283;
44029;2012;24;
44034;2012;78;
44036;2012;29;
44040;2012;72;
44043;2012;107;
44045;2012;22;
44048;2012;70;
44049;2012;37;
44052;2012;41;
44064;2012;79;
44072;2012;21;
44073;2012;15;
44080;2012;21;
44081;2012;46;
45017;2012;52;
45035;2012;89;
45041;2012;60;
45057;2012;20;
45059;2012;29;
45060;2012;26;
45061;2012;19;
45062;2012;2;
45063;2012;12;
45064;2012;25;
45065;2012;18;
46003;2012;151;
46013;2012;64;
46014;2012;197;
46020;2012;72;
46021;2012;317;
46024;2012;73;
46025;2012;94;
51004;2012;168;
51008;2012;89;
51009;2012;77;
51012;2012;11;
51014;2012;17;
51017;2012;16;
51019;2012;13;
51065;2012;52;
52010;2012;178;
52011;2012;3544;
52012;2012;350;
52015;2012;581;
52018;2012;123;
52021;2012;165;
52022;2012;183;
52025;2012;122;
52043;2012;271;
52048;2012;124;
52055;2012;227;
52063;2012;115;
52074;2012;89;
52075;2012;75;
53014;2012;152;
53020;2012;107;
53028;2012;114;
53039;2012;59;
53044;2012;95;
53046;2012;25;
53053;2012;1192;
53065;2012;96;
53068;2012;86;
53070;2012;227;
53082;2012;154;
53083;2012;58;
53084;2012;61;
54007;2012;390;
54010;2012;100;
55004;2012;140;
55010;2012;146;
55022;2012;623;
55023;2012;110;
55035;2012;100;
55039;2012;120;
55040;2012;183;
55050;2012;84;
56001;2012;98;
56005;2012;56;
56011;2012;281;
56016;2012;78;
56022;2012;93;
56029;2012;80;
56044;2012;48;
56049;2012;31;
56051;2012;53;
56078;2012;153;
56085;2012;78;
56086;2012;108;
56087;2012;156;
56088;2012;38;
57003;2012;59;
57018;2012;18;
57027;2012;81;
57062;2012;31;
57064;2012;116;
57072;2012;21;
57081;2012;529;
57093;2012;51;
57094;2012;90;
57095;2012;27;
61003;2012;99;
61010;2012;18;
61012;2012;11;
61019;2012;66;
61024;2012;53;
61028;2012;63;
61031;2012;173;
61039;2012;23;
61041;2012;20;
61043;2012;71;
61048;2012;10;
61063;2012;41;
61068;2012;87;
61072;2012;120;
61079;2012;15;
61080;2012;76;
61081;2012;25;
62003;2012;386;
62006;2012;89;
62009;2012;86;
62011;2012;64;
62015;2012;106;
62022;2012;137;
62026;2012;30;
62027;2012;60;
62032;2012;89;
62038;2012;139;
62051;2012;504;
62060;2012;143;
62063;2012;3234;
62079;2012;227;
62093;2012;398;
62096;2012;889;
62099;2012;139;
62100;2012;161;
62108;2012;172;
62118;2012;297;
62119;2012;152;
62120;2012;272;
62121;2012;189;
62122;2012;64;
63001;2012;19;
63003;2012;16;
63004;2012;25;
63012;2012;6;
63013;2012;12;
63020;2012;169;
63023;2012;64;
63035;2012;110;
63038;2012;49;
63040;2012;38;
63045;2012;20;
63046;2012;46;
63048;2012;37;
63049;2012;36;
63057;2012;30;
63058;2012;72;
63061;2012;53;
63067;2012;33;
63072;2012;55;
63073;2012;31;
63075;2012;18;
63076;2012;103;
63079;2012;513;
63080;2012;25;
63084;2012;83;
63086;2012;26;
63087;2012;27;
63088;2012;47;
63089;2012;47;
64008;2012;36;
64015;2012;30;
64021;2012;31;
64023;2012;18;
64025;2012;50;
64029;2012;16;
64034;2012;65;
64047;2012;15;
64056;2012;27;
64063;2012;28;
64065;2012;85;
64074;2012;109;
64075;2012;9;
64076;2012;25;
71002;2012;42;
71004;2012;162;
71011;2012;86;
71016;2012;360;
71017;2012;62;
71020;2012;32;
71022;2012;435;
71024;2012;33;
71034;2012;67;
71037;2012;54;
71045;2012;19;
71047;2012;37;
71053;2012;139;
71057;2012;69;
71066;2012;113;
71067;2012;32;
71069;2012;60;
71070;2012;142;
72003;2012;77;
72004;2012;63;
72018;2012;84;
72020;2012;157;
72021;2012;130;
72025;2012;68;
72029;2012;53;
72030;2012;53;
72037;2012;56;
72038;2012;49;
72039;2012;134;
72040;2012;71;
72041;2012;84;
73001;2012;75;
73006;2012;92;
73009;2012;51;
73022;2012;45;
73028;2012;2;
73032;2012;31;
73040;2012;43;
73042;2012;148;
73066;2012;69;
73083;2012;131;
73098;2012;25;
73107;2012;233;
73109;2012;26;
81001;2012;141;
81003;2012;9;
81004;2012;141;
81013;2012;5;
81015;2012;29;
82003;2012;100;
82005;2012;12;
82009;2012;6;
82014;2012;51;
82032;2012;43;
82036;2012;17;
82037;2012;29;
82038;2012;3;
83012;2012;105;
83013;2012;17;
83028;2012;34;
83031;2012;24;
83034;2012;103;
83040;2012;28;
83044;2012;9;
83049;2012;4;
83055;2012;41;
84009;2012;25;
84010;2012;16;
84016;2012;4;
84029;2012;12;
84033;2012;18;
84035;2012;23;
84043;2012;29;
84050;2012;12;
84059;2012;24;
84068;2012;22;
84075;2012;34;
84077;2012;49;
85007;2012;12;
85009;2012;11;
85011;2012;21;
85024;2012;11;
85026;2012;34;
85034;2012;18;
85039;2012;9;
85045;2012;57;
85046;2012;42;
85047;2012;8;
91005;2012;40;
91013;2012;22;
91015;2012;6;
91030;2012;90;
91034;2012;63;
91054;2012;11;
91059;2012;37;
91064;2012;19;
91072;2012;30;
91103;2012;22;
91114;2012;80;
91120;2012;33;
91141;2012;81;
91142;2012;33;
91143;2012;19;
92003;2012;184;
92006;2012;59;
92035;2012;91;
92045;2012;49;
92048;2012;67;
92054;2012;70;
92087;2012;97;
92094;2012;881;
92097;2012;23;
92101;2012;66;
92114;2012;79;
92137;2012;204;
92138;2012;70;
92140;2012;151;
92141;2012;55;
92142;2012;139;
93010;2012;32;
93014;2012;124;
93018;2012;8;
93022;2012;72;
93056;2012;78;
93088;2012;145;
93090;2012;53;
11001;2013;98;
11002;2013;3767;
11004;2013;87;
11005;2013;82;
11007;2013;94;
11008;2013;176;
11009;2013;150;
11013;2013;168;
11016;2013;101;
11018;2013;47;
11021;2013;71;
11022;2013;105;
11023;2013;136;
11024;2013;124;
11025;2013;31;
11029;2013;166;
11030;2013;36;
11035;2013;205;
11037;2013;139;
11038;2013;32;
11039;2013;187;
11040;2013;165;
11044;2013;90;
11050;2013;71;
11052;2013;104;
11053;2013;85;
11054;2013;102;
11055;2013;68;
11056;2013;75;
11057;2013;64;
12002;2013;45;
12005;2013;40;
12007;2013;56;
12009;2013;96;
12014;2013;137;
12021;2013;189;
12025;2013;459;
12026;2013;83;
12029;2013;63;
12030;2013;108;
12034;2013;13;
12035;2013;109;
12040;2013;138;
13001;2013;38;
13002;2013;12;
13003;2013;57;
13004;2013;70;
13006;2013;24;
13008;2013;143;
13010;2013;49;
13011;2013;103;
13012;2013;28;
13013;2013;51;
13014;2013;110;
13016;2013;19;
13017;2013;90;
13019;2013;97;
13021;2013;36;
13023;2013;34;
13025;2013;116;
13029;2013;54;
13031;2013;46;
13035;2013;50;
13036;2013;48;
13037;2013;27;
13040;2013;129;
13044;2013;25;
13046;2013;34;
13049;2013;71;
13053;2013;70;
21001;2013;814;
21002;2013;260;
21003;2013;333;
21004;2013;1574;
21005;2013;290;
21006;2013;247;
21007;2013;442;
21008;2013;227;
21009;2013;851;
21010;2013;381;
21011;2013;198;
21012;2013;611;
21013;2013;432;
21014;2013;89;
21015;2013;710;
21016;2013;845;
21017;2013;245;
21018;2013;391;
21019;2013;300;
21020;2013;0;
23002;2013;369;
23003;2013;239;
23009;2013;23;
23016;2013;499;
23023;2013;27;
23024;2013;23;
23025;2013;298;
23027;2013;367;
23032;2013;34;
23033;2013;100;
23038;2013;45;
23039;2013;37;
23044;2013;24;
23045;2013;69;
23047;2013;188;
23050;2013;162;
23052;2013;86;
23060;2013;47;
23062;2013;198;
23064;2013;18;
23077;2013;245;
23081;2013;104;
23086;2013;169;
23088;2013;283;
23094;2013;469;
23095;2013;0;
23096;2013;198;
23097;2013;70;
23098;2013;81;
23099;2013;154;
23100;2013;78;
23101;2013;148;
23102;2013;248;
23103;2013;115;
23104;2013;74;
23105;2013;131;
24001;2013;98;
24007;2013;27;
24008;2013;54;
24009;2013;48;
24011;2013;40;
24014;2013;55;
24016;2013;51;
24020;2013;98;
24028;2013;13;
24033;2013;37;
24038;2013;103;
24041;2013;25;
24043;2013;62;
24045;2013;26;
24048;2013;31;
24054;2013;17;
24055;2013;155;
24059;2013;83;
24062;2013;679;
24066;2013;28;
24086;2013;78;
24094;2013;99;
24104;2013;139;
24107;2013;157;
24109;2013;31;
24130;2013;22;
24133;2013;21;
24134;2013;88;
24135;2013;64;
24137;2013;10;
25005;2013;27;
25014;2013;351;
25015;2013;118;
25018;2013;81;
25023;2013;64;
25031;2013;103;
25037;2013;47;
25043;2013;37;
25044;2013;56;
25048;2013;91;
25050;2013;75;
25068;2013;28;
25072;2013;212;
25084;2013;53;
25091;2013;214;
25105;2013;159;
25107;2013;71;
25110;2013;272;
25112;2013;254;
25117;2013;27;
25118;2013;26;
25119;2013;155;
25120;2013;42;
25121;2013;283;
25122;2013;33;
25123;2013;83;
25124;2013;86;
31003;2013;100;
31004;2013;60;
31005;2013;459;
31006;2013;50;
31012;2013;43;
31022;2013;98;
31033;2013;48;
31040;2013;78;
31042;2013;10;
31043;2013;200;
32003;2013;49;
32006;2013;14;
32010;2013;19;
32011;2013;18;
32030;2013;2;
33011;2013;62;
33016;2013;4;
33021;2013;36;
33029;2013;72;
33037;2013;25;
33039;2013;24;
33040;2013;11;
33041;2013;7;
34002;2013;67;
34003;2013;21;
34009;2013;37;
34013;2013;76;
34022;2013;343;
34023;2013;29;
34025;2013;17;
34027;2013;146;
34040;2013;127;
34041;2013;147;
34042;2013;99;
34043;2013;13;
35002;2013;38;
35005;2013;42;
35006;2013;20;
35011;2013;100;
35013;2013;270;
35014;2013;25;
35029;2013;56;
36006;2013;22;
36007;2013;33;
36008;2013;110;
36010;2013;40;
36011;2013;27;
36012;2013;30;
36015;2013;221;
36019;2013;24;
37002;2013;7;
37007;2013;16;
37010;2013;12;
37011;2013;8;
37012;2013;22;
37015;2013;42;
37017;2013;18;
37018;2013;52;
37020;2013;53;
38002;2013;8;
38008;2013;54;
38014;2013;102;
38016;2013;33;
38025;2013;27;
41002;2013;352;
41011;2013;68;
41018;2013;75;
41024;2013;43;
41027;2013;59;
41034;2013;59;
41048;2013;134;
41063;2013;38;
41081;2013;46;
41082;2013;137;
42003;2013;45;
42004;2013;23;
42006;2013;95;
42008;2013;41;
42010;2013;62;
42011;2013;55;
42023;2013;98;
42025;2013;125;
42026;2013;31;
42028;2013;39;
43002;2013;26;
43005;2013;55;
43007;2013;51;
43010;2013;55;
43014;2013;15;
43018;2013;45;
44001;2013;112;
44011;2013;111;
44012;2013;64;
44013;2013;128;
44019;2013;86;
44020;2013;45;
44021;2013;2024;
44029;2013;32;
44034;2013;77;
44036;2013;21;
44040;2013;96;
44043;2013;113;
44045;2013;15;
44048;2013;75;
44049;2013;74;
44052;2013;68;
44064;2013;100;
44072;2013;18;
44073;2013;23;
44080;2013;25;
44081;2013;54;
45017;2013;75;
45035;2013;91;
45041;2013;116;
45057;2013;26;
45059;2013;39;
45060;2013;25;
45061;2013;50;
45062;2013;2;
45063;2013;14;
45064;2013;22;
45065;2013;9;
46003;2013;218;
46013;2013;60;
46014;2013;153;
46020;2013;97;
46021;2013;308;
46024;2013;132;
46025;2013;141;
51004;2013;204;
51008;2013;91;
51009;2013;102;
51012;2013;12;
51014;2013;15;
51017;2013;26;
51019;2013;12;
51065;2013;83;
52010;2013;129;
52011;2013;3689;
52012;2013;288;
52015;2013;483;
52018;2013;120;
52021;2013;184;
52022;2013;190;
52025;2013;116;
52043;2013;242;
52048;2013;142;
52055;2013;204;
52063;2013;153;
52074;2013;59;
52075;2013;99;
53014;2013;138;
53020;2013;86;
53028;2013;139;
53039;2013;57;
53044;2013;119;
53046;2013;43;
53053;2013;1385;
53065;2013;136;
53068;2013;61;
53070;2013;283;
53082;2013;151;
53083;2013;42;
53084;2013;88;
54007;2013;446;
54010;2013;71;
55004;2013;120;
55010;2013;90;
55022;2013;602;
55023;2013;99;
55035;2013;127;
55039;2013;61;
55040;2013;197;
55050;2013;78;
56001;2013;96;
56005;2013;86;
56011;2013;230;
56016;2013;68;
56022;2013;72;
56029;2013;37;
56044;2013;71;
56049;2013;21;
56051;2013;54;
56078;2013;160;
56085;2013;54;
56086;2013;86;
56087;2013;123;
56088;2013;36;
57003;2013;61;
57018;2013;33;
57027;2013;104;
57062;2013;35;
57064;2013;128;
57072;2013;15;
57081;2013;505;
57093;2013;44;
57094;2013;58;
57095;2013;24;
61003;2013;127;
61010;2013;28;
61012;2013;29;
61019;2013;49;
61024;2013;36;
61028;2013;96;
61031;2013;169;
61039;2013;44;
61041;2013;39;
61043;2013;74;
61048;2013;28;
61063;2013;51;
61068;2013;93;
61072;2013;172;
61079;2013;68;
61080;2013;76;
61081;2013;28;
62003;2013;412;
62006;2013;118;
62009;2013;92;
62011;2013;91;
62015;2013;133;
62022;2013;213;
62026;2013;20;
62027;2013;65;
62032;2013;197;
62038;2013;180;
62051;2013;533;
62060;2013;164;
62063;2013;3007;
62079;2013;310;
62093;2013;388;
62096;2013;1021;
62099;2013;159;
62100;2013;169;
62108;2013;200;
62118;2013;407;
62119;2013;159;
62120;2013;367;
62121;2013;198;
62122;2013;69;
63001;2013;15;
63003;2013;34;
63004;2013;28;
63012;2013;7;
63013;2013;18;
63020;2013;125;
63023;2013;70;
63035;2013;152;
63038;2013;46;
63040;2013;34;
63045;2013;24;
63046;2013;41;
63048;2013;51;
63049;2013;66;
63057;2013;33;
63058;2013;71;
63061;2013;75;
63067;2013;41;
63072;2013;55;
63073;2013;22;
63075;2013;22;
63076;2013;106;
63079;2013;376;
63080;2013;24;
63084;2013;42;
63086;2013;21;
63087;2013;10;
63088;2013;43;
63089;2013;50;
64008;2013;27;
64015;2013;42;
64021;2013;71;
64023;2013;43;
64025;2013;49;
64029;2013;43;
64034;2013;103;
64047;2013;28;
64056;2013;58;
64063;2013;47;
64065;2013;96;
64074;2013;95;
64075;2013;11;
64076;2013;32;
71002;2013;30;
71004;2013;170;
71011;2013;61;
71016;2013;255;
71017;2013;58;
71020;2013;58;
71022;2013;363;
71024;2013;50;
71034;2013;50;
71037;2013;108;
71045;2013;34;
71047;2013;29;
71053;2013;177;
71057;2013;48;
71066;2013;84;
71067;2013;30;
71069;2013;63;
71070;2013;121;
72003;2013;33;
72004;2013;37;
72018;2013;13;
72020;2013;138;
72021;2013;63;
72025;2013;59;
72029;2013;60;
72030;2013;39;
72037;2013;58;
72038;2013;50;
72039;2013;109;
72040;2013;55;
72041;2013;70;
73001;2013;37;
73006;2013;85;
73009;2013;57;
73022;2013;45;
73028;2013;0;
73032;2013;42;
73040;2013;27;
73042;2013;185;
73066;2013;72;
73083;2013;157;
73098;2013;27;
73107;2013;209;
73109;2013;18;
81001;2013;140;
81003;2013;10;
81004;2013;107;
81013;2013;9;
81015;2013;33;
82003;2013;90;
82005;2013;9;
82009;2013;15;
82014;2013;34;
82032;2013;41;
82036;2013;20;
82037;2013;34;
82038;2013;5;
83012;2013;92;
83013;2013;24;
83028;2013;23;
83031;2013;13;
83034;2013;94;
83040;2013;32;
83044;2013;11;
83049;2013;8;
83055;2013;53;
84009;2013;22;
84010;2013;22;
84016;2013;2;
84029;2013;6;
84033;2013;24;
84035;2013;45;
84043;2013;43;
84050;2013;24;
84059;2013;18;
84068;2013;31;
84075;2013;20;
84077;2013;47;
85007;2013;9;
85009;2013;13;
85011;2013;20;
85024;2013;5;
85026;2013;28;
85034;2013;15;
85039;2013;8;
85045;2013;74;
85046;2013;56;
85047;2013;15;
91005;2013;41;
91013;2013;31;
91015;2013;17;
91030;2013;74;
91034;2013;54;
91054;2013;15;
91059;2013;34;
91064;2013;45;
91072;2013;59;
91103;2013;25;
91114;2013;100;
91120;2013;42;
91141;2013;59;
91142;2013;21;
91143;2013;20;
92003;2013;146;
92006;2013;72;
92035;2013;124;
92045;2013;71;
92048;2013;53;
92054;2013;39;
92087;2013;99;
92094;2013;918;
92097;2013;21;
92101;2013;69;
92114;2013;58;
92137;2013;236;
92138;2013;121;
92140;2013;192;
92141;2013;94;
92142;2013;151;
93010;2013;40;
93014;2013;97;
93018;2013;10;
93022;2013;82;
93056;2013;93;
93088;2013;139;
93090;2013;40;
11001;2014;67;
11002;2014;3909;
11004;2014;71;
11005;2014;66;
11007;2014;49;
11008;2014;165;
11009;2014;123;
11013;2014;200;
11016;2014;77;
11018;2014;51;
11021;2014;102;
11022;2014;57;
11023;2014;83;
11024;2014;93;
11025;2014;32;
11029;2014;186;
11030;2014;29;
11035;2014;148;
11037;2014;111;
11038;2014;22;
11039;2014;112;
11040;2014;163;
11044;2014;77;
11050;2014;126;
11052;2014;85;
11053;2014;61;
11054;2014;101;
11055;2014;80;
11056;2014;84;
11057;2014;47;
12002;2014;34;
12005;2014;50;
12007;2014;42;
12009;2014;66;
12014;2014;177;
12021;2014;135;
12025;2014;345;
12026;2014;91;
12029;2014;61;
12030;2014;82;
12034;2014;17;
12035;2014;73;
12040;2014;120;
13001;2014;56;
13002;2014;12;
13003;2014;107;
13004;2014;44;
13006;2014;22;
13008;2014;212;
13010;2014;77;
13011;2014;81;
13012;2014;38;
13013;2014;49;
13014;2014;138;
13016;2014;29;
13017;2014;49;
13019;2014;74;
13021;2014;55;
13023;2014;29;
13025;2014;136;
13029;2014;47;
13031;2014;37;
13035;2014;41;
13036;2014;56;
13037;2014;30;
13040;2014;132;
13044;2014;34;
13046;2014;27;
13049;2014;80;
13053;2014;82;
21001;2014;595;
21002;2014;350;
21003;2014;212;
21004;2014;1573;
21005;2014;320;
21006;2014;337;
21007;2014;299;
21008;2014;180;
21009;2014;698;
21010;2014;494;
21011;2014;133;
21012;2014;593;
21013;2014;312;
21014;2014;98;
21015;2014;739;
21016;2014;819;
21017;2014;328;
21018;2014;445;
21019;2014;321;
21020;2014;0;
23002;2014;291;
23003;2014;221;
23009;2014;24;
23016;2014;416;
23023;2014;31;
23024;2014;32;
23025;2014;331;
23027;2014;257;
23032;2014;47;
23033;2014;69;
23038;2014;61;
23039;2014;32;
23044;2014;35;
23045;2014;86;
23047;2014;111;
23050;2014;133;
23052;2014;72;
23060;2014;60;
23062;2014;159;
23064;2014;25;
23077;2014;323;
23081;2014;126;
23086;2014;160;
23088;2014;243;
23094;2014;314;
23095;2014;0;
23096;2014;119;
23097;2014;75;
23098;2014;79;
23099;2014;155;
23100;2014;68;
23101;2014;181;
23102;2014;164;
23103;2014;115;
23104;2014;83;
23105;2014;99;
24001;2014;104;
24007;2014;37;
24008;2014;26;
24009;2014;64;
24011;2014;30;
24014;2014;40;
24016;2014;24;
24020;2014;127;
24028;2014;15;
24033;2014;26;
24038;2014;140;
24041;2014;18;
24043;2014;71;
24045;2014;36;
24048;2014;57;
24054;2014;18;
24055;2014;112;
24059;2014;80;
24062;2014;823;
24066;2014;50;
24086;2014;56;
24094;2014;88;
24104;2014;139;
24107;2014;127;
24109;2014;49;
24130;2014;49;
24133;2014;24;
24134;2014;73;
24135;2014;42;
24137;2014;12;
25005;2014;31;
25014;2014;334;
25015;2014;109;
25018;2014;81;
25023;2014;70;
25031;2014;106;
25037;2014;53;
25043;2014;26;
25044;2014;62;
25048;2014;47;
25050;2014;68;
25068;2014;16;
25072;2014;148;
25084;2014;53;
25091;2014;268;
25105;2014;171;
25107;2014;75;
25110;2014;226;
25112;2014;178;
25117;2014;28;
25118;2014;15;
25119;2014;143;
25120;2014;34;
25121;2014;239;
25122;2014;15;
25123;2014;93;
25124;2014;27;
31003;2014;103;
31004;2014;42;
31005;2014;448;
31006;2014;42;
31012;2014;41;
31022;2014;88;
31033;2014;55;
31040;2014;76;
31042;2014;17;
31043;2014;182;
32003;2014;50;
32006;2014;15;
32010;2014;18;
32011;2014;42;
32030;2014;5;
33011;2014;81;
33016;2014;2;
33021;2014;28;
33029;2014;53;
33037;2014;43;
33039;2014;29;
33040;2014;13;
33041;2014;9;
34002;2014;57;
34003;2014;12;
34009;2014;52;
34013;2014;60;
34022;2014;285;
34023;2014;49;
34025;2014;20;
34027;2014;244;
34040;2014;111;
34041;2014;132;
34042;2014;79;
34043;2014;13;
35002;2014;34;
35005;2014;41;
35006;2014;37;
35011;2014;67;
35013;2014;240;
35014;2014;33;
35029;2014;64;
36006;2014;44;
36007;2014;24;
36008;2014;79;
36010;2014;16;
36011;2014;16;
36012;2014;34;
36015;2014;211;
36019;2014;21;
37002;2014;12;
37007;2014;16;
37010;2014;11;
37011;2014;17;
37012;2014;18;
37015;2014;45;
37017;2014;11;
37018;2014;56;
37020;2014;33;
38002;2014;13;
38008;2014;42;
38014;2014;104;
38016;2014;56;
38025;2014;42;
41002;2014;299;
41011;2014;84;
41018;2014;90;
41024;2014;48;
41027;2014;52;
41034;2014;53;
41048;2014;126;
41063;2014;22;
41081;2014;50;
41082;2014;109;
42003;2014;22;
42004;2014;54;
42006;2014;149;
42008;2014;56;
42010;2014;53;
42011;2014;64;
42023;2014;88;
42025;2014;87;
42026;2014;51;
42028;2014;54;
43002;2014;34;
43005;2014;76;
43007;2014;25;
43010;2014;90;
43014;2014;10;
43018;2014;46;
44001;2014;117;
44011;2014;101;
44012;2014;67;
44013;2014;128;
44019;2014;111;
44020;2014;23;
44021;2014;2436;
44029;2014;42;
44034;2014;95;
44036;2014;36;
44040;2014;101;
44043;2014;135;
44045;2014;25;
44048;2014;63;
44049;2014;68;
44052;2014;60;
44064;2014;81;
44072;2014;21;
44073;2014;21;
44080;2014;37;
44081;2014;38;
45017;2014;42;
45035;2014;62;
45041;2014;77;
45057;2014;12;
45059;2014;25;
45060;2014;16;
45061;2014;22;
45062;2014;0;
45063;2014;17;
45064;2014;15;
45065;2014;8;
46003;2014;197;
46013;2014;78;
46014;2014;161;
46020;2014;93;
46021;2014;310;
46024;2014;115;
46025;2014;197;
51004;2014;277;
51008;2014;84;
51009;2014;84;
51012;2014;28;
51014;2014;13;
51017;2014;18;
51019;2014;12;
51065;2014;106;
52010;2014;154;
52011;2014;3172;
52012;2014;286;
52015;2014;412;
52018;2014;92;
52021;2014;170;
52022;2014;204;
52025;2014;112;
52043;2014;239;
52048;2014;142;
52055;2014;198;
52063;2014;135;
52074;2014;72;
52075;2014;70;
53014;2014;176;
53020;2014;98;
53028;2014;182;
53039;2014;59;
53044;2014;126;
53046;2014;25;
53053;2014;1165;
53065;2014;177;
53068;2014;54;
53070;2014;211;
53082;2014;183;
53083;2014;56;
53084;2014;135;
54007;2014;515;
54010;2014;90;
55004;2014;165;
55010;2014;112;
55022;2014;719;
55023;2014;145;
55035;2014;118;
55039;2014;73;
55040;2014;259;
55050;2014;92;
56001;2014;117;
56005;2014;55;
56011;2014;267;
56016;2014;62;
56022;2014;66;
56029;2014;26;
56044;2014;38;
56049;2014;26;
56051;2014;42;
56078;2014;111;
56085;2014;70;
56086;2014;120;
56087;2014;133;
56088;2014;34;
57003;2014;43;
57018;2014;33;
57027;2014;103;
57062;2014;49;
57064;2014;106;
57072;2014;22;
57081;2014;668;
57093;2014;39;
57094;2014;48;
57095;2014;16;
61003;2014;146;
61010;2014;40;
61012;2014;30;
61019;2014;47;
61024;2014;28;
61028;2014;42;
61031;2014;196;
61039;2014;23;
61041;2014;41;
61043;2014;41;
61048;2014;21;
61063;2014;24;
61068;2014;56;
61072;2014;136;
61079;2014;38;
61080;2014;67;
61081;2014;25;
62003;2014;316;
62006;2014;105;
62009;2014;82;
62011;2014;53;
62015;2014;102;
62022;2014;189;
62026;2014;24;
62027;2014;54;
62032;2014;158;
62038;2014;138;
62051;2014;409;
62060;2014;112;
62063;2014;2592;
62079;2014;236;
62093;2014;286;
62096;2014;1020;
62099;2014;124;
62100;2014;162;
62108;2014;177;
62118;2014;286;
62119;2014;141;
62120;2014;285;
62121;2014;121;
62122;2014;43;
63001;2014;27;
63003;2014;19;
63004;2014;32;
63012;2014;9;
63013;2014;20;
63020;2014;77;
63023;2014;99;
63035;2014;106;
63038;2014;61;
63040;2014;44;
63045;2014;24;
63046;2014;19;
63048;2014;43;
63049;2014;58;
63057;2014;22;
63058;2014;44;
63061;2014;66;
63067;2014;29;
63072;2014;59;
63073;2014;46;
63075;2014;23;
63076;2014;71;
63079;2014;344;
63080;2014;46;
63084;2014;44;
63086;2014;12;
63087;2014;8;
63088;2014;24;
63089;2014;31;
64008;2014;24;
64015;2014;35;
64021;2014;26;
64023;2014;15;
64025;2014;37;
64029;2014;24;
64034;2014;91;
64047;2014;25;
64056;2014;37;
64063;2014;44;
64065;2014;77;
64074;2014;107;
64075;2014;11;
64076;2014;36;
71002;2014;43;
71004;2014;200;
71011;2014;94;
71016;2014;319;
71017;2014;58;
71020;2014;28;
71022;2014;347;
71024;2014;45;
71034;2014;42;
71037;2014;114;
71045;2014;23;
71047;2014;22;
71053;2014;191;
71057;2014;85;
71066;2014;80;
71067;2014;39;
71069;2014;47;
71070;2014;94;
72003;2014;35;
72004;2014;43;
72018;2014;41;
72020;2014;107;
72021;2014;57;
72025;2014;58;
72029;2014;48;
72030;2014;61;
72037;2014;57;
72038;2014;38;
72039;2014;126;
72040;2014;19;
72041;2014;38;
73001;2014;36;
73006;2014;120;
73009;2014;54;
73022;2014;45;
73028;2014;0;
73032;2014;46;
73040;2014;62;
73042;2014;148;
73066;2014;97;
73083;2014;163;
73098;2014;31;
73107;2014;221;
73109;2014;15;
81001;2014;124;
81003;2014;16;
81004;2014;66;
81013;2014;11;
81015;2014;30;
82003;2014;77;
82005;2014;14;
82009;2014;11;
82014;2014;35;
82032;2014;33;
82036;2014;23;
82037;2014;29;
82038;2014;6;
83012;2014;95;
83013;2014;16;
83028;2014;26;
83031;2014;16;
83034;2014;136;
83040;2014;25;
83044;2014;16;
83049;2014;8;
83055;2014;25;
84009;2014;43;
84010;2014;18;
84016;2014;8;
84029;2014;2;
84033;2014;20;
84035;2014;40;
84043;2014;42;
84050;2014;17;
84059;2014;21;
84068;2014;16;
84075;2014;25;
84077;2014;60;
85007;2014;13;
85009;2014;16;
85011;2014;19;
85024;2014;10;
85026;2014;11;
85034;2014;11;
85039;2014;7;
85045;2014;31;
85046;2014;54;
85047;2014;4;
91005;2014;31;
91013;2014;52;
91015;2014;13;
91030;2014;72;
91034;2014;57;
91054;2014;9;
91059;2014;67;
91064;2014;21;
91072;2014;43;
91103;2014;16;
91114;2014;90;
91120;2014;48;
91141;2014;63;
91142;2014;30;
91143;2014;24;
92003;2014;117;
92006;2014;81;
92035;2014;118;
92045;2014;74;
92048;2014;76;
92054;2014;63;
92087;2014;102;
92094;2014;966;
92097;2014;22;
92101;2014;123;
92114;2014;54;
92137;2014;222;
92138;2014;58;
92140;2014;192;
92141;2014;86;
92142;2014;171;
93010;2014;42;
93014;2014;98;
93018;2014;20;
93022;2014;83;
93056;2014;68;
93088;2014;161;
93090;2014;37;
