NIS code/code NIS;Jaar/Année;ifg  algemeen totaal/vif  nombre total;
11001;2000;60;
11002;2000;1385;
11004;2000;17;
11005;2000;71;
11007;2000;27;
11008;2000;82;
11009;2000;41;
11013;2000;45;
11016;2000;65;
11018;2000;24;
11021;2000;13;
11022;2000;39;
11023;2000;58;
11024;2000;18;
11025;2000;17;
11029;2000;104;
11030;2000;47;
11035;2000;49;
11037;2000;34;
11038;2000;19;
11039;2000;43;
11040;2000;75;
11044;2000;44;
11050;2000;28;
11052;2000;22;
11053;2000;32;
11054;2000;13;
11055;2000;15;
11056;2000;65;
11057;2000;18;
12002;2000;32;
12005;2000;24;
12007;2000;44;
12009;2000;56;
12014;2000;147;
12021;2000;104;
12025;2000;248;
12026;2000;44;
12029;2000;21;
12030;2000;35;
12034;2000;17;
12035;2000;29;
12040;2000;90;
13001;2000;27;
13002;2000;2;
13003;2000;52;
13004;2000;39;
13006;2000;45;
13008;2000;73;
13010;2000;18;
13011;2000;97;
13012;2000;15;
13013;2000;53;
13014;2000;21;
13016;2000;36;
13017;2000;28;
13019;2000;48;
13021;2000;23;
13023;2000;12;
13025;2000;82;
13029;2000;33;
13031;2000;23;
13035;2000;23;
13036;2000;22;
13037;2000;14;
13040;2000;249;
13044;2000;7;
13046;2000;15;
13049;2000;43;
13053;2000;40;
21001;2000;486;
21002;2000;132;
21003;2000;86;
21004;2000;849;
21005;2000;155;
21006;2000;143;
21007;2000;194;
21008;2000;81;
21009;2000;297;
21010;2000;160;
21011;2000;77;
21012;2000;338;
21013;2000;255;
21014;2000;121;
21015;2000;441;
21016;2000;266;
21017;2000;70;
21018;2000;181;
21019;2000;75;
21020;2000;1;
23002;2000;117;
23003;2000;94;
23009;2000;7;
23016;2000;142;
23023;2000;34;
23024;2000;19;
23025;2000;70;
23027;2000;146;
23032;2000;22;
23033;2000;15;
23038;2000;22;
23039;2000;18;
23044;2000;65;
23045;2000;53;
23047;2000;46;
23050;2000;41;
23052;2000;60;
23060;2000;38;
23062;2000;26;
23064;2000;6;
23077;2000;104;
23081;2000;13;
23086;2000;60;
23088;2000;127;
23094;2000;106;
23095;2000;5;
23096;2000;53;
23097;2000;48;
23098;2000;28;
23099;2000;29;
23100;2000;17;
23101;2000;32;
23102;2000;31;
23103;2000;24;
23104;2000;22;
23105;2000;36;
24001;2000;73;
24007;2000;15;
24008;2000;18;
24009;2000;11;
24011;2000;8;
24014;2000;11;
24016;2000;10;
24020;2000;71;
24028;2000;10;
24033;2000;7;
24038;2000;15;
24041;2000;36;
24043;2000;22;
24045;2000;7;
24048;2000;21;
24054;2000;20;
24055;2000;23;
24059;2000;37;
24062;2000;232;
24066;2000;31;
24086;2000;22;
24094;2000;32;
24104;2000;41;
24107;2000;111;
24109;2000;19;
24130;2000;20;
24133;2000;7;
24134;2000;108;
24135;2000;28;
24137;2000;10;
25005;2000;22;
25014;2000;153;
25015;2000;27;
25018;2000;21;
25023;2000;50;
25031;2000;47;
25037;2000;30;
25043;2000;11;
25044;2000;12;
25048;2000;38;
25050;2000;34;
25068;2000;45;
25072;2000;114;
25084;2000;23;
25091;2000;84;
25105;2000;109;
25107;2000;39;
25110;2000;51;
25112;2000;190;
25117;2000;22;
25118;2000;16;
25119;2000;24;
25120;2000;14;
25121;2000;129;
25122;2000;20;
25123;2000;47;
25124;2000;20;
31003;2000;23;
31004;2000;103;
31005;2000;499;
31006;2000;39;
31012;2000;34;
31022;2000;52;
31033;2000;108;
31040;2000;82;
31042;2000;3;
31043;2000;123;
32003;2000;90;
32006;2000;33;
32010;2000;26;
32011;2000;28;
32030;2000;3;
33011;2000;103;
33016;2000;3;
33021;2000;32;
33029;2000;84;
33037;2000;41;
33039;2000;14;
33040;2000;30;
33041;2000;7;
34002;2000;42;
34003;2000;33;
34009;2000;32;
34013;2000;141;
34022;2000;342;
34023;2000;38;
34025;2000;15;
34027;2000;120;
34040;2000;112;
34041;2000;159;
34042;2000;62;
34043;2000;14;
35002;2000;70;
35005;2000;42;
35006;2000;24;
35011;2000;106;
35013;2000;421;
35014;2000;21;
35029;2000;52;
36006;2000;44;
36007;2000;40;
36008;2000;133;
36010;2000;58;
36011;2000;23;
36012;2000;33;
36015;2000;238;
36019;2000;30;
37002;2000;12;
37007;2000;11;
37010;2000;34;
37011;2000;9;
37012;2000;7;
37015;2000;17;
37017;2000;21;
37018;2000;24;
37020;2000;21;
38002;2000;15;
38008;2000;61;
38014;2000;62;
38016;2000;72;
38025;2000;60;
41002;2000;446;
41011;2000;102;
41018;2000;146;
41024;2000;70;
41027;2000;67;
41034;2000;78;
41048;2000;137;
41063;2000;31;
41081;2000;122;
41082;2000;62;
42003;2000;58;
42004;2000;33;
42006;2000;211;
42008;2000;99;
42010;2000;34;
42011;2000;43;
42023;2000;33;
42025;2000;90;
42026;2000;44;
42028;2000;91;
43002;2000;52;
43005;2000;99;
43007;2000;24;
43010;2000;95;
43014;2000;11;
43018;2000;77;
44001;2000;24;
44011;2000;125;
44012;2000;27;
44013;2000;29;
44019;2000;178;
44020;2000;38;
44021;2000;1306;
44029;2000;27;
44034;2000;48;
44036;2000;30;
44040;2000;35;
44043;2000;73;
44045;2000;15;
44048;2000;40;
44049;2000;24;
44052;2000;78;
44064;2000;44;
44072;2000;42;
44073;2000;29;
44080;2000;21;
44081;2000;30;
45017;2000;13;
45035;2000;138;
45041;2000;146;
45057;2000;13;
45059;2000;44;
45060;2000;29;
45061;2000;11;
45062;2000;4;
45063;2000;13;
45064;2000;16;
45065;2000;21;
46003;2000;161;
46013;2000;23;
46014;2000;174;
46020;2000;46;
46021;2000;352;
46024;2000;64;
46025;2000;113;
51004;2000;118;
51008;2000;78;
51009;2000;38;
51012;2000;10;
51014;2000;19;
51017;2000;19;
51019;2000;7;
51065;2000;40;
52010;2000;74;
52011;2000;1598;
52012;2000;177;
52015;2000;179;
52018;2000;42;
52021;2000;98;
52022;2000;89;
52025;2000;55;
52043;2000;94;
52048;2000;37;
52055;2000;49;
52063;2000;25;
52074;2000;50;
52075;2000;31;
53014;2000;110;
53020;2000;76;
53028;2000;75;
53039;2000;36;
53044;2000;28;
53046;2000;5;
53053;2000;495;
53065;2000;93;
53068;2000;29;
53070;2000;96;
53082;2000;79;
53083;2000;12;
53084;2000;16;
54007;2000;308;
54010;2000;37;
55004;2000;95;
55010;2000;52;
55022;2000;285;
55023;2000;83;
55035;2000;54;
55039;2000;30;
55040;2000;90;
55050;2000;42;
56001;2000;75;
56005;2000;19;
56011;2000;70;
56016;2000;47;
56022;2000;73;
56029;2000;27;
56044;2000;21;
56049;2000;17;
56051;2000;12;
56078;2000;66;
56085;2000;16;
56086;2000;55;
56087;2000;99;
56088;2000;20;
57003;2000;32;
57018;2000;43;
57027;2000;46;
57062;2000;28;
57064;2000;76;
57072;2000;5;
57081;2000;209;
57093;2000;21;
57094;2000;83;
57095;2000;8;
61003;2000;98;
61010;2000;12;
61012;2000;22;
61019;2000;20;
61024;2000;20;
61028;2000;22;
61031;2000;154;
61039;2000;19;
61041;2000;19;
61043;2000;27;
61048;2000;21;
61063;2000;7;
61068;2000;29;
61072;2000;51;
61079;2000;28;
61080;2000;33;
61081;2000;2;
62003;2000;205;
62006;2000;55;
62009;2000;56;
62011;2000;51;
62015;2000;64;
62022;2000;47;
62026;2000;27;
62027;2000;23;
62032;2000;65;
62038;2000;111;
62051;2000;284;
62060;2000;40;
62063;2000;1363;
62079;2000;172;
62093;2000;173;
62096;2000;429;
62099;2000;77;
62100;2000;56;
62108;2000;115;
62118;2000;151;
62119;2000;54;
62120;2000;215;
62121;2000;22;
62122;2000;52;
63001;2000;1;
63003;2000;13;
63004;2000;27;
63012;2000;3;
63013;2000;8;
63020;2000;120;
63023;2000;33;
63035;2000;61;
63038;2000;31;
63040;2000;37;
63045;2000;14;
63046;2000;34;
63048;2000;11;
63049;2000;37;
63057;2000;10;
63058;2000;79;
63061;2000;16;
63067;2000;18;
63072;2000;61;
63073;2000;20;
63075;2000;7;
63076;2000;43;
63079;2000;470;
63080;2000;26;
63084;2000;36;
63086;2000;6;
63087;2000;1;
63088;2000;16;
63089;2000;28;
64008;2000;33;
64015;2000;24;
64021;2000;23;
64023;2000;8;
64025;2000;4;
64029;2000;15;
64034;2000;56;
64047;2000;18;
64056;2000;13;
64063;2000;26;
64065;2000;35;
64074;2000;167;
64075;2000;16;
64076;2000;16;
71002;2000;25;
71004;2000;152;
71011;2000;46;
71016;2000;249;
71017;2000;20;
71020;2000;6;
71022;2000;176;
71024;2000;25;
71034;2000;37;
71037;2000;30;
71045;2000;49;
71047;2000;9;
71053;2000;130;
71057;2000;69;
71066;2000;52;
71067;2000;21;
71069;2000;31;
71070;2000;91;
72003;2000;22;
72004;2000;39;
72018;2000;23;
72020;2000;90;
72021;2000;101;
72025;2000;28;
72029;2000;16;
72030;2000;53;
72037;2000;23;
72038;2000;20;
72039;2000;86;
72040;2000;11;
72041;2000;63;
73001;2000;14;
73006;2000;61;
73009;2000;20;
73022;2000;22;
73028;2000;0;
73032;2000;14;
73040;2000;22;
73042;2000;65;
73066;2000;20;
73083;2000;82;
73098;2000;25;
73107;2000;69;
73109;2000;5;
81001;2000;122;
81003;2000;11;
81004;2000;87;
81013;2000;10;
81015;2000;23;
82003;2000;79;
82005;2000;4;
82009;2000;6;
82014;2000;15;
82032;2000;37;
82036;2000;6;
82037;2000;29;
82038;2000;14;
83012;2000;29;
83013;2000;3;
83028;2000;33;
83031;2000;15;
83034;2000;88;
83040;2000;18;
83044;2000;6;
83049;2000;7;
83055;2000;11;
84009;2000;54;
84010;2000;32;
84016;2000;4;
84029;2000;8;
84033;2000;17;
84035;2000;13;
84043;2000;62;
84050;2000;36;
84059;2000;30;
84068;2000;19;
84075;2000;5;
84077;2000;63;
85007;2000;17;
85009;2000;17;
85011;2000;32;
85024;2000;16;
85026;2000;24;
85034;2000;23;
85039;2000;15;
85045;2000;50;
85046;2000;33;
85047;2000;11;
91005;2000;28;
91013;2000;37;
91015;2000;6;
91030;2000;108;
91034;2000;130;
91054;2000;9;
91059;2000;26;
91064;2000;20;
91072;2000;19;
91103;2000;16;
91114;2000;87;
91120;2000;9;
91141;2000;26;
91142;2000;50;
91143;2000;7;
92003;2000;151;
92006;2000;14;
92035;2000;89;
92045;2000;37;
92048;2000;47;
92054;2000;34;
92087;2000;60;
92094;2000;715;
92097;2000;25;
92101;2000;56;
92114;2000;28;
92137;2000;148;
92138;2000;26;
92140;2000;98;
92141;2000;20;
92142;2000;106;
93010;2000;37;
93014;2000;58;
93018;2000;7;
93022;2000;47;
93056;2000;37;
93088;2000;52;
93090;2000;49;
11001;2006;39;
11002;2006;2675;
11004;2006;56;
11005;2006;83;
11007;2006;37;
11008;2006;154;
11009;2006;68;
11013;2006;63;
11016;2006;43;
11018;2006;39;
11021;2006;25;
11022;2006;62;
11023;2006;92;
11024;2006;62;
11025;2006;19;
11029;2006;84;
11030;2006;39;
11035;2006;52;
11037;2006;41;
11038;2006;39;
11039;2006;40;
11040;2006;162;
11044;2006;61;
11050;2006;31;
11052;2006;62;
11053;2006;48;
11054;2006;33;
11055;2006;71;
11056;2006;90;
11057;2006;32;
12002;2006;38;
12005;2006;46;
12007;2006;66;
12009;2006;46;
12014;2006;174;
12021;2006;129;
12025;2006;445;
12026;2006;71;
12029;2006;27;
12030;2006;47;
12034;2006;12;
12035;2006;55;
12040;2006;125;
13001;2006;25;
13002;2006;5;
13003;2006;80;
13004;2006;46;
13006;2006;20;
13008;2006;108;
13010;2006;36;
13011;2006;122;
13012;2006;31;
13013;2006;43;
13014;2006;35;
13016;2006;49;
13017;2006;60;
13019;2006;64;
13021;2006;21;
13023;2006;25;
13025;2006;114;
13029;2006;53;
13031;2006;43;
13035;2006;17;
13036;2006;22;
13037;2006;34;
13040;2006;245;
13044;2006;18;
13046;2006;23;
13049;2006;79;
13053;2006;56;
21001;2006;532;
21002;2006;102;
21003;2006;105;
21004;2006;842;
21005;2006;235;
21006;2006;131;
21007;2006;248;
21008;2006;100;
21009;2006;314;
21010;2006;206;
21011;2006;116;
21012;2006;415;
21013;2006;309;
21014;2006;140;
21015;2006;516;
21016;2006;381;
21017;2006;74;
21018;2006;226;
21019;2006;66;
21020;2006;1;
23002;2006;116;
23003;2006;76;
23009;2006;7;
23016;2006;140;
23023;2006;36;
23024;2006;23;
23025;2006;154;
23027;2006;104;
23032;2006;11;
23033;2006;24;
23038;2006;35;
23039;2006;18;
23044;2006;37;
23045;2006;61;
23047;2006;45;
23050;2006;48;
23052;2006;57;
23060;2006;26;
23062;2006;65;
23064;2006;4;
23077;2006;94;
23081;2006;30;
23086;2006;48;
23088;2006;141;
23094;2006;87;
23095;2006;1;
23096;2006;55;
23097;2006;22;
23098;2006;17;
23099;2006;14;
23100;2006;9;
23101;2006;57;
23102;2006;54;
23103;2006;14;
23104;2006;22;
23105;2006;36;
24001;2006;174;
24007;2006;14;
24008;2006;18;
24009;2006;21;
24011;2006;20;
24014;2006;26;
24016;2006;26;
24020;2006;81;
24028;2006;26;
24033;2006;27;
24038;2006;40;
24041;2006;9;
24043;2006;14;
24045;2006;20;
24048;2006;21;
24054;2006;14;
24055;2006;36;
24059;2006;71;
24062;2006;379;
24066;2006;34;
24086;2006;20;
24094;2006;37;
24104;2006;48;
24107;2006;148;
24109;2006;48;
24130;2006;25;
24133;2006;12;
24134;2006;127;
24135;2006;25;
24137;2006;16;
25005;2006;19;
25014;2006;164;
25015;2006;28;
25018;2006;46;
25023;2006;54;
25031;2006;40;
25037;2006;63;
25043;2006;11;
25044;2006;14;
25048;2006;44;
25050;2006;25;
25068;2006;37;
25072;2006;128;
25084;2006;25;
25091;2006;56;
25105;2006;83;
25107;2006;27;
25110;2006;101;
25112;2006;174;
25117;2006;16;
25118;2006;21;
25119;2006;44;
25120;2006;25;
25121;2006;147;
25122;2006;19;
25123;2006;37;
25124;2006;24;
31003;2006;37;
31004;2006;110;
31005;2006;487;
31006;2006;37;
31012;2006;37;
31022;2006;56;
31033;2006;109;
31040;2006;58;
31042;2006;10;
31043;2006;196;
32003;2006;51;
32006;2006;27;
32010;2006;12;
32011;2006;54;
32030;2006;14;
33011;2006;209;
33016;2006;2;
33021;2006;46;
33029;2006;97;
33037;2006;68;
33039;2006;17;
33040;2006;43;
33041;2006;15;
34002;2006;23;
34003;2006;28;
34009;2006;34;
34013;2006;153;
34022;2006;300;
34023;2006;44;
34025;2006;8;
34027;2006;144;
34040;2006;92;
34041;2006;81;
34042;2006;65;
34043;2006;5;
35002;2006;78;
35005;2006;32;
35006;2006;27;
35011;2006;163;
35013;2006;437;
35014;2006;27;
35029;2006;53;
36006;2006;20;
36007;2006;33;
36008;2006;79;
36010;2006;22;
36011;2006;29;
36012;2006;44;
36015;2006;197;
36019;2006;22;
37002;2006;31;
37007;2006;27;
37010;2006;16;
37011;2006;21;
37012;2006;16;
37015;2006;93;
37017;2006;21;
37018;2006;58;
37020;2006;24;
38002;2006;31;
38008;2006;42;
38014;2006;69;
38016;2006;58;
38025;2006;79;
41002;2006;414;
41011;2006;121;
41018;2006;150;
41024;2006;101;
41027;2006;59;
41034;2006;110;
41048;2006;115;
41063;2006;40;
41081;2006;85;
41082;2006;96;
42003;2006;53;
42004;2006;60;
42006;2006;239;
42008;2006;101;
42010;2006;25;
42011;2006;127;
42023;2006;55;
42025;2006;91;
42026;2006;25;
42028;2006;75;
43002;2006;65;
43005;2006;177;
43007;2006;25;
43010;2006;126;
43014;2006;20;
43018;2006;90;
44001;2006;69;
44011;2006;129;
44012;2006;38;
44013;2006;70;
44019;2006;156;
44020;2006;46;
44021;2006;1785;
44029;2006;41;
44034;2006;64;
44036;2006;27;
44040;2006;19;
44043;2006;66;
44045;2006;31;
44048;2006;45;
44049;2006;38;
44052;2006;35;
44064;2006;13;
44072;2006;32;
44073;2006;39;
44080;2006;24;
44081;2006;56;
45017;2006;11;
45035;2006;125;
45041;2006;169;
45057;2006;20;
45059;2006;45;
45060;2006;16;
45061;2006;8;
45062;2006;3;
45063;2006;40;
45064;2006;13;
45065;2006;23;
46003;2006;166;
46013;2006;42;
46014;2006;165;
46020;2006;57;
46021;2006;329;
46024;2006;116;
46025;2006;132;
51004;2006;160;
51008;2006;102;
51009;2006;106;
51012;2006;17;
51014;2006;28;
51017;2006;15;
51019;2006;9;
51065;2006;45;
52010;2006;107;
52011;2006;1717;
52012;2006;323;
52015;2006;211;
52018;2006;128;
52021;2006;135;
52022;2006;108;
52025;2006;56;
52043;2006;151;
52048;2006;42;
52055;2006;70;
52063;2006;50;
52074;2006;89;
52075;2006;53;
53014;2006;151;
53020;2006;142;
53028;2006;125;
53039;2006;45;
53044;2006;39;
53046;2006;22;
53053;2006;756;
53065;2006;136;
53068;2006;36;
53070;2006;172;
53082;2006;154;
53083;2006;20;
53084;2006;26;
54007;2006;261;
54010;2006;125;
55004;2006;88;
55010;2006;46;
55022;2006;676;
55023;2006;107;
55035;2006;39;
55039;2006;18;
55040;2006;157;
55050;2006;57;
56001;2006;82;
56005;2006;53;
56011;2006;273;
56016;2006;59;
56022;2006;70;
56029;2006;32;
56044;2006;27;
56049;2006;31;
56051;2006;28;
56078;2006;88;
56085;2006;51;
56086;2006;74;
56087;2006;164;
56088;2006;25;
57003;2006;56;
57018;2006;20;
57027;2006;62;
57062;2006;15;
57064;2006;121;
57072;2006;27;
57081;2006;439;
57093;2006;32;
57094;2006;65;
57095;2006;7;
61003;2006;92;
61010;2006;9;
61012;2006;12;
61019;2006;6;
61024;2006;37;
61028;2006;27;
61031;2006;149;
61039;2006;31;
61041;2006;14;
61043;2006;9;
61048;2006;14;
61063;2006;12;
61068;2006;47;
61072;2006;46;
61079;2006;12;
61080;2006;54;
61081;2006;19;
62003;2006;192;
62006;2006;64;
62009;2006;61;
62011;2006;65;
62015;2006;75;
62022;2006;86;
62026;2006;35;
62027;2006;12;
62032;2006;72;
62038;2006;101;
62051;2006;264;
62060;2006;32;
62063;2006;1897;
62079;2006;180;
62093;2006;143;
62096;2006;378;
62099;2006;75;
62100;2006;54;
62108;2006;149;
62118;2006;193;
62119;2006;79;
62120;2006;173;
62121;2006;44;
62122;2006;43;
63001;2006;3;
63003;2006;12;
63004;2006;15;
63012;2006;7;
63013;2006;7;
63020;2006;95;
63023;2006;59;
63035;2006;50;
63038;2006;39;
63040;2006;34;
63045;2006;7;
63046;2006;22;
63048;2006;34;
63049;2006;46;
63057;2006;24;
63058;2006;52;
63061;2006;22;
63067;2006;16;
63072;2006;71;
63073;2006;32;
63075;2006;12;
63076;2006;55;
63079;2006;431;
63080;2006;16;
63084;2006;40;
63086;2006;9;
63087;2006;4;
63088;2006;21;
63089;2006;27;
64008;2006;21;
64015;2006;25;
64021;2006;9;
64023;2006;4;
64025;2006;11;
64029;2006;4;
64034;2006;90;
64047;2006;26;
64056;2006;13;
64063;2006;21;
64065;2006;23;
64074;2006;119;
64075;2006;11;
64076;2006;21;
71002;2006;31;
71004;2006;204;
71011;2006;57;
71016;2006;217;
71017;2006;34;
71020;2006;24;
71022;2006;323;
71024;2006;31;
71034;2006;91;
71037;2006;49;
71045;2006;25;
71047;2006;29;
71053;2006;245;
71057;2006;125;
71066;2006;82;
71067;2006;16;
71069;2006;39;
71070;2006;143;
72003;2006;31;
72004;2006;34;
72018;2006;19;
72020;2006;161;
72021;2006;47;
72025;2006;88;
72029;2006;37;
72030;2006;42;
72037;2006;24;
72038;2006;34;
72039;2006;153;
72040;2006;27;
72041;2006;45;
73001;2006;27;
73006;2006;104;
73009;2006;27;
73022;2006;27;
73028;2006;0;
73032;2006;23;
73040;2006;21;
73042;2006;53;
73066;2006;34;
73083;2006;108;
73098;2006;4;
73107;2006;127;
73109;2006;7;
81001;2006;165;
81003;2006;13;
81004;2006;121;
81013;2006;6;
81015;2006;25;
82003;2006;95;
82005;2006;6;
82009;2006;7;
82014;2006;41;
82032;2006;29;
82036;2006;10;
82037;2006;38;
82038;2006;16;
83012;2006;49;
83013;2006;25;
83028;2006;31;
83031;2006;14;
83034;2006;116;
83040;2006;22;
83044;2006;14;
83049;2006;8;
83055;2006;18;
84009;2006;51;
84010;2006;40;
84016;2006;21;
84029;2006;5;
84033;2006;17;
84035;2006;16;
84043;2006;41;
84050;2006;27;
84059;2006;54;
84068;2006;17;
84075;2006;26;
84077;2006;80;
85007;2006;65;
85009;2006;14;
85011;2006;55;
85024;2006;11;
85026;2006;37;
85034;2006;10;
85039;2006;28;
85045;2006;59;
85046;2006;59;
85047;2006;10;
91005;2006;44;
91013;2006;56;
91015;2006;19;
91030;2006;73;
91034;2006;117;
91054;2006;32;
91059;2006;32;
91064;2006;28;
91072;2006;33;
91103;2006;16;
91114;2006;120;
91120;2006;12;
91141;2006;34;
91142;2006;46;
91143;2006;15;
92003;2006;155;
92006;2006;26;
92035;2006;62;
92045;2006;51;
92048;2006;42;
92054;2006;32;
92087;2006;76;
92094;2006;819;
92097;2006;41;
92101;2006;55;
92114;2006;42;
92137;2006;156;
92138;2006;36;
92140;2006;143;
92141;2006;23;
92142;2006;125;
93010;2006;25;
93014;2006;121;
93018;2006;28;
93022;2006;70;
93056;2006;40;
93088;2006;100;
93090;2006;48;
11001;2007;45;
11002;2007;3019;
11004;2007;29;
11005;2007;110;
11007;2007;63;
11008;2007;130;
11009;2007;75;
11013;2007;80;
11016;2007;44;
11018;2007;30;
11021;2007;15;
11022;2007;56;
11023;2007;73;
11024;2007;51;
11025;2007;26;
11029;2007;107;
11030;2007;34;
11035;2007;41;
11037;2007;35;
11038;2007;19;
11039;2007;37;
11040;2007;166;
11044;2007;53;
11050;2007;18;
11052;2007;57;
11053;2007;71;
11054;2007;38;
11055;2007;67;
11056;2007;91;
11057;2007;32;
12002;2007;58;
12005;2007;42;
12007;2007;68;
12009;2007;76;
12014;2007;178;
12021;2007;180;
12025;2007;459;
12026;2007;82;
12029;2007;46;
12030;2007;47;
12034;2007;26;
12035;2007;65;
12040;2007;87;
13001;2007;30;
13002;2007;13;
13003;2007;98;
13004;2007;92;
13006;2007;30;
13008;2007;177;
13010;2007;38;
13011;2007;132;
13012;2007;32;
13013;2007;39;
13014;2007;44;
13016;2007;54;
13017;2007;58;
13019;2007;37;
13021;2007;37;
13023;2007;54;
13025;2007;131;
13029;2007;28;
13031;2007;36;
13035;2007;40;
13036;2007;23;
13037;2007;62;
13040;2007;250;
13044;2007;17;
13046;2007;21;
13049;2007;84;
13053;2007;69;
21001;2007;593;
21002;2007;136;
21003;2007;97;
21004;2007;902;
21005;2007;235;
21006;2007;141;
21007;2007;228;
21008;2007;93;
21009;2007;334;
21010;2007;184;
21011;2007;91;
21012;2007;404;
21013;2007;238;
21014;2007;121;
21015;2007;588;
21016;2007;301;
21017;2007;92;
21018;2007;246;
21019;2007;91;
21020;2007;1;
23002;2007;123;
23003;2007;73;
23009;2007;7;
23016;2007;171;
23023;2007;33;
23024;2007;17;
23025;2007;142;
23027;2007;187;
23032;2007;11;
23033;2007;24;
23038;2007;42;
23039;2007;31;
23044;2007;31;
23045;2007;45;
23047;2007;35;
23050;2007;54;
23052;2007;35;
23060;2007;44;
23062;2007;46;
23064;2007;8;
23077;2007;77;
23081;2007;49;
23086;2007;37;
23088;2007;138;
23094;2007;105;
23095;2007;6;
23096;2007;71;
23097;2007;47;
23098;2007;12;
23099;2007;19;
23100;2007;5;
23101;2007;41;
23102;2007;64;
23103;2007;12;
23104;2007;24;
23105;2007;42;
24001;2007;137;
24007;2007;20;
24008;2007;18;
24009;2007;20;
24011;2007;16;
24014;2007;49;
24016;2007;11;
24020;2007;93;
24028;2007;19;
24033;2007;29;
24038;2007;28;
24041;2007;15;
24043;2007;38;
24045;2007;30;
24048;2007;27;
24054;2007;10;
24055;2007;39;
24059;2007;78;
24062;2007;417;
24066;2007;28;
24086;2007;15;
24094;2007;32;
24104;2007;51;
24107;2007;156;
24109;2007;43;
24130;2007;22;
24133;2007;11;
24134;2007;131;
24135;2007;34;
24137;2007;27;
25005;2007;32;
25014;2007;159;
25015;2007;37;
25018;2007;26;
25023;2007;44;
25031;2007;45;
25037;2007;53;
25043;2007;18;
25044;2007;20;
25048;2007;53;
25050;2007;33;
25068;2007;38;
25072;2007;116;
25084;2007;17;
25091;2007;57;
25105;2007;113;
25107;2007;44;
25110;2007;111;
25112;2007;199;
25117;2007;27;
25118;2007;12;
25119;2007;36;
25120;2007;26;
25121;2007;152;
25122;2007;19;
25123;2007;30;
25124;2007;22;
31003;2007;34;
31004;2007;107;
31005;2007;626;
31006;2007;47;
31012;2007;27;
31022;2007;65;
31033;2007;83;
31040;2007;82;
31042;2007;10;
31043;2007;176;
32003;2007;76;
32006;2007;20;
32010;2007;17;
32011;2007;41;
32030;2007;3;
33011;2007;237;
33016;2007;3;
33021;2007;59;
33029;2007;70;
33037;2007;36;
33039;2007;14;
33040;2007;26;
33041;2007;9;
34002;2007;31;
34003;2007;30;
34009;2007;58;
34013;2007;150;
34022;2007;363;
34023;2007;70;
34025;2007;11;
34027;2007;204;
34040;2007;117;
34041;2007;107;
34042;2007;51;
34043;2007;8;
35002;2007;75;
35005;2007;41;
35006;2007;48;
35011;2007;140;
35013;2007;326;
35014;2007;46;
35029;2007;42;
36006;2007;16;
36007;2007;44;
36008;2007;77;
36010;2007;29;
36011;2007;22;
36012;2007;61;
36015;2007;145;
36019;2007;24;
37002;2007;16;
37007;2007;30;
37010;2007;14;
37011;2007;39;
37012;2007;10;
37015;2007;94;
37017;2007;24;
37018;2007;44;
37020;2007;25;
38002;2007;18;
38008;2007;74;
38014;2007;106;
38016;2007;76;
38025;2007;108;
41002;2007;358;
41011;2007;106;
41018;2007;166;
41024;2007;81;
41027;2007;61;
41034;2007;88;
41048;2007;125;
41063;2007;39;
41081;2007;91;
41082;2007;78;
42003;2007;71;
42004;2007;45;
42006;2007;266;
42008;2007;91;
42010;2007;35;
42011;2007;123;
42023;2007;43;
42025;2007;153;
42026;2007;65;
42028;2007;116;
43002;2007;47;
43005;2007;171;
43007;2007;20;
43010;2007;91;
43014;2007;11;
43018;2007;70;
44001;2007;69;
44011;2007;124;
44012;2007;31;
44013;2007;80;
44019;2007;170;
44020;2007;43;
44021;2007;1828;
44029;2007;22;
44034;2007;68;
44036;2007;28;
44040;2007;33;
44043;2007;89;
44045;2007;27;
44048;2007;36;
44049;2007;40;
44052;2007;48;
44064;2007;35;
44072;2007;31;
44073;2007;58;
44080;2007;32;
44081;2007;79;
45017;2007;22;
45035;2007;105;
45041;2007;146;
45057;2007;21;
45059;2007;30;
45060;2007;18;
45061;2007;15;
45062;2007;3;
45063;2007;25;
45064;2007;15;
45065;2007;28;
46003;2007;137;
46013;2007;60;
46014;2007;203;
46020;2007;80;
46021;2007;336;
46024;2007;99;
46025;2007;136;
51004;2007;142;
51008;2007;92;
51009;2007;77;
51012;2007;23;
51014;2007;19;
51017;2007;21;
51019;2007;17;
51065;2007;51;
52010;2007;94;
52011;2007;1776;
52012;2007;416;
52015;2007;206;
52018;2007;117;
52021;2007;149;
52022;2007;122;
52025;2007;59;
52043;2007;147;
52048;2007;47;
52055;2007;88;
52063;2007;69;
52074;2007;87;
52075;2007;35;
53014;2007;172;
53020;2007;157;
53028;2007;158;
53039;2007;47;
53044;2007;46;
53046;2007;4;
53053;2007;676;
53065;2007;137;
53068;2007;53;
53070;2007;125;
53082;2007;141;
53083;2007;20;
53084;2007;26;
54007;2007;279;
54010;2007;118;
55004;2007;104;
55010;2007;55;
55022;2007;676;
55023;2007;70;
55035;2007;46;
55039;2007;20;
55040;2007;154;
55050;2007;56;
56001;2007;75;
56005;2007;60;
56011;2007;290;
56016;2007;63;
56022;2007;92;
56029;2007;29;
56044;2007;42;
56049;2007;44;
56051;2007;29;
56078;2007;102;
56085;2007;43;
56086;2007;38;
56087;2007;128;
56088;2007;20;
57003;2007;54;
57018;2007;28;
57027;2007;53;
57062;2007;26;
57064;2007;129;
57072;2007;34;
57081;2007;430;
57093;2007;32;
57094;2007;63;
57095;2007;8;
61003;2007;117;
61010;2007;10;
61012;2007;16;
61019;2007;21;
61024;2007;26;
61028;2007;27;
61031;2007;112;
61039;2007;30;
61041;2007;12;
61043;2007;9;
61048;2007;7;
61063;2007;8;
61068;2007;28;
61072;2007;49;
61079;2007;15;
61080;2007;29;
61081;2007;7;
62003;2007;158;
62006;2007;90;
62009;2007;61;
62011;2007;55;
62015;2007;67;
62022;2007;133;
62026;2007;25;
62027;2007;30;
62032;2007;62;
62038;2007;115;
62051;2007;226;
62060;2007;41;
62063;2007;1738;
62079;2007;122;
62093;2007;150;
62096;2007;518;
62099;2007;76;
62100;2007;67;
62108;2007;112;
62118;2007;150;
62119;2007;72;
62120;2007;139;
62121;2007;61;
62122;2007;32;
63001;2007;1;
63003;2007;15;
63004;2007;19;
63012;2007;11;
63013;2007;11;
63020;2007;118;
63023;2007;45;
63035;2007;64;
63038;2007;60;
63040;2007;30;
63045;2007;31;
63046;2007;43;
63048;2007;38;
63049;2007;49;
63057;2007;11;
63058;2007;38;
63061;2007;15;
63067;2007;22;
63072;2007;102;
63073;2007;31;
63075;2007;5;
63076;2007;61;
63079;2007;453;
63080;2007;19;
63084;2007;39;
63086;2007;19;
63087;2007;6;
63088;2007;42;
63089;2007;17;
64008;2007;16;
64015;2007;27;
64021;2007;17;
64023;2007;2;
64025;2007;8;
64029;2007;10;
64034;2007;111;
64047;2007;12;
64056;2007;24;
64063;2007;32;
64065;2007;32;
64074;2007;137;
64075;2007;14;
64076;2007;18;
71002;2007;37;
71004;2007;171;
71011;2007;72;
71016;2007;281;
71017;2007;40;
71020;2007;40;
71022;2007;252;
71024;2007;84;
71034;2007;80;
71037;2007;62;
71045;2007;23;
71047;2007;56;
71053;2007;250;
71057;2007;93;
71066;2007;93;
71067;2007;15;
71069;2007;32;
71070;2007;121;
72003;2007;29;
72004;2007;51;
72018;2007;28;
72020;2007;126;
72021;2007;70;
72025;2007;35;
72029;2007;26;
72030;2007;52;
72037;2007;31;
72038;2007;36;
72039;2007;185;
72040;2007;23;
72041;2007;48;
73001;2007;45;
73006;2007;81;
73009;2007;36;
73022;2007;26;
73028;2007;0;
73032;2007;34;
73040;2007;21;
73042;2007;87;
73066;2007;16;
73083;2007;126;
73098;2007;13;
73107;2007;114;
73109;2007;3;
81001;2007;180;
81003;2007;4;
81004;2007;141;
81013;2007;8;
81015;2007;38;
82003;2007;129;
82005;2007;6;
82009;2007;11;
82014;2007;30;
82032;2007;26;
82036;2007;26;
82037;2007;19;
82038;2007;21;
83012;2007;39;
83013;2007;27;
83028;2007;32;
83031;2007;27;
83034;2007;153;
83040;2007;25;
83044;2007;30;
83049;2007;11;
83055;2007;14;
84009;2007;83;
84010;2007;42;
84016;2007;9;
84029;2007;20;
84033;2007;17;
84035;2007;26;
84043;2007;87;
84050;2007;47;
84059;2007;59;
84068;2007;21;
84075;2007;22;
84077;2007;76;
85007;2007;43;
85009;2007;27;
85011;2007;45;
85024;2007;27;
85026;2007;27;
85034;2007;7;
85039;2007;15;
85045;2007;65;
85046;2007;29;
85047;2007;9;
91005;2007;49;
91013;2007;65;
91015;2007;36;
91030;2007;105;
91034;2007;129;
91054;2007;35;
91059;2007;42;
91064;2007;22;
91072;2007;31;
91103;2007;21;
91114;2007;100;
91120;2007;21;
91141;2007;44;
91142;2007;46;
91143;2007;20;
92003;2007;180;
92006;2007;22;
92035;2007;62;
92045;2007;44;
92048;2007;52;
92054;2007;25;
92087;2007;75;
92094;2007;740;
92097;2007;18;
92101;2007;53;
92114;2007;44;
92137;2007;161;
92138;2007;20;
92140;2007;119;
92141;2007;29;
92142;2007;118;
93010;2007;26;
93014;2007;93;
93018;2007;21;
93022;2007;67;
93056;2007;73;
93088;2007;116;
93090;2007;36;
11001;2008;54;
11002;2008;3050;
11004;2008;61;
11005;2008;113;
11007;2008;56;
11008;2008;158;
11009;2008;83;
11013;2008;49;
11016;2008;50;
11018;2008;49;
11021;2008;29;
11022;2008;52;
11023;2008;90;
11024;2008;77;
11025;2008;31;
11029;2008;97;
11030;2008;61;
11035;2008;30;
11037;2008;43;
11038;2008;42;
11039;2008;42;
11040;2008;146;
11044;2008;61;
11050;2008;27;
11052;2008;64;
11053;2008;70;
11054;2008;31;
11055;2008;64;
11056;2008;107;
11057;2008;32;
12002;2008;43;
12005;2008;35;
12007;2008;84;
12009;2008;53;
12014;2008;174;
12021;2008;152;
12025;2008;509;
12026;2008;79;
12029;2008;19;
12030;2008;80;
12034;2008;37;
12035;2008;49;
12040;2008;79;
13001;2008;46;
13002;2008;8;
13003;2008;93;
13004;2008;67;
13006;2008;77;
13008;2008;157;
13010;2008;30;
13011;2008;112;
13012;2008;44;
13013;2008;57;
13014;2008;60;
13016;2008;64;
13017;2008;101;
13019;2008;36;
13021;2008;45;
13023;2008;39;
13025;2008;120;
13029;2008;63;
13031;2008;43;
13035;2008;56;
13036;2008;43;
13037;2008;30;
13040;2008;321;
13044;2008;19;
13046;2008;41;
13049;2008;77;
13053;2008;67;
21001;2008;545;
21002;2008;134;
21003;2008;80;
21004;2008;868;
21005;2008;231;
21006;2008;133;
21007;2008;233;
21008;2008;104;
21009;2008;290;
21010;2008;213;
21011;2008;103;
21012;2008;398;
21013;2008;226;
21014;2008;122;
21015;2008;549;
21016;2008;280;
21017;2008;101;
21018;2008;180;
21019;2008;99;
21020;2008;0;
23002;2008;98;
23003;2008;64;
23009;2008;4;
23016;2008;157;
23023;2008;32;
23024;2008;28;
23025;2008;117;
23027;2008;184;
23032;2008;17;
23033;2008;25;
23038;2008;19;
23039;2008;35;
23044;2008;55;
23045;2008;48;
23047;2008;45;
23050;2008;36;
23052;2008;31;
23060;2008;17;
23062;2008;74;
23064;2008;10;
23077;2008;77;
23081;2008;54;
23086;2008;49;
23088;2008;157;
23094;2008;100;
23095;2008;3;
23096;2008;61;
23097;2008;61;
23098;2008;16;
23099;2008;26;
23100;2008;10;
23101;2008;27;
23102;2008;59;
23103;2008;21;
23104;2008;16;
23105;2008;50;
24001;2008;82;
24007;2008;29;
24008;2008;25;
24009;2008;15;
24011;2008;21;
24014;2008;34;
24016;2008;34;
24020;2008;95;
24028;2008;13;
24033;2008;23;
24038;2008;30;
24041;2008;30;
24043;2008;26;
24045;2008;21;
24048;2008;32;
24054;2008;14;
24055;2008;53;
24059;2008;53;
24062;2008;411;
24066;2008;35;
24086;2008;20;
24094;2008;26;
24104;2008;50;
24107;2008;176;
24109;2008;44;
24130;2008;23;
24133;2008;16;
24134;2008;113;
24135;2008;18;
24137;2008;17;
25005;2008;18;
25014;2008;164;
25015;2008;49;
25018;2008;61;
25023;2008;50;
25031;2008;47;
25037;2008;57;
25043;2008;28;
25044;2008;21;
25048;2008;81;
25050;2008;40;
25068;2008;31;
25072;2008;115;
25084;2008;18;
25091;2008;89;
25105;2008;88;
25107;2008;37;
25110;2008;130;
25112;2008;233;
25117;2008;35;
25118;2008;5;
25119;2008;35;
25120;2008;22;
25121;2008;162;
25122;2008;18;
25123;2008;33;
25124;2008;10;
31003;2008;24;
31004;2008;110;
31005;2008;524;
31006;2008;41;
31012;2008;103;
31022;2008;58;
31033;2008;70;
31040;2008;84;
31042;2008;8;
31043;2008;124;
32003;2008;88;
32006;2008;43;
32010;2008;26;
32011;2008;54;
32030;2008;2;
33011;2008;214;
33016;2008;7;
33021;2008;92;
33029;2008;78;
33037;2008;39;
33039;2008;12;
33040;2008;42;
33041;2008;19;
34002;2008;25;
34003;2008;42;
34009;2008;36;
34013;2008;136;
34022;2008;323;
34023;2008;66;
34025;2008;18;
34027;2008;171;
34040;2008;123;
34041;2008;125;
34042;2008;91;
34043;2008;5;
35002;2008;84;
35005;2008;38;
35006;2008;55;
35011;2008;106;
35013;2008;241;
35014;2008;39;
35029;2008;51;
36006;2008;23;
36007;2008;51;
36008;2008;83;
36010;2008;26;
36011;2008;28;
36012;2008;67;
36015;2008;151;
36019;2008;29;
37002;2008;33;
37007;2008;29;
37010;2008;12;
37011;2008;34;
37012;2008;10;
37015;2008;77;
37017;2008;27;
37018;2008;45;
37020;2008;37;
38002;2008;24;
38008;2008;62;
38014;2008;80;
38016;2008;71;
38025;2008;62;
41002;2008;405;
41011;2008;105;
41018;2008;163;
41024;2008;134;
41027;2008;73;
41034;2008;92;
41048;2008;142;
41063;2008;28;
41081;2008;123;
41082;2008;67;
42003;2008;98;
42004;2008;46;
42006;2008;300;
42008;2008;89;
42010;2008;46;
42011;2008;98;
42023;2008;42;
42025;2008;143;
42026;2008;93;
42028;2008;117;
43002;2008;41;
43005;2008;181;
43007;2008;18;
43010;2008;101;
43014;2008;25;
43018;2008;89;
44001;2008;84;
44011;2008;113;
44012;2008;19;
44013;2008;67;
44019;2008;168;
44020;2008;28;
44021;2008;1770;
44029;2008;25;
44034;2008;87;
44036;2008;42;
44040;2008;39;
44043;2008;98;
44045;2008;22;
44048;2008;32;
44049;2008;48;
44052;2008;56;
44064;2008;15;
44072;2008;47;
44073;2008;47;
44080;2008;34;
44081;2008;66;
45017;2008;21;
45035;2008;102;
45041;2008;145;
45057;2008;13;
45059;2008;43;
45060;2008;21;
45061;2008;12;
45062;2008;9;
45063;2008;27;
45064;2008;9;
45065;2008;21;
46003;2008;159;
46013;2008;60;
46014;2008;174;
46020;2008;81;
46021;2008;384;
46024;2008;110;
46025;2008;145;
51004;2008;213;
51008;2008;69;
51009;2008;75;
51012;2008;16;
51014;2008;20;
51017;2008;18;
51019;2008;11;
51065;2008;37;
52010;2008;93;
52011;2008;1938;
52012;2008;424;
52015;2008;182;
52018;2008;94;
52021;2008;167;
52022;2008;123;
52025;2008;43;
52043;2008;151;
52048;2008;72;
52055;2008;91;
52063;2008;42;
52074;2008;69;
52075;2008;36;
53014;2008;115;
53020;2008;113;
53028;2008;149;
53039;2008;35;
53044;2008;60;
53046;2008;11;
53053;2008;597;
53065;2008;123;
53068;2008;60;
53070;2008;131;
53082;2008;128;
53083;2008;26;
53084;2008;21;
54007;2008;392;
54010;2008;134;
55004;2008;93;
55010;2008;54;
55022;2008;706;
55023;2008;99;
55035;2008;47;
55039;2008;19;
55040;2008;124;
55050;2008;53;
56001;2008;74;
56005;2008;67;
56011;2008;252;
56016;2008;68;
56022;2008;89;
56029;2008;25;
56044;2008;21;
56049;2008;50;
56051;2008;36;
56078;2008;113;
56085;2008;47;
56086;2008;56;
56087;2008;116;
56088;2008;27;
57003;2008;61;
57018;2008;20;
57027;2008;51;
57062;2008;28;
57064;2008;131;
57072;2008;11;
57081;2008;433;
57093;2008;38;
57094;2008;59;
57095;2008;12;
61003;2008;113;
61010;2008;12;
61012;2008;8;
61019;2008;35;
61024;2008;20;
61028;2008;26;
61031;2008;157;
61039;2008;21;
61041;2008;18;
61043;2008;20;
61048;2008;12;
61063;2008;14;
61068;2008;46;
61072;2008;54;
61079;2008;18;
61080;2008;57;
61081;2008;11;
62003;2008;210;
62006;2008;64;
62009;2008;93;
62011;2008;42;
62015;2008;72;
62022;2008;83;
62026;2008;21;
62027;2008;26;
62032;2008;76;
62038;2008;99;
62051;2008;270;
62060;2008;52;
62063;2008;1866;
62079;2008;166;
62093;2008;159;
62096;2008;429;
62099;2008;61;
62100;2008;54;
62108;2008;119;
62118;2008;175;
62119;2008;76;
62120;2008;112;
62121;2008;40;
62122;2008;55;
63001;2008;5;
63003;2008;13;
63004;2008;8;
63012;2008;4;
63013;2008;12;
63020;2008;90;
63023;2008;54;
63035;2008;67;
63038;2008;21;
63040;2008;39;
63045;2008;15;
63046;2008;21;
63048;2008;40;
63049;2008;52;
63057;2008;9;
63058;2008;65;
63061;2008;19;
63067;2008;17;
63072;2008;105;
63073;2008;25;
63075;2008;2;
63076;2008;32;
63079;2008;427;
63080;2008;15;
63084;2008;33;
63086;2008;20;
63087;2008;10;
63088;2008;26;
63089;2008;9;
64008;2008;8;
64015;2008;38;
64021;2008;13;
64023;2008;1;
64025;2008;8;
64029;2008;8;
64034;2008;113;
64047;2008;20;
64056;2008;24;
64063;2008;22;
64065;2008;29;
64074;2008;123;
64075;2008;12;
64076;2008;24;
71002;2008;29;
71004;2008;196;
71011;2008;70;
71016;2008;263;
71017;2008;16;
71020;2008;28;
71022;2008;275;
71024;2008;68;
71034;2008;84;
71037;2008;39;
71045;2008;20;
71047;2008;84;
71053;2008;216;
71057;2008;86;
71066;2008;97;
71067;2008;22;
71069;2008;49;
71070;2008;124;
72003;2008;45;
72004;2008;52;
72018;2008;29;
72020;2008;112;
72021;2008;102;
72025;2008;51;
72029;2008;34;
72030;2008;59;
72037;2008;37;
72038;2008;59;
72039;2008;148;
72040;2008;18;
72041;2008;81;
73001;2008;34;
73006;2008;113;
73009;2008;74;
73022;2008;43;
73028;2008;0;
73032;2008;18;
73040;2008;46;
73042;2008;76;
73066;2008;33;
73083;2008;162;
73098;2008;21;
73107;2008;107;
73109;2008;7;
81001;2008;238;
81003;2008;4;
81004;2008;131;
81013;2008;8;
81015;2008;44;
82003;2008;170;
82005;2008;14;
82009;2008;10;
82014;2008;30;
82032;2008;27;
82036;2008;32;
82037;2008;26;
82038;2008;16;
83012;2008;41;
83013;2008;9;
83028;2008;33;
83031;2008;34;
83034;2008;191;
83040;2008;30;
83044;2008;31;
83049;2008;21;
83055;2008;17;
84009;2008;88;
84010;2008;32;
84016;2008;8;
84029;2008;16;
84033;2008;14;
84035;2008;24;
84043;2008;108;
84050;2008;30;
84059;2008;79;
84068;2008;14;
84075;2008;12;
84077;2008;84;
85007;2008;35;
85009;2008;34;
85011;2008;45;
85024;2008;17;
85026;2008;32;
85034;2008;12;
85039;2008;20;
85045;2008;99;
85046;2008;51;
85047;2008;13;
91005;2008;53;
91013;2008;68;
91015;2008;18;
91030;2008;130;
91034;2008;158;
91054;2008;49;
91059;2008;26;
91064;2008;26;
91072;2008;15;
91103;2008;33;
91114;2008;112;
91120;2008;32;
91141;2008;57;
91142;2008;44;
91143;2008;23;
92003;2008;139;
92006;2008;16;
92035;2008;50;
92045;2008;19;
92048;2008;40;
92054;2008;23;
92087;2008;65;
92094;2008;769;
92097;2008;13;
92101;2008;38;
92114;2008;22;
92137;2008;174;
92138;2008;26;
92140;2008;115;
92141;2008;30;
92142;2008;74;
93010;2008;41;
93014;2008;149;
93018;2008;17;
93022;2008;60;
93056;2008;69;
93088;2008;109;
93090;2008;61;
11001;2009;60;
11002;2009;3475;
11004;2009;65;
11005;2009;151;
11007;2009;74;
11008;2009;213;
11009;2009;50;
11013;2009;68;
11016;2009;85;
11018;2009;52;
11021;2009;33;
11022;2009;78;
11023;2009;147;
11024;2009;54;
11025;2009;22;
11029;2009;134;
11030;2009;70;
11035;2009;47;
11037;2009;64;
11038;2009;60;
11039;2009;44;
11040;2009;131;
11044;2009;82;
11050;2009;37;
11052;2009;49;
11053;2009;96;
11054;2009;28;
11055;2009;55;
11056;2009;96;
11057;2009;33;
12002;2009;76;
12005;2009;36;
12007;2009;72;
12009;2009;90;
12014;2009;166;
12021;2009;170;
12025;2009;481;
12026;2009;66;
12029;2009;44;
12030;2009;70;
12034;2009;27;
12035;2009;63;
12040;2009;108;
13001;2009;25;
13002;2009;5;
13003;2009;85;
13004;2009;58;
13006;2009;42;
13008;2009;163;
13010;2009;29;
13011;2009;130;
13012;2009;40;
13013;2009;53;
13014;2009;39;
13016;2009;50;
13017;2009;50;
13019;2009;48;
13021;2009;18;
13023;2009;40;
13025;2009;107;
13029;2009;60;
13031;2009;34;
13035;2009;35;
13036;2009;32;
13037;2009;40;
13040;2009;280;
13044;2009;19;
13046;2009;24;
13049;2009;124;
13053;2009;44;
21001;2009;499;
21002;2009;125;
21003;2009;92;
21004;2009;909;
21005;2009;164;
21006;2009;127;
21007;2009;211;
21008;2009;100;
21009;2009;292;
21010;2009;209;
21011;2009;72;
21012;2009;363;
21013;2009;212;
21014;2009;133;
21015;2009;525;
21016;2009;309;
21017;2009;104;
21018;2009;148;
21019;2009;102;
21020;2009;0;
23002;2009;78;
23003;2009;59;
23009;2009;5;
23016;2009;170;
23023;2009;25;
23024;2009;30;
23025;2009;99;
23027;2009;193;
23032;2009;3;
23033;2009;25;
23038;2009;19;
23039;2009;26;
23044;2009;46;
23045;2009;65;
23047;2009;43;
23050;2009;32;
23052;2009;24;
23060;2009;20;
23062;2009;78;
23064;2009;12;
23077;2009;94;
23081;2009;25;
23086;2009;42;
23088;2009;119;
23094;2009;124;
23095;2009;1;
23096;2009;41;
23097;2009;30;
23098;2009;10;
23099;2009;18;
23100;2009;4;
23101;2009;36;
23102;2009;42;
23103;2009;32;
23104;2009;39;
23105;2009;28;
24001;2009;82;
24007;2009;12;
24008;2009;19;
24009;2009;16;
24011;2009;11;
24014;2009;39;
24016;2009;48;
24020;2009;80;
24028;2009;29;
24033;2009;67;
24038;2009;35;
24041;2009;37;
24043;2009;25;
24045;2009;26;
24048;2009;24;
24054;2009;39;
24055;2009;37;
24059;2009;63;
24062;2009;385;
24066;2009;34;
24086;2009;28;
24094;2009;17;
24104;2009;59;
24107;2009;164;
24109;2009;57;
24130;2009;28;
24133;2009;25;
24134;2009;108;
24135;2009;24;
24137;2009;12;
25005;2009;21;
25014;2009;169;
25015;2009;28;
25018;2009;49;
25023;2009;52;
25031;2009;43;
25037;2009;45;
25043;2009;33;
25044;2009;21;
25048;2009;80;
25050;2009;38;
25068;2009;38;
25072;2009;127;
25084;2009;18;
25091;2009;72;
25105;2009;107;
25107;2009;46;
25110;2009;100;
25112;2009;245;
25117;2009;39;
25118;2009;12;
25119;2009;38;
25120;2009;21;
25121;2009;155;
25122;2009;30;
25123;2009;36;
25124;2009;45;
31003;2009;30;
31004;2009;123;
31005;2009;582;
31006;2009;58;
31012;2009;35;
31022;2009;71;
31033;2009;73;
31040;2009;71;
31042;2009;13;
31043;2009;124;
32003;2009;71;
32006;2009;48;
32010;2009;46;
32011;2009;52;
32030;2009;9;
33011;2009;231;
33016;2009;12;
33021;2009;86;
33029;2009;120;
33037;2009;50;
33039;2009;23;
33040;2009;39;
33041;2009;19;
34002;2009;39;
34003;2009;32;
34009;2009;56;
34013;2009;127;
34022;2009;311;
34023;2009;46;
34025;2009;10;
34027;2009;203;
34040;2009;126;
34041;2009;111;
34042;2009;64;
34043;2009;11;
35002;2009;82;
35005;2009;61;
35006;2009;41;
35011;2009;83;
35013;2009;278;
35014;2009;40;
35029;2009;42;
36006;2009;19;
36007;2009;30;
36008;2009;80;
36010;2009;23;
36011;2009;27;
36012;2009;67;
36015;2009;169;
36019;2009;22;
37002;2009;19;
37007;2009;35;
37010;2009;20;
37011;2009;18;
37012;2009;8;
37015;2009;65;
37017;2009;22;
37018;2009;26;
37020;2009;38;
38002;2009;23;
38008;2009;69;
38014;2009;87;
38016;2009;50;
38025;2009;43;
41002;2009;352;
41011;2009;101;
41018;2009;156;
41024;2009;102;
41027;2009;94;
41034;2009;79;
41048;2009;135;
41063;2009;28;
41081;2009;108;
41082;2009;80;
42003;2009;82;
42004;2009;43;
42006;2009;318;
42008;2009;90;
42010;2009;46;
42011;2009;84;
42023;2009;41;
42025;2009;176;
42026;2009;48;
42028;2009;120;
43002;2009;59;
43005;2009;140;
43007;2009;15;
43010;2009;88;
43014;2009;23;
43018;2009;107;
44001;2009;82;
44011;2009;121;
44012;2009;11;
44013;2009;53;
44019;2009;161;
44020;2009;42;
44021;2009;1673;
44029;2009;19;
44034;2009;98;
44036;2009;25;
44040;2009;28;
44043;2009;102;
44045;2009;28;
44048;2009;38;
44049;2009;26;
44052;2009;30;
44064;2009;28;
44072;2009;51;
44073;2009;52;
44080;2009;43;
44081;2009;50;
45017;2009;14;
45035;2009;103;
45041;2009;112;
45057;2009;4;
45059;2009;45;
45060;2009;11;
45061;2009;14;
45062;2009;1;
45063;2009;21;
45064;2009;11;
45065;2009;31;
46003;2009;169;
46013;2009;75;
46014;2009;214;
46020;2009;76;
46021;2009;360;
46024;2009;100;
46025;2009;167;
51004;2009;236;
51008;2009;92;
51009;2009;82;
51012;2009;11;
51014;2009;43;
51017;2009;21;
51019;2009;10;
51065;2009;38;
52010;2009;65;
52011;2009;1957;
52012;2009;469;
52015;2009;181;
52018;2009;106;
52021;2009;177;
52022;2009;102;
52025;2009;60;
52043;2009;128;
52048;2009;50;
52055;2009;95;
52063;2009;44;
52074;2009;71;
52075;2009;43;
53014;2009;159;
53020;2009;107;
53028;2009;117;
53039;2009;32;
53044;2009;30;
53046;2009;17;
53053;2009;598;
53065;2009;103;
53068;2009;44;
53070;2009;133;
53082;2009;151;
53083;2009;14;
53084;2009;31;
54007;2009;426;
54010;2009;123;
55004;2009;83;
55010;2009;71;
55022;2009;774;
55023;2009;99;
55035;2009;43;
55039;2009;24;
55040;2009;146;
55050;2009;90;
56001;2009;48;
56005;2009;42;
56011;2009;242;
56016;2009;77;
56022;2009;83;
56029;2009;23;
56044;2009;21;
56049;2009;25;
56051;2009;34;
56078;2009;119;
56085;2009;52;
56086;2009;60;
56087;2009;118;
56088;2009;31;
57003;2009;44;
57018;2009;18;
57027;2009;55;
57062;2009;24;
57064;2009;130;
57072;2009;15;
57081;2009;444;
57093;2009;30;
57094;2009;54;
57095;2009;6;
61003;2009;95;
61010;2009;16;
61012;2009;10;
61019;2009;22;
61024;2009;16;
61028;2009;35;
61031;2009;128;
61039;2009;17;
61041;2009;16;
61043;2009;16;
61048;2009;8;
61063;2009;10;
61068;2009;31;
61072;2009;58;
61079;2009;9;
61080;2009;33;
61081;2009;8;
62003;2009;176;
62006;2009;64;
62009;2009;80;
62011;2009;50;
62015;2009;89;
62022;2009;80;
62026;2009;19;
62027;2009;44;
62032;2009;71;
62038;2009;112;
62051;2009;268;
62060;2009;59;
62063;2009;1945;
62079;2009;118;
62093;2009;155;
62096;2009;539;
62099;2009;72;
62100;2009;73;
62108;2009;121;
62118;2009;174;
62119;2009;84;
62120;2009;147;
62121;2009;23;
62122;2009;32;
63001;2009;2;
63003;2009;8;
63004;2009;24;
63012;2009;10;
63013;2009;7;
63020;2009;89;
63023;2009;55;
63035;2009;61;
63038;2009;27;
63040;2009;46;
63045;2009;20;
63046;2009;26;
63048;2009;34;
63049;2009;64;
63057;2009;12;
63058;2009;38;
63061;2009;12;
63067;2009;11;
63072;2009;92;
63073;2009;22;
63075;2009;7;
63076;2009;57;
63079;2009;391;
63080;2009;14;
63084;2009;42;
63086;2009;6;
63087;2009;4;
63088;2009;42;
63089;2009;11;
64008;2009;8;
64015;2009;34;
64021;2009;8;
64023;2009;4;
64025;2009;8;
64029;2009;7;
64034;2009;81;
64047;2009;9;
64056;2009;11;
64063;2009;35;
64065;2009;43;
64074;2009;108;
64075;2009;17;
64076;2009;14;
71002;2009;38;
71004;2009;173;
71011;2009;86;
71016;2009;370;
71017;2009;24;
71020;2009;30;
71022;2009;327;
71024;2009;48;
71034;2009;81;
71037;2009;45;
71045;2009;16;
71047;2009;105;
71053;2009;171;
71057;2009;108;
71066;2009;77;
71067;2009;27;
71069;2009;67;
71070;2009;86;
72003;2009;23;
72004;2009;45;
72018;2009;30;
72020;2009;100;
72021;2009;110;
72025;2009;38;
72029;2009;50;
72030;2009;43;
72037;2009;24;
72038;2009;49;
72039;2009;114;
72040;2009;14;
72041;2009;87;
73001;2009;30;
73006;2009;77;
73009;2009;48;
73022;2009;18;
73028;2009;0;
73032;2009;19;
73040;2009;28;
73042;2009;64;
73066;2009;21;
73083;2009;123;
73098;2009;36;
73107;2009;125;
73109;2009;6;
81001;2009;206;
81003;2009;9;
81004;2009;108;
81013;2009;4;
81015;2009;27;
82003;2009;145;
82005;2009;24;
82009;2009;8;
82014;2009;27;
82032;2009;77;
82036;2009;11;
82037;2009;59;
82038;2009;19;
83012;2009;57;
83013;2009;17;
83028;2009;40;
83031;2009;51;
83034;2009;191;
83040;2009;31;
83044;2009;33;
83049;2009;7;
83055;2009;22;
84009;2009;92;
84010;2009;29;
84016;2009;11;
84029;2009;5;
84033;2009;17;
84035;2009;19;
84043;2009;96;
84050;2009;32;
84059;2009;49;
84068;2009;16;
84075;2009;17;
84077;2009;90;
85007;2009;32;
85009;2009;32;
85011;2009;35;
85024;2009;14;
85026;2009;18;
85034;2009;11;
85039;2009;28;
85045;2009;106;
85046;2009;49;
85047;2009;13;
91005;2009;48;
91013;2009;78;
91015;2009;12;
91030;2009;99;
91034;2009;113;
91054;2009;31;
91059;2009;29;
91064;2009;29;
91072;2009;32;
91103;2009;14;
91114;2009;100;
91120;2009;16;
91141;2009;60;
91142;2009;47;
91143;2009;12;
92003;2009;146;
92006;2009;20;
92035;2009;49;
92045;2009;47;
92048;2009;69;
92054;2009;40;
92087;2009;79;
92094;2009;873;
92097;2009;25;
92101;2009;61;
92114;2009;35;
92137;2009;142;
92138;2009;25;
92140;2009;108;
92141;2009;15;
92142;2009;74;
93010;2009;28;
93014;2009;135;
93018;2009;22;
93022;2009;63;
93056;2009;61;
93088;2009;69;
93090;2009;50;
11001;2010;63;
11002;2010;3682;
11004;2010;49;
11005;2010;171;
11007;2010;60;
11008;2010;184;
11009;2010;58;
11013;2010;60;
11016;2010;69;
11018;2010;59;
11021;2010;31;
11022;2010;80;
11023;2010;60;
11024;2010;58;
11025;2010;16;
11029;2010;94;
11030;2010;110;
11035;2010;62;
11037;2010;64;
11038;2010;47;
11039;2010;33;
11040;2010;117;
11044;2010;51;
11050;2010;36;
11052;2010;58;
11053;2010;77;
11054;2010;29;
11055;2010;47;
11056;2010;79;
11057;2010;47;
12002;2010;55;
12005;2010;17;
12007;2010;89;
12009;2010;84;
12014;2010;175;
12021;2010;188;
12025;2010;421;
12026;2010;59;
12029;2010;53;
12030;2010;84;
12034;2010;25;
12035;2010;75;
12040;2010;129;
13001;2010;67;
13002;2010;5;
13003;2010;96;
13004;2010;38;
13006;2010;39;
13008;2010;155;
13010;2010;27;
13011;2010;125;
13012;2010;35;
13013;2010;67;
13014;2010;21;
13016;2010;49;
13017;2010;47;
13019;2010;57;
13021;2010;40;
13023;2010;28;
13025;2010;87;
13029;2010;59;
13031;2010;57;
13035;2010;64;
13036;2010;14;
13037;2010;51;
13040;2010;259;
13044;2010;30;
13046;2010;33;
13049;2010;92;
13053;2010;50;
21001;2010;499;
21002;2010;128;
21003;2010;92;
21004;2010;937;
21005;2010;172;
21006;2010;151;
21007;2010;199;
21008;2010;97;
21009;2010;336;
21010;2010;188;
21011;2010;95;
21012;2010;401;
21013;2010;232;
21014;2010;114;
21015;2010;585;
21016;2010;258;
21017;2010;86;
21018;2010;151;
21019;2010;80;
21020;2010;0;
23002;2010;92;
23003;2010;58;
23009;2010;9;
23016;2010;179;
23023;2010;16;
23024;2010;16;
23025;2010;133;
23027;2010;171;
23032;2010;8;
23033;2010;16;
23038;2010;19;
23039;2010;20;
23044;2010;39;
23045;2010;35;
23047;2010;40;
23050;2010;41;
23052;2010;31;
23060;2010;34;
23062;2010;46;
23064;2010;11;
23077;2010;109;
23081;2010;26;
23086;2010;44;
23088;2010;136;
23094;2010;121;
23095;2010;1;
23096;2010;47;
23097;2010;31;
23098;2010;15;
23099;2010;21;
23100;2010;7;
23101;2010;23;
23102;2010;57;
23103;2010;18;
23104;2010;21;
23105;2010;23;
24001;2010;128;
24007;2010;12;
24008;2010;22;
24009;2010;26;
24011;2010;24;
24014;2010;34;
24016;2010;38;
24020;2010;113;
24028;2010;42;
24033;2010;36;
24038;2010;32;
24041;2010;18;
24043;2010;35;
24045;2010;26;
24048;2010;22;
24054;2010;19;
24055;2010;48;
24059;2010;58;
24062;2010;367;
24066;2010;38;
24086;2010;16;
24094;2010;31;
24104;2010;57;
24107;2010;151;
24109;2010;37;
24130;2010;26;
24133;2010;8;
24134;2010;80;
24135;2010;25;
24137;2010;18;
25005;2010;26;
25014;2010;148;
25015;2010;33;
25018;2010;63;
25023;2010;45;
25031;2010;51;
25037;2010;37;
25043;2010;7;
25044;2010;14;
25048;2010;90;
25050;2010;35;
25068;2010;51;
25072;2010;147;
25084;2010;29;
25091;2010;88;
25105;2010;76;
25107;2010;58;
25110;2010;139;
25112;2010;198;
25117;2010;32;
25118;2010;18;
25119;2010;41;
25120;2010;24;
25121;2010;182;
25122;2010;26;
25123;2010;33;
25124;2010;31;
31003;2010;35;
31004;2010;113;
31005;2010;479;
31006;2010;36;
31012;2010;51;
31022;2010;55;
31033;2010;76;
31040;2010;73;
31042;2010;5;
31043;2010;125;
32003;2010;68;
32006;2010;52;
32010;2010;31;
32011;2010;59;
32030;2010;23;
33011;2010;216;
33016;2010;5;
33021;2010;51;
33029;2010;105;
33037;2010;43;
33039;2010;32;
33040;2010;29;
33041;2010;4;
34002;2010;36;
34003;2010;44;
34009;2010;44;
34013;2010;184;
34022;2010;286;
34023;2010;61;
34025;2010;10;
34027;2010;206;
34040;2010;113;
34041;2010;102;
34042;2010;71;
34043;2010;12;
35002;2010;98;
35005;2010;38;
35006;2010;40;
35011;2010;83;
35013;2010;297;
35014;2010;35;
35029;2010;57;
36006;2010;23;
36007;2010;31;
36008;2010;88;
36010;2010;33;
36011;2010;21;
36012;2010;65;
36015;2010;169;
36019;2010;27;
37002;2010;17;
37007;2010;33;
37010;2010;30;
37011;2010;14;
37012;2010;10;
37015;2010;67;
37017;2010;29;
37018;2010;29;
37020;2010;33;
38002;2010;43;
38008;2010;64;
38014;2010;83;
38016;2010;68;
38025;2010;45;
41002;2010;398;
41011;2010;140;
41018;2010;146;
41024;2010;88;
41027;2010;64;
41034;2010;58;
41048;2010;144;
41063;2010;28;
41081;2010;117;
41082;2010;89;
42003;2010;86;
42004;2010;56;
42006;2010;366;
42008;2010;85;
42010;2010;47;
42011;2010;92;
42023;2010;43;
42025;2010;179;
42026;2010;49;
42028;2010;119;
43002;2010;80;
43005;2010;154;
43007;2010;20;
43010;2010;109;
43014;2010;28;
43018;2010;91;
44001;2010;63;
44011;2010;149;
44012;2010;17;
44013;2010;55;
44019;2010;147;
44020;2010;32;
44021;2010;1666;
44029;2010;37;
44034;2010;85;
44036;2010;31;
44040;2010;39;
44043;2010;90;
44045;2010;38;
44048;2010;35;
44049;2010;33;
44052;2010;42;
44064;2010;10;
44072;2010;41;
44073;2010;33;
44080;2010;15;
44081;2010;38;
45017;2010;8;
45035;2010;98;
45041;2010;144;
45057;2010;20;
45059;2010;33;
45060;2010;16;
45061;2010;12;
45062;2010;1;
45063;2010;41;
45064;2010;7;
45065;2010;24;
46003;2010;193;
46013;2010;113;
46014;2010;221;
46020;2010;110;
46021;2010;385;
46024;2010;97;
46025;2010;151;
51004;2010;218;
51008;2010;121;
51009;2010;88;
51012;2010;13;
51014;2010;31;
51017;2010;24;
51019;2010;10;
51065;2010;33;
52010;2010;100;
52011;2010;1918;
52012;2010;531;
52015;2010;247;
52018;2010;122;
52021;2010;203;
52022;2010;114;
52025;2010;66;
52043;2010;129;
52048;2010;63;
52055;2010;91;
52063;2010;48;
52074;2010;90;
52075;2010;46;
53014;2010;148;
53020;2010;102;
53028;2010;94;
53039;2010;43;
53044;2010;31;
53046;2010;23;
53053;2010;603;
53065;2010;107;
53068;2010;52;
53070;2010;138;
53082;2010;116;
53083;2010;12;
53084;2010;25;
54007;2010;412;
54010;2010;160;
55004;2010;95;
55010;2010;57;
55022;2010;745;
55023;2010;112;
55035;2010;33;
55039;2010;35;
55040;2010;193;
55050;2010;76;
56001;2010;56;
56005;2010;76;
56011;2010;181;
56016;2010;76;
56022;2010;74;
56029;2010;33;
56044;2010;26;
56049;2010;29;
56051;2010;48;
56078;2010;130;
56085;2010;33;
56086;2010;44;
56087;2010;147;
56088;2010;36;
57003;2010;52;
57018;2010;16;
57027;2010;49;
57062;2010;16;
57064;2010;133;
57072;2010;17;
57081;2010;415;
57093;2010;38;
57094;2010;80;
57095;2010;10;
61003;2010;91;
61010;2010;5;
61012;2010;7;
61019;2010;28;
61024;2010;13;
61028;2010;45;
61031;2010;119;
61039;2010;31;
61041;2010;23;
61043;2010;11;
61048;2010;11;
61063;2010;8;
61068;2010;36;
61072;2010;64;
61079;2010;9;
61080;2010;54;
61081;2010;11;
62003;2010;201;
62006;2010;53;
62009;2010;65;
62011;2010;58;
62015;2010;63;
62022;2010;50;
62026;2010;30;
62027;2010;33;
62032;2010;72;
62038;2010;121;
62051;2010;238;
62060;2010;51;
62063;2010;1950;
62079;2010;179;
62093;2010;176;
62096;2010;562;
62099;2010;79;
62100;2010;51;
62108;2010;111;
62118;2010;235;
62119;2010;71;
62120;2010;149;
62121;2010;23;
62122;2010;51;
63001;2010;4;
63003;2010;24;
63004;2010;10;
63012;2010;3;
63013;2010;6;
63020;2010;94;
63023;2010;40;
63035;2010;80;
63038;2010;34;
63040;2010;64;
63045;2010;6;
63046;2010;33;
63048;2010;40;
63049;2010;68;
63057;2010;25;
63058;2010;36;
63061;2010;15;
63067;2010;22;
63072;2010;86;
63073;2010;28;
63075;2010;13;
63076;2010;60;
63079;2010;408;
63080;2010;16;
63084;2010;38;
63086;2010;14;
63087;2010;3;
63088;2010;33;
63089;2010;12;
64008;2010;11;
64015;2010;26;
64021;2010;5;
64023;2010;3;
64025;2010;6;
64029;2010;12;
64034;2010;99;
64047;2010;14;
64056;2010;23;
64063;2010;26;
64065;2010;22;
64074;2010;78;
64075;2010;16;
64076;2010;16;
71002;2010;84;
71004;2010;170;
71011;2010;63;
71016;2010;254;
71017;2010;35;
71020;2010;17;
71022;2010;385;
71024;2010;54;
71034;2010;91;
71037;2010;39;
71045;2010;20;
71047;2010;38;
71053;2010;203;
71057;2010;60;
71066;2010;102;
71067;2010;15;
71069;2010;59;
71070;2010;87;
72003;2010;21;
72004;2010;48;
72018;2010;30;
72020;2010;112;
72021;2010;115;
72025;2010;31;
72029;2010;30;
72030;2010;52;
72037;2010;30;
72038;2010;42;
72039;2010;160;
72040;2010;20;
72041;2010;77;
73001;2010;32;
73006;2010;113;
73009;2010;46;
73022;2010;26;
73028;2010;0;
73032;2010;14;
73040;2010;28;
73042;2010;64;
73066;2010;27;
73083;2010;159;
73098;2010;26;
73107;2010;128;
73109;2010;12;
81001;2010;207;
81003;2010;5;
81004;2010;95;
81013;2010;7;
81015;2010;15;
82003;2010;135;
82005;2010;24;
82009;2010;14;
82014;2010;21;
82032;2010;59;
82036;2010;23;
82037;2010;18;
82038;2010;22;
83012;2010;72;
83013;2010;22;
83028;2010;38;
83031;2010;34;
83034;2010;188;
83040;2010;24;
83044;2010;26;
83049;2010;9;
83055;2010;15;
84009;2010;62;
84010;2010;29;
84016;2010;13;
84029;2010;7;
84033;2010;19;
84035;2010;21;
84043;2010;64;
84050;2010;32;
84059;2010;48;
84068;2010;15;
84075;2010;13;
84077;2010;93;
85007;2010;28;
85009;2010;31;
85011;2010;30;
85024;2010;11;
85026;2010;20;
85034;2010;12;
85039;2010;29;
85045;2010;102;
85046;2010;36;
85047;2010;7;
91005;2010;35;
91013;2010;104;
91015;2010;30;
91030;2010;90;
91034;2010;115;
91054;2010;39;
91059;2010;36;
91064;2010;20;
91072;2010;25;
91103;2010;22;
91114;2010;112;
91120;2010;15;
91141;2010;61;
91142;2010;43;
91143;2010;15;
92003;2010;152;
92006;2010;17;
92035;2010;55;
92045;2010;40;
92048;2010;70;
92054;2010;17;
92087;2010;62;
92094;2010;803;
92097;2010;18;
92101;2010;47;
92114;2010;21;
92137;2010;137;
92138;2010;27;
92140;2010;107;
92141;2010;16;
92142;2010;104;
93010;2010;30;
93014;2010;79;
93018;2010;27;
93022;2010;75;
93056;2010;69;
93088;2010;80;
93090;2010;19;
11001;2011;50;
11002;2011;3473;
11004;2011;52;
11005;2011;171;
11007;2011;65;
11008;2011;146;
11009;2011;57;
11013;2011;82;
11016;2011;47;
11018;2011;61;
11021;2011;30;
11022;2011;58;
11023;2011;75;
11024;2011;80;
11025;2011;30;
11029;2011;105;
11030;2011;89;
11035;2011;56;
11037;2011;84;
11038;2011;50;
11039;2011;35;
11040;2011;143;
11044;2011;58;
11050;2011;26;
11052;2011;51;
11053;2011;63;
11054;2011;34;
11055;2011;55;
11056;2011;82;
11057;2011;31;
12002;2011;49;
12005;2011;17;
12007;2011;80;
12009;2011;86;
12014;2011;156;
12021;2011;198;
12025;2011;422;
12026;2011;55;
12029;2011;49;
12030;2011;59;
12034;2011;21;
12035;2011;56;
12040;2011;173;
13001;2011;37;
13002;2011;7;
13003;2011;100;
13004;2011;62;
13006;2011;25;
13008;2011;132;
13010;2011;48;
13011;2011;144;
13012;2011;32;
13013;2011;67;
13014;2011;33;
13016;2011;83;
13017;2011;38;
13019;2011;37;
13021;2011;68;
13023;2011;49;
13025;2011;176;
13029;2011;54;
13031;2011;36;
13035;2011;45;
13036;2011;18;
13037;2011;26;
13040;2011;245;
13044;2011;44;
13046;2011;24;
13049;2011;98;
13053;2011;84;
21001;2011;522;
21002;2011;80;
21003;2011;68;
21004;2011;935;
21005;2011;178;
21006;2011;213;
21007;2011;240;
21008;2011;90;
21009;2011;302;
21010;2011;202;
21011;2011;87;
21012;2011;355;
21013;2011;247;
21014;2011;138;
21015;2011;658;
21016;2011;267;
21017;2011;71;
21018;2011;168;
21019;2011;122;
21020;2011;1;
23002;2011;81;
23003;2011;65;
23009;2011;7;
23016;2011;114;
23023;2011;16;
23024;2011;36;
23025;2011;117;
23027;2011;166;
23032;2011;15;
23033;2011;36;
23038;2011;10;
23039;2011;24;
23044;2011;70;
23045;2011;54;
23047;2011;45;
23050;2011;42;
23052;2011;34;
23060;2011;24;
23062;2011;61;
23064;2011;6;
23077;2011;97;
23081;2011;35;
23086;2011;61;
23088;2011;130;
23094;2011;144;
23095;2011;3;
23096;2011;41;
23097;2011;39;
23098;2011;12;
23099;2011;23;
23100;2011;16;
23101;2011;39;
23102;2011;32;
23103;2011;24;
23104;2011;11;
23105;2011;29;
24001;2011;119;
24007;2011;10;
24008;2011;20;
24009;2011;54;
24011;2011;17;
24014;2011;19;
24016;2011;46;
24020;2011;83;
24028;2011;23;
24033;2011;25;
24038;2011;43;
24041;2011;18;
24043;2011;16;
24045;2011;24;
24048;2011;24;
24054;2011;23;
24055;2011;55;
24059;2011;73;
24062;2011;353;
24066;2011;27;
24086;2011;17;
24094;2011;23;
24104;2011;52;
24107;2011;140;
24109;2011;37;
24130;2011;19;
24133;2011;16;
24134;2011;88;
24135;2011;29;
24137;2011;24;
25005;2011;26;
25014;2011;147;
25015;2011;25;
25018;2011;54;
25023;2011;63;
25031;2011;50;
25037;2011;48;
25043;2011;12;
25044;2011;18;
25048;2011;55;
25050;2011;43;
25068;2011;43;
25072;2011;112;
25084;2011;14;
25091;2011;90;
25105;2011;78;
25107;2011;45;
25110;2011;113;
25112;2011;219;
25117;2011;24;
25118;2011;18;
25119;2011;47;
25120;2011;29;
25121;2011;144;
25122;2011;25;
25123;2011;52;
25124;2011;34;
31003;2011;28;
31004;2011;116;
31005;2011;520;
31006;2011;24;
31012;2011;25;
31022;2011;69;
31033;2011;78;
31040;2011;53;
31042;2011;4;
31043;2011;138;
32003;2011;87;
32006;2011;29;
32010;2011;24;
32011;2011;51;
32030;2011;5;
33011;2011;206;
33016;2011;8;
33021;2011;78;
33029;2011;84;
33037;2011;38;
33039;2011;43;
33040;2011;50;
33041;2011;14;
34002;2011;28;
34003;2011;26;
34009;2011;48;
34013;2011;151;
34022;2011;290;
34023;2011;54;
34025;2011;9;
34027;2011;187;
34040;2011;124;
34041;2011;93;
34042;2011;57;
34043;2011;7;
35002;2011;96;
35005;2011;36;
35006;2011;40;
35011;2011;98;
35013;2011;266;
35014;2011;33;
35029;2011;41;
36006;2011;23;
36007;2011;29;
36008;2011;104;
36010;2011;28;
36011;2011;21;
36012;2011;66;
36015;2011;219;
36019;2011;36;
37002;2011;23;
37007;2011;31;
37010;2011;27;
37011;2011;24;
37012;2011;17;
37015;2011;71;
37017;2011;22;
37018;2011;37;
37020;2011;38;
38002;2011;24;
38008;2011;67;
38014;2011;74;
38016;2011;52;
38025;2011;52;
41002;2011;433;
41011;2011;140;
41018;2011;150;
41024;2011;103;
41027;2011;64;
41034;2011;68;
41048;2011;173;
41063;2011;32;
41081;2011;94;
41082;2011;71;
42003;2011;82;
42004;2011;58;
42006;2011;309;
42008;2011;106;
42010;2011;34;
42011;2011;96;
42023;2011;32;
42025;2011;174;
42026;2011;70;
42028;2011;112;
43002;2011;89;
43005;2011;145;
43007;2011;27;
43010;2011;122;
43014;2011;32;
43018;2011;120;
44001;2011;65;
44011;2011;123;
44012;2011;26;
44013;2011;50;
44019;2011;141;
44020;2011;28;
44021;2011;1566;
44029;2011;26;
44034;2011;78;
44036;2011;32;
44040;2011;31;
44043;2011;117;
44045;2011;23;
44048;2011;41;
44049;2011;30;
44052;2011;27;
44064;2011;12;
44072;2011;29;
44073;2011;41;
44080;2011;19;
44081;2011;67;
45017;2011;12;
45035;2011;110;
45041;2011;126;
45057;2011;22;
45059;2011;37;
45060;2011;20;
45061;2011;17;
45062;2011;2;
45063;2011;11;
45064;2011;18;
45065;2011;24;
46003;2011;155;
46013;2011;104;
46014;2011;275;
46020;2011;83;
46021;2011;404;
46024;2011;138;
46025;2011;138;
51004;2011;188;
51008;2011;106;
51009;2011;78;
51012;2011;16;
51014;2011;41;
51017;2011;17;
51019;2011;29;
51065;2011;44;
52010;2011;110;
52011;2011;1873;
52012;2011;563;
52015;2011;216;
52018;2011;112;
52021;2011;204;
52022;2011;123;
52025;2011;105;
52043;2011;152;
52048;2011;59;
52055;2011;94;
52063;2011;81;
52074;2011;80;
52075;2011;25;
53014;2011;133;
53020;2011;123;
53028;2011;118;
53039;2011;41;
53044;2011;30;
53046;2011;17;
53053;2011;604;
53065;2011;97;
53068;2011;51;
53070;2011;148;
53082;2011;128;
53083;2011;11;
53084;2011;32;
54007;2011;431;
54010;2011;151;
55004;2011;98;
55010;2011;48;
55022;2011;839;
55023;2011;82;
55035;2011;44;
55039;2011;13;
55040;2011;139;
55050;2011;85;
56001;2011;80;
56005;2011;66;
56011;2011;262;
56016;2011;79;
56022;2011;92;
56029;2011;45;
56044;2011;28;
56049;2011;41;
56051;2011;40;
56078;2011;84;
56085;2011;41;
56086;2011;71;
56087;2011;156;
56088;2011;33;
57003;2011;44;
57018;2011;13;
57027;2011;53;
57062;2011;29;
57064;2011;108;
57072;2011;18;
57081;2011;450;
57093;2011;37;
57094;2011;81;
57095;2011;12;
61003;2011;75;
61010;2011;13;
61012;2011;12;
61019;2011;27;
61024;2011;25;
61028;2011;34;
61031;2011;123;
61039;2011;14;
61041;2011;16;
61043;2011;11;
61048;2011;7;
61063;2011;15;
61068;2011;19;
61072;2011;53;
61079;2011;9;
61080;2011;63;
61081;2011;15;
62003;2011;174;
62006;2011;55;
62009;2011;106;
62011;2011;43;
62015;2011;73;
62022;2011;93;
62026;2011;35;
62027;2011;30;
62032;2011;46;
62038;2011;105;
62051;2011;241;
62060;2011;31;
62063;2011;2004;
62079;2011;210;
62093;2011;163;
62096;2011;572;
62099;2011;90;
62100;2011;64;
62108;2011;124;
62118;2011;228;
62119;2011;72;
62120;2011;148;
62121;2011;26;
62122;2011;39;
63001;2011;12;
63003;2011;21;
63004;2011;13;
63012;2011;12;
63013;2011;4;
63020;2011;143;
63023;2011;38;
63035;2011;67;
63038;2011;16;
63040;2011;44;
63045;2011;13;
63046;2011;24;
63048;2011;43;
63049;2011;64;
63057;2011;10;
63058;2011;36;
63061;2011;20;
63067;2011;15;
63072;2011;63;
63073;2011;25;
63075;2011;10;
63076;2011;43;
63079;2011;381;
63080;2011;20;
63084;2011;40;
63086;2011;23;
63087;2011;5;
63088;2011;25;
63089;2011;22;
64008;2011;21;
64015;2011;58;
64021;2011;9;
64023;2011;5;
64025;2011;11;
64029;2011;11;
64034;2011;154;
64047;2011;18;
64056;2011;21;
64063;2011;29;
64065;2011;40;
64074;2011;121;
64075;2011;18;
64076;2011;8;
71002;2011;44;
71004;2011;205;
71011;2011;119;
71016;2011;273;
71017;2011;60;
71020;2011;34;
71022;2011;348;
71024;2011;66;
71034;2011;91;
71037;2011;53;
71045;2011;29;
71047;2011;29;
71053;2011;252;
71057;2011;82;
71066;2011;111;
71067;2011;23;
71069;2011;35;
71070;2011;114;
72003;2011;35;
72004;2011;48;
72018;2011;26;
72020;2011;126;
72021;2011;57;
72025;2011;47;
72029;2011;52;
72030;2011;42;
72037;2011;32;
72038;2011;49;
72039;2011;102;
72040;2011;42;
72041;2011;60;
73001;2011;29;
73006;2011;125;
73009;2011;38;
73022;2011;19;
73028;2011;0;
73032;2011;20;
73040;2011;35;
73042;2011;77;
73066;2011;26;
73083;2011;177;
73098;2011;26;
73107;2011;109;
73109;2011;9;
81001;2011;223;
81003;2011;12;
81004;2011;84;
81013;2011;10;
81015;2011;28;
82003;2011;121;
82005;2011;13;
82009;2011;5;
82014;2011;35;
82032;2011;41;
82036;2011;20;
82037;2011;20;
82038;2011;22;
83012;2011;47;
83013;2011;25;
83028;2011;29;
83031;2011;24;
83034;2011;181;
83040;2011;26;
83044;2011;21;
83049;2011;16;
83055;2011;13;
84009;2011;69;
84010;2011;35;
84016;2011;13;
84029;2011;8;
84033;2011;18;
84035;2011;21;
84043;2011;54;
84050;2011;36;
84059;2011;41;
84068;2011;16;
84075;2011;19;
84077;2011;67;
85007;2011;36;
85009;2011;23;
85011;2011;33;
85024;2011;10;
85026;2011;11;
85034;2011;16;
85039;2011;32;
85045;2011;71;
85046;2011;46;
85047;2011;7;
91005;2011;19;
91013;2011;65;
91015;2011;27;
91030;2011;112;
91034;2011;101;
91054;2011;21;
91059;2011;17;
91064;2011;21;
91072;2011;23;
91103;2011;12;
91114;2011;87;
91120;2011;29;
91141;2011;53;
91142;2011;45;
91143;2011;21;
92003;2011;185;
92006;2011;14;
92035;2011;37;
92045;2011;33;
92048;2011;113;
92054;2011;23;
92087;2011;76;
92094;2011;824;
92097;2011;30;
92101;2011;43;
92114;2011;32;
92137;2011;138;
92138;2011;32;
92140;2011;142;
92141;2011;19;
92142;2011;77;
93010;2011;48;
93014;2011;80;
93018;2011;18;
93022;2011;111;
93056;2011;89;
93088;2011;113;
93090;2011;14;
11001;2012;40;
11002;2012;3052;
11004;2012;53;
11005;2012;108;
11007;2012;47;
11008;2012;178;
11009;2012;61;
11013;2012;108;
11016;2012;62;
11018;2012;48;
11021;2012;23;
11022;2012;59;
11023;2012;69;
11024;2012;75;
11025;2012;16;
11029;2012;102;
11030;2012;60;
11035;2012;44;
11037;2012;66;
11038;2012;39;
11039;2012;39;
11040;2012;148;
11044;2012;68;
11050;2012;29;
11052;2012;35;
11053;2012;75;
11054;2012;11;
11055;2012;26;
11056;2012;66;
11057;2012;42;
12002;2012;36;
12005;2012;24;
12007;2012;101;
12009;2012;74;
12014;2012;166;
12021;2012;159;
12025;2012;469;
12026;2012;60;
12029;2012;50;
12030;2012;56;
12034;2012;18;
12035;2012;68;
12040;2012;183;
13001;2012;31;
13002;2012;20;
13003;2012;53;
13004;2012;69;
13006;2012;31;
13008;2012;111;
13010;2012;56;
13011;2012;197;
13012;2012;32;
13013;2012;53;
13014;2012;32;
13016;2012;61;
13017;2012;63;
13019;2012;35;
13021;2012;41;
13023;2012;38;
13025;2012;130;
13029;2012;71;
13031;2012;38;
13035;2012;42;
13036;2012;20;
13037;2012;35;
13040;2012;203;
13044;2012;34;
13046;2012;43;
13049;2012;109;
13053;2012;69;
21001;2012;511;
21002;2012;86;
21003;2012;75;
21004;2012;887;
21005;2012;165;
21006;2012;158;
21007;2012;268;
21008;2012;66;
21009;2012;304;
21010;2012;160;
21011;2012;68;
21012;2012;355;
21013;2012;231;
21014;2012;122;
21015;2012;541;
21016;2012;273;
21017;2012;49;
21018;2012;186;
21019;2012;107;
21020;2012;0;
23002;2012;87;
23003;2012;66;
23009;2012;4;
23016;2012;116;
23023;2012;24;
23024;2012;24;
23025;2012;139;
23027;2012;126;
23032;2012;16;
23033;2012;35;
23038;2012;23;
23039;2012;23;
23044;2012;38;
23045;2012;38;
23047;2012;45;
23050;2012;43;
23052;2012;21;
23060;2012;36;
23062;2012;66;
23064;2012;1;
23077;2012;87;
23081;2012;28;
23086;2012;27;
23088;2012;143;
23094;2012;89;
23095;2012;0;
23096;2012;51;
23097;2012;30;
23098;2012;11;
23099;2012;9;
23100;2012;4;
23101;2012;45;
23102;2012;33;
23103;2012;17;
23104;2012;18;
23105;2012;36;
24001;2012;74;
24007;2012;17;
24008;2012;15;
24009;2012;28;
24011;2012;22;
24014;2012;38;
24016;2012;31;
24020;2012;78;
24028;2012;24;
24033;2012;37;
24038;2012;41;
24041;2012;21;
24043;2012;17;
24045;2012;24;
24048;2012;43;
24054;2012;22;
24055;2012;23;
24059;2012;58;
24062;2012;360;
24066;2012;20;
24086;2012;12;
24094;2012;36;
24104;2012;61;
24107;2012;162;
24109;2012;35;
24130;2012;19;
24133;2012;18;
24134;2012;77;
24135;2012;23;
24137;2012;10;
25005;2012;19;
25014;2012;140;
25015;2012;17;
25018;2012;40;
25023;2012;52;
25031;2012;46;
25037;2012;33;
25043;2012;18;
25044;2012;20;
25048;2012;87;
25050;2012;34;
25068;2012;23;
25072;2012;141;
25084;2012;23;
25091;2012;54;
25105;2012;102;
25107;2012;42;
25110;2012;95;
25112;2012;185;
25117;2012;26;
25118;2012;22;
25119;2012;45;
25120;2012;27;
25121;2012;116;
25122;2012;21;
25123;2012;46;
25124;2012;31;
31003;2012;44;
31004;2012;115;
31005;2012;519;
31006;2012;26;
31012;2012;37;
31022;2012;66;
31033;2012;56;
31040;2012;72;
31042;2012;5;
31043;2012;109;
32003;2012;62;
32006;2012;39;
32010;2012;30;
32011;2012;47;
32030;2012;8;
33011;2012;163;
33016;2012;12;
33021;2012;57;
33029;2012;65;
33037;2012;30;
33039;2012;36;
33040;2012;29;
33041;2012;22;
34002;2012;35;
34003;2012;33;
34009;2012;46;
34013;2012;163;
34022;2012;258;
34023;2012;61;
34025;2012;10;
34027;2012;124;
34040;2012;111;
34041;2012;106;
34042;2012;57;
34043;2012;14;
35002;2012;87;
35005;2012;31;
35006;2012;54;
35011;2012;102;
35013;2012;231;
35014;2012;24;
35029;2012;48;
36006;2012;31;
36007;2012;31;
36008;2012;99;
36010;2012;31;
36011;2012;21;
36012;2012;69;
36015;2012;232;
36019;2012;24;
37002;2012;21;
37007;2012;27;
37010;2012;15;
37011;2012;24;
37012;2012;40;
37015;2012;56;
37017;2012;22;
37018;2012;25;
37020;2012;39;
38002;2012;37;
38008;2012;58;
38014;2012;88;
38016;2012;57;
38025;2012;75;
41002;2012;358;
41011;2012;101;
41018;2012;131;
41024;2012;106;
41027;2012;74;
41034;2012;71;
41048;2012;153;
41063;2012;35;
41081;2012;114;
41082;2012;70;
42003;2012;91;
42004;2012;64;
42006;2012;288;
42008;2012;89;
42010;2012;55;
42011;2012;102;
42023;2012;52;
42025;2012;205;
42026;2012;52;
42028;2012;69;
43002;2012;62;
43005;2012;125;
43007;2012;16;
43010;2012;95;
43014;2012;13;
43018;2012;84;
44001;2012;63;
44011;2012;139;
44012;2012;17;
44013;2012;47;
44019;2012;135;
44020;2012;39;
44021;2012;1455;
44029;2012;36;
44034;2012;78;
44036;2012;24;
44040;2012;32;
44043;2012;84;
44045;2012;22;
44048;2012;27;
44049;2012;26;
44052;2012;28;
44064;2012;15;
44072;2012;19;
44073;2012;36;
44080;2012;31;
44081;2012;72;
45017;2012;13;
45035;2012;97;
45041;2012;99;
45057;2012;21;
45059;2012;47;
45060;2012;15;
45061;2012;13;
45062;2012;3;
45063;2012;12;
45064;2012;8;
45065;2012;25;
46003;2012;183;
46013;2012;106;
46014;2012;185;
46020;2012;111;
46021;2012;412;
46024;2012;144;
46025;2012;183;
51004;2012;193;
51008;2012;90;
51009;2012;73;
51012;2012;25;
51014;2012;28;
51017;2012;10;
51019;2012;19;
51065;2012;46;
52010;2012;79;
52011;2012;1767;
52012;2012;428;
52015;2012;197;
52018;2012;111;
52021;2012;142;
52022;2012;87;
52025;2012;76;
52043;2012;140;
52048;2012;49;
52055;2012;63;
52063;2012;50;
52074;2012;78;
52075;2012;27;
53014;2012;104;
53020;2012;127;
53028;2012;103;
53039;2012;33;
53044;2012;27;
53046;2012;22;
53053;2012;579;
53065;2012;76;
53068;2012;56;
53070;2012;104;
53082;2012;101;
53083;2012;13;
53084;2012;25;
54007;2012;418;
54010;2012;167;
55004;2012;136;
55010;2012;61;
55022;2012;734;
55023;2012;127;
55035;2012;24;
55039;2012;22;
55040;2012;172;
55050;2012;80;
56001;2012;53;
56005;2012;41;
56011;2012;217;
56016;2012;71;
56022;2012;81;
56029;2012;45;
56044;2012;18;
56049;2012;29;
56051;2012;40;
56078;2012;87;
56085;2012;49;
56086;2012;59;
56087;2012;146;
56088;2012;39;
57003;2012;34;
57018;2012;16;
57027;2012;62;
57062;2012;36;
57064;2012;107;
57072;2012;17;
57081;2012;428;
57093;2012;38;
57094;2012;94;
57095;2012;15;
61003;2012;69;
61010;2012;7;
61012;2012;10;
61019;2012;16;
61024;2012;16;
61028;2012;33;
61031;2012;126;
61039;2012;19;
61041;2012;21;
61043;2012;4;
61048;2012;11;
61063;2012;7;
61068;2012;30;
61072;2012;44;
61079;2012;12;
61080;2012;47;
61081;2012;9;
62003;2012;155;
62006;2012;65;
62009;2012;78;
62011;2012;46;
62015;2012;61;
62022;2012;81;
62026;2012;28;
62027;2012;33;
62032;2012;62;
62038;2012;99;
62051;2012;240;
62060;2012;51;
62063;2012;1713;
62079;2012;171;
62093;2012;157;
62096;2012;445;
62099;2012;84;
62100;2012;59;
62108;2012;103;
62118;2012;186;
62119;2012;49;
62120;2012;147;
62121;2012;28;
62122;2012;39;
63001;2012;5;
63003;2012;14;
63004;2012;10;
63012;2012;12;
63013;2012;6;
63020;2012;86;
63023;2012;39;
63035;2012;64;
63038;2012;19;
63040;2012;48;
63045;2012;9;
63046;2012;48;
63048;2012;25;
63049;2012;34;
63057;2012;12;
63058;2012;37;
63061;2012;15;
63067;2012;24;
63072;2012;42;
63073;2012;23;
63075;2012;7;
63076;2012;43;
63079;2012;341;
63080;2012;18;
63084;2012;28;
63086;2012;15;
63087;2012;3;
63088;2012;23;
63089;2012;28;
64008;2012;36;
64015;2012;37;
64021;2012;14;
64023;2012;13;
64025;2012;9;
64029;2012;15;
64034;2012;92;
64047;2012;21;
64056;2012;30;
64063;2012;15;
64065;2012;33;
64074;2012;104;
64075;2012;10;
64076;2012;35;
71002;2012;39;
71004;2012;173;
71011;2012;61;
71016;2012;265;
71017;2012;30;
71020;2012;25;
71022;2012;313;
71024;2012;49;
71034;2012;84;
71037;2012;49;
71045;2012;52;
71047;2012;38;
71053;2012;204;
71057;2012;70;
71066;2012;91;
71067;2012;22;
71069;2012;34;
71070;2012;81;
72003;2012;53;
72004;2012;43;
72018;2012;32;
72020;2012;102;
72021;2012;58;
72025;2012;55;
72029;2012;47;
72030;2012;50;
72037;2012;34;
72038;2012;38;
72039;2012;139;
72040;2012;37;
72041;2012;54;
73001;2012;19;
73006;2012;87;
73009;2012;26;
73022;2012;20;
73028;2012;0;
73032;2012;22;
73040;2012;40;
73042;2012;72;
73066;2012;31;
73083;2012;145;
73098;2012;28;
73107;2012;107;
73109;2012;4;
81001;2012;138;
81003;2012;9;
81004;2012;88;
81013;2012;14;
81015;2012;34;
82003;2012;76;
82005;2012;6;
82009;2012;1;
82014;2012;28;
82032;2012;52;
82036;2012;7;
82037;2012;42;
82038;2012;24;
83012;2012;55;
83013;2012;27;
83028;2012;31;
83031;2012;29;
83034;2012;153;
83040;2012;25;
83044;2012;12;
83049;2012;11;
83055;2012;26;
84009;2012;61;
84010;2012;31;
84016;2012;11;
84029;2012;8;
84033;2012;20;
84035;2012;23;
84043;2012;43;
84050;2012;28;
84059;2012;46;
84068;2012;14;
84075;2012;22;
84077;2012;70;
85007;2012;24;
85009;2012;23;
85011;2012;36;
85024;2012;2;
85026;2012;23;
85034;2012;8;
85039;2012;20;
85045;2012;73;
85046;2012;41;
85047;2012;6;
91005;2012;24;
91013;2012;46;
91015;2012;41;
91030;2012;115;
91034;2012;94;
91054;2012;43;
91059;2012;37;
91064;2012;23;
91072;2012;26;
91103;2012;12;
91114;2012;89;
91120;2012;32;
91141;2012;35;
91142;2012;35;
91143;2012;9;
92003;2012;174;
92006;2012;19;
92035;2012;33;
92045;2012;29;
92048;2012;58;
92054;2012;29;
92087;2012;54;
92094;2012;760;
92097;2012;21;
92101;2012;53;
92114;2012;16;
92137;2012;143;
92138;2012;30;
92140;2012;134;
92141;2012;29;
92142;2012;97;
93010;2012;61;
93014;2012;70;
93018;2012;23;
93022;2012;97;
93056;2012;99;
93088;2012;78;
93090;2012;27;
11001;2013;47;
11002;2013;2917;
11004;2013;36;
11005;2013;127;
11007;2013;63;
11008;2013;124;
11009;2013;72;
11013;2013;80;
11016;2013;62;
11018;2013;61;
11021;2013;15;
11022;2013;52;
11023;2013;64;
11024;2013;93;
11025;2013;28;
11029;2013;121;
11030;2013;84;
11035;2013;64;
11037;2013;55;
11038;2013;53;
11039;2013;48;
11040;2013;163;
11044;2013;48;
11050;2013;33;
11052;2013;38;
11053;2013;76;
11054;2013;38;
11055;2013;33;
11056;2013;75;
11057;2013;25;
12002;2013;36;
12005;2013;20;
12007;2013;82;
12009;2013;68;
12014;2013;174;
12021;2013;160;
12025;2013;400;
12026;2013;56;
12029;2013;41;
12030;2013;58;
12034;2013;15;
12035;2013;89;
12040;2013;134;
13001;2013;32;
13002;2013;3;
13003;2013;40;
13004;2013;43;
13006;2013;24;
13008;2013;90;
13010;2013;37;
13011;2013;140;
13012;2013;17;
13013;2013;46;
13014;2013;30;
13016;2013;34;
13017;2013;29;
13019;2013;33;
13021;2013;37;
13023;2013;21;
13025;2013;110;
13029;2013;39;
13031;2013;49;
13035;2013;27;
13036;2013;10;
13037;2013;23;
13040;2013;155;
13044;2013;36;
13046;2013;20;
13049;2013;71;
13053;2013;47;
21001;2013;594;
21002;2013;107;
21003;2013;88;
21004;2013;827;
21005;2013;207;
21006;2013;128;
21007;2013;233;
21008;2013;98;
21009;2013;306;
21010;2013;177;
21011;2013;71;
21012;2013;326;
21013;2013;267;
21014;2013;138;
21015;2013;482;
21016;2013;222;
21017;2013;58;
21018;2013;191;
21019;2013;96;
21020;2013;0;
23002;2013;58;
23003;2013;71;
23009;2013;6;
23016;2013;113;
23023;2013;22;
23024;2013;22;
23025;2013;123;
23027;2013;120;
23032;2013;17;
23033;2013;26;
23038;2013;23;
23039;2013;18;
23044;2013;52;
23045;2013;42;
23047;2013;52;
23050;2013;45;
23052;2013;35;
23060;2013;35;
23062;2013;92;
23064;2013;4;
23077;2013;113;
23081;2013;25;
23086;2013;51;
23088;2013;136;
23094;2013;93;
23095;2013;2;
23096;2013;52;
23097;2013;32;
23098;2013;16;
23099;2013;12;
23100;2013;10;
23101;2013;32;
23102;2013;46;
23103;2013;20;
23104;2013;18;
23105;2013;36;
24001;2013;98;
24007;2013;15;
24008;2013;8;
24009;2013;11;
24011;2013;8;
24014;2013;23;
24016;2013;8;
24020;2013;88;
24028;2013;11;
24033;2013;23;
24038;2013;26;
24041;2013;12;
24043;2013;11;
24045;2013;26;
24048;2013;18;
24054;2013;35;
24055;2013;35;
24059;2013;80;
24062;2013;337;
24066;2013;44;
24086;2013;22;
24094;2013;36;
24104;2013;59;
24107;2013;148;
24109;2013;17;
24130;2013;20;
24133;2013;12;
24134;2013;59;
24135;2013;27;
24137;2013;3;
25005;2013;20;
25014;2013;154;
25015;2013;14;
25018;2013;28;
25023;2013;43;
25031;2013;57;
25037;2013;49;
25043;2013;11;
25044;2013;11;
25048;2013;70;
25050;2013;21;
25068;2013;20;
25072;2013;132;
25084;2013;17;
25091;2013;56;
25105;2013;104;
25107;2013;40;
25110;2013;112;
25112;2013;168;
25117;2013;36;
25118;2013;15;
25119;2013;41;
25120;2013;30;
25121;2013;106;
25122;2013;36;
25123;2013;34;
25124;2013;34;
31003;2013;33;
31004;2013;143;
31005;2013;363;
31006;2013;33;
31012;2013;25;
31022;2013;65;
31033;2013;36;
31040;2013;57;
31042;2013;5;
31043;2013;99;
32003;2013;84;
32006;2013;66;
32010;2013;33;
32011;2013;47;
32030;2013;6;
33011;2013;138;
33016;2013;6;
33021;2013;56;
33029;2013;67;
33037;2013;53;
33039;2013;21;
33040;2013;34;
33041;2013;6;
34002;2013;29;
34003;2013;51;
34009;2013;44;
34013;2013;156;
34022;2013;271;
34023;2013;39;
34025;2013;14;
34027;2013;156;
34040;2013;115;
34041;2013;95;
34042;2013;46;
34043;2013;12;
35002;2013;67;
35005;2013;37;
35006;2013;44;
35011;2013;91;
35013;2013;197;
35014;2013;27;
35029;2013;53;
36006;2013;34;
36007;2013;38;
36008;2013;92;
36010;2013;10;
36011;2013;23;
36012;2013;38;
36015;2013;237;
36019;2013;38;
37002;2013;35;
37007;2013;22;
37010;2013;14;
37011;2013;18;
37012;2013;18;
37015;2013;54;
37017;2013;19;
37018;2013;41;
37020;2013;45;
38002;2013;30;
38008;2013;55;
38014;2013;91;
38016;2013;51;
38025;2013;44;
41002;2013;383;
41011;2013;138;
41018;2013;141;
41024;2013;101;
41027;2013;116;
41034;2013;69;
41048;2013;136;
41063;2013;38;
41081;2013;132;
41082;2013;85;
42003;2013;102;
42004;2013;71;
42006;2013;333;
42008;2013;79;
42010;2013;42;
42011;2013;111;
42023;2013;46;
42025;2013;157;
42026;2013;62;
42028;2013;71;
43002;2013;40;
43005;2013;126;
43007;2013;20;
43010;2013;119;
43014;2013;19;
43018;2013;95;
44001;2013;45;
44011;2013;122;
44012;2013;21;
44013;2013;53;
44019;2013;146;
44020;2013;27;
44021;2013;1319;
44029;2013;29;
44034;2013;86;
44036;2013;33;
44040;2013;27;
44043;2013;56;
44045;2013;27;
44048;2013;25;
44049;2013;34;
44052;2013;42;
44064;2013;23;
44072;2013;39;
44073;2013;27;
44080;2013;20;
44081;2013;50;
45017;2013;19;
45035;2013;161;
45041;2013;120;
45057;2013;11;
45059;2013;44;
45060;2013;29;
45061;2013;8;
45062;2013;8;
45063;2013;18;
45064;2013;5;
45065;2013;16;
46003;2013;157;
46013;2013;69;
46014;2013;215;
46020;2013;82;
46021;2013;501;
46024;2013;101;
46025;2013;175;
51004;2013;171;
51008;2013;89;
51009;2013;81;
51012;2013;11;
51014;2013;25;
51017;2013;19;
51019;2013;21;
51065;2013;38;
52010;2013;98;
52011;2013;1701;
52012;2013;422;
52015;2013;268;
52018;2013;137;
52021;2013;154;
52022;2013;125;
52025;2013;61;
52043;2013;167;
52048;2013;58;
52055;2013;86;
52063;2013;34;
52074;2013;78;
52075;2013;32;
53014;2013;123;
53020;2013;142;
53028;2013;112;
53039;2013;45;
53044;2013;46;
53046;2013;29;
53053;2013;624;
53065;2013;68;
53068;2013;37;
53070;2013;108;
53082;2013;101;
53083;2013;15;
53084;2013;31;
54007;2013;407;
54010;2013;132;
55004;2013;92;
55010;2013;39;
55022;2013;642;
55023;2013;106;
55035;2013;44;
55039;2013;19;
55040;2013;142;
55050;2013;25;
56001;2013;71;
56005;2013;48;
56011;2013;216;
56016;2013;69;
56022;2013;80;
56029;2013;22;
56044;2013;21;
56049;2013;34;
56051;2013;40;
56078;2013;70;
56085;2013;64;
56086;2013;62;
56087;2013;120;
56088;2013;22;
57003;2013;50;
57018;2013;23;
57027;2013;71;
57062;2013;32;
57064;2013;86;
57072;2013;13;
57081;2013;428;
57093;2013;31;
57094;2013;111;
57095;2013;4;
61003;2013;86;
61010;2013;25;
61012;2013;13;
61019;2013;12;
61024;2013;27;
61028;2013;21;
61031;2013;129;
61039;2013;31;
61041;2013;13;
61043;2013;24;
61048;2013;11;
61063;2013;13;
61068;2013;25;
61072;2013;32;
61079;2013;5;
61080;2013;45;
61081;2013;7;
62003;2013;132;
62006;2013;54;
62009;2013;85;
62011;2013;73;
62015;2013;55;
62022;2013;104;
62026;2013;33;
62027;2013;31;
62032;2013;53;
62038;2013;72;
62051;2013;224;
62060;2013;40;
62063;2013;1765;
62079;2013;170;
62093;2013;132;
62096;2013;542;
62099;2013;79;
62100;2013;49;
62108;2013;134;
62118;2013;140;
62119;2013;42;
62120;2013;156;
62121;2013;21;
62122;2013;56;
63001;2013;11;
63003;2013;13;
63004;2013;10;
63012;2013;11;
63013;2013;4;
63020;2013;60;
63023;2013;54;
63035;2013;82;
63038;2013;24;
63040;2013;26;
63045;2013;8;
63046;2013;23;
63048;2013;16;
63049;2013;35;
63057;2013;15;
63058;2013;39;
63061;2013;18;
63067;2013;41;
63072;2013;56;
63073;2013;32;
63075;2013;9;
63076;2013;39;
63079;2013;348;
63080;2013;21;
63084;2013;39;
63086;2013;8;
63087;2013;3;
63088;2013;13;
63089;2013;29;
64008;2013;20;
64015;2013;33;
64021;2013;19;
64023;2013;7;
64025;2013;10;
64029;2013;25;
64034;2013;78;
64047;2013;10;
64056;2013;30;
64063;2013;14;
64065;2013;42;
64074;2013;107;
64075;2013;6;
64076;2013;10;
71002;2013;37;
71004;2013;139;
71011;2013;44;
71016;2013;298;
71017;2013;25;
71020;2013;22;
71022;2013;263;
71024;2013;33;
71034;2013;89;
71037;2013;45;
71045;2013;21;
71047;2013;47;
71053;2013;179;
71057;2013;74;
71066;2013;93;
71067;2013;22;
71069;2013;30;
71070;2013;99;
72003;2013;39;
72004;2013;51;
72018;2013;26;
72020;2013;129;
72021;2013;62;
72025;2013;30;
72029;2013;41;
72030;2013;40;
72037;2013;29;
72038;2013;27;
72039;2013;110;
72040;2013;23;
72041;2013;40;
73001;2013;22;
73006;2013;104;
73009;2013;47;
73022;2013;33;
73028;2013;0;
73032;2013;16;
73040;2013;52;
73042;2013;82;
73066;2013;57;
73083;2013;140;
73098;2013;31;
73107;2013;117;
73109;2013;4;
81001;2013;149;
81003;2013;5;
81004;2013;84;
81013;2013;8;
81015;2013;42;
82003;2013;74;
82005;2013;22;
82009;2013;8;
82014;2013;16;
82032;2013;61;
82036;2013;19;
82037;2013;42;
82038;2013;10;
83012;2013;41;
83013;2013;22;
83028;2013;30;
83031;2013;21;
83034;2013;152;
83040;2013;43;
83044;2013;15;
83049;2013;14;
83055;2013;16;
84009;2013;45;
84010;2013;33;
84016;2013;5;
84029;2013;8;
84033;2013;26;
84035;2013;18;
84043;2013;51;
84050;2013;27;
84059;2013;44;
84068;2013;11;
84075;2013;11;
84077;2013;52;
85007;2013;14;
85009;2013;13;
85011;2013;31;
85024;2013;13;
85026;2013;14;
85034;2013;15;
85039;2013;15;
85045;2013;48;
85046;2013;38;
85047;2013;8;
91005;2013;42;
91013;2013;75;
91015;2013;21;
91030;2013;115;
91034;2013;93;
91054;2013;20;
91059;2013;25;
91064;2013;24;
91072;2013;24;
91103;2013;12;
91114;2013;79;
91120;2013;29;
91141;2013;48;
91142;2013;32;
91143;2013;25;
92003;2013;163;
92006;2013;24;
92035;2013;35;
92045;2013;28;
92048;2013;42;
92054;2013;17;
92087;2013;62;
92094;2013;659;
92097;2013;18;
92101;2013;46;
92114;2013;23;
92137;2013;120;
92138;2013;19;
92140;2013;118;
92141;2013;32;
92142;2013;86;
93010;2013;44;
93014;2013;100;
93018;2013;11;
93022;2013;76;
93056;2013;86;
93088;2013;75;
93090;2013;28;
11001;2014;43;
11002;2014;2785;
11004;2014;39;
11005;2014;148;
11007;2014;50;
11008;2014;139;
11009;2014;89;
11013;2014;96;
11016;2014;58;
11018;2014;53;
11021;2014;19;
11022;2014;52;
11023;2014;71;
11024;2014;84;
11025;2014;25;
11029;2014;109;
11030;2014;49;
11035;2014;64;
11037;2014;49;
11038;2014;29;
11039;2014;44;
11040;2014;149;
11044;2014;85;
11050;2014;26;
11052;2014;60;
11053;2014;71;
11054;2014;30;
11055;2014;61;
11056;2014;103;
11057;2014;40;
12002;2014;27;
12005;2014;38;
12007;2014;52;
12009;2014;34;
12014;2014;201;
12021;2014;129;
12025;2014;343;
12026;2014;59;
12029;2014;27;
12030;2014;43;
12034;2014;25;
12035;2014;66;
12040;2014;144;
13001;2014;25;
13002;2014;2;
13003;2014;50;
13004;2014;32;
13006;2014;17;
13008;2014;62;
13010;2014;18;
13011;2014;86;
13012;2014;13;
13013;2014;44;
13014;2014;21;
13016;2014;31;
13017;2014;31;
13019;2014;25;
13021;2014;21;
13023;2014;26;
13025;2014;102;
13029;2014;36;
13031;2014;31;
13035;2014;23;
13036;2014;13;
13037;2014;27;
13040;2014;138;
13044;2014;18;
13046;2014;12;
13049;2014;87;
13053;2014;56;
21001;2014;426;
21002;2014;104;
21003;2014;77;
21004;2014;875;
21005;2014;220;
21006;2014;124;
21007;2014;157;
21008;2014;68;
21009;2014;317;
21010;2014;152;
21011;2014;57;
21012;2014;354;
21013;2014;187;
21014;2014;112;
21015;2014;446;
21016;2014;256;
21017;2014;82;
21018;2014;185;
21019;2014;105;
21020;2014;0;
23002;2014;61;
23003;2014;65;
23009;2014;2;
23016;2014;128;
23023;2014;14;
23024;2014;15;
23025;2014;107;
23027;2014;104;
23032;2014;10;
23033;2014;22;
23038;2014;30;
23039;2014;24;
23044;2014;44;
23045;2014;37;
23047;2014;36;
23050;2014;36;
23052;2014;35;
23060;2014;41;
23062;2014;112;
23064;2014;13;
23077;2014;73;
23081;2014;36;
23086;2014;30;
23088;2014;120;
23094;2014;130;
23095;2014;0;
23096;2014;51;
23097;2014;41;
23098;2014;26;
23099;2014;13;
23100;2014;8;
23101;2014;38;
23102;2014;35;
23103;2014;6;
23104;2014;19;
23105;2014;49;
24001;2014;135;
24007;2014;37;
24008;2014;10;
24009;2014;24;
24011;2014;22;
24014;2014;28;
24016;2014;15;
24020;2014;90;
24028;2014;34;
24033;2014;25;
24038;2014;34;
24041;2014;13;
24043;2014;21;
24045;2014;22;
24048;2014;37;
24054;2014;31;
24055;2014;33;
24059;2014;62;
24062;2014;335;
24066;2014;31;
24086;2014;29;
24094;2014;33;
24104;2014;62;
24107;2014;170;
24109;2014;40;
24130;2014;38;
24133;2014;9;
24134;2014;59;
24135;2014;34;
24137;2014;13;
25005;2014;12;
25014;2014;133;
25015;2014;24;
25018;2014;33;
25023;2014;49;
25031;2014;71;
25037;2014;52;
25043;2014;14;
25044;2014;20;
25048;2014;66;
25050;2014;18;
25068;2014;28;
25072;2014;140;
25084;2014;27;
25091;2014;50;
25105;2014;116;
25107;2014;56;
25110;2014;107;
25112;2014;160;
25117;2014;18;
25118;2014;10;
25119;2014;37;
25120;2014;37;
25121;2014;124;
25122;2014;22;
25123;2014;48;
25124;2014;27;
31003;2014;29;
31004;2014;124;
31005;2014;328;
31006;2014;31;
31012;2014;28;
31022;2014;64;
31033;2014;80;
31040;2014;41;
31042;2014;6;
31043;2014;86;
32003;2014;74;
32006;2014;40;
32010;2014;41;
32011;2014;55;
32030;2014;7;
33011;2014;136;
33016;2014;4;
33021;2014;63;
33029;2014;93;
33037;2014;68;
33039;2014;26;
33040;2014;33;
33041;2014;6;
34002;2014;32;
34003;2014;24;
34009;2014;45;
34013;2014;128;
34022;2014;265;
34023;2014;30;
34025;2014;12;
34027;2014;131;
34040;2014;101;
34041;2014;79;
34042;2014;54;
34043;2014;14;
35002;2014;95;
35005;2014;43;
35006;2014;51;
35011;2014;106;
35013;2014;188;
35014;2014;24;
35029;2014;32;
36006;2014;30;
36007;2014;31;
36008;2014;104;
36010;2014;36;
36011;2014;15;
36012;2014;51;
36015;2014;235;
36019;2014;54;
37002;2014;21;
37007;2014;34;
37010;2014;18;
37011;2014;17;
37012;2014;8;
37015;2014;55;
37017;2014;16;
37018;2014;38;
37020;2014;42;
38002;2014;14;
38008;2014;42;
38014;2014;47;
38016;2014;56;
38025;2014;36;
41002;2014;366;
41011;2014;138;
41018;2014;117;
41024;2014;112;
41027;2014;90;
41034;2014;91;
41048;2014;152;
41063;2014;41;
41081;2014;166;
41082;2014;72;
42003;2014;88;
42004;2014;30;
42006;2014;273;
42008;2014;99;
42010;2014;63;
42011;2014;84;
42023;2014;68;
42025;2014;216;
42026;2014;81;
42028;2014;95;
43002;2014;53;
43005;2014;113;
43007;2014;17;
43010;2014;140;
43014;2014;21;
43018;2014;116;
44001;2014;45;
44011;2014;157;
44012;2014;19;
44013;2014;48;
44019;2014;133;
44020;2014;33;
44021;2014;1466;
44029;2014;21;
44034;2014;130;
44036;2014;20;
44040;2014;37;
44043;2014;63;
44045;2014;33;
44048;2014;37;
44049;2014;28;
44052;2014;37;
44064;2014;15;
44072;2014;24;
44073;2014;51;
44080;2014;30;
44081;2014;42;
45017;2014;12;
45035;2014;127;
45041;2014;99;
45057;2014;17;
45059;2014;33;
45060;2014;35;
45061;2014;18;
45062;2014;2;
45063;2014;10;
45064;2014;10;
45065;2014;10;
46003;2014;185;
46013;2014;66;
46014;2014;248;
46020;2014;102;
46021;2014;425;
46024;2014;89;
46025;2014;122;
51004;2014;249;
51008;2014;70;
51009;2014;85;
51012;2014;16;
51014;2014;29;
51017;2014;16;
51019;2014;11;
51065;2014;47;
52010;2014;85;
52011;2014;1773;
52012;2014;456;
52015;2014;215;
52018;2014;113;
52021;2014;105;
52022;2014;153;
52025;2014;51;
52043;2014;192;
52048;2014;49;
52055;2014;60;
52063;2014;34;
52074;2014;61;
52075;2014;39;
53014;2014;102;
53020;2014;137;
53028;2014;103;
53039;2014;38;
53044;2014;36;
53046;2014;28;
53053;2014;586;
53065;2014;92;
53068;2014;39;
53070;2014;108;
53082;2014;125;
53083;2014;17;
53084;2014;19;
54007;2014;422;
54010;2014;146;
55004;2014;89;
55010;2014;48;
55022;2014;685;
55023;2014;121;
55035;2014;34;
55039;2014;28;
55040;2014;117;
55050;2014;58;
56001;2014;104;
56005;2014;49;
56011;2014;194;
56016;2014;55;
56022;2014;47;
56029;2014;25;
56044;2014;29;
56049;2014;34;
56051;2014;32;
56078;2014;84;
56085;2014;32;
56086;2014;52;
56087;2014;122;
56088;2014;17;
57003;2014;38;
57018;2014;20;
57027;2014;65;
57062;2014;24;
57064;2014;116;
57072;2014;13;
57081;2014;429;
57093;2014;38;
57094;2014;74;
57095;2014;12;
61003;2014;92;
61010;2014;12;
61012;2014;12;
61019;2014;19;
61024;2014;33;
61028;2014;23;
61031;2014;100;
61039;2014;24;
61041;2014;21;
61043;2014;19;
61048;2014;7;
61063;2014;13;
61068;2014;26;
61072;2014;64;
61079;2014;11;
61080;2014;41;
61081;2014;7;
62003;2014;122;
62006;2014;49;
62009;2014;64;
62011;2014;58;
62015;2014;43;
62022;2014;93;
62026;2014;22;
62027;2014;36;
62032;2014;47;
62038;2014;88;
62051;2014;260;
62060;2014;34;
62063;2014;1762;
62079;2014;116;
62093;2014;128;
62096;2014;540;
62099;2014;85;
62100;2014;64;
62108;2014;141;
62118;2014;137;
62119;2014;84;
62120;2014;167;
62121;2014;29;
62122;2014;66;
63001;2014;1;
63003;2014;13;
63004;2014;22;
63012;2014;6;
63013;2014;6;
63020;2014;89;
63023;2014;59;
63035;2014;84;
63038;2014;25;
63040;2014;28;
63045;2014;25;
63046;2014;25;
63048;2014;23;
63049;2014;51;
63057;2014;12;
63058;2014;43;
63061;2014;14;
63067;2014;12;
63072;2014;49;
63073;2014;27;
63075;2014;9;
63076;2014;37;
63079;2014;304;
63080;2014;13;
63084;2014;38;
63086;2014;13;
63087;2014;6;
63088;2014;20;
63089;2014;35;
64008;2014;14;
64015;2014;31;
64021;2014;12;
64023;2014;14;
64025;2014;9;
64029;2014;15;
64034;2014;88;
64047;2014;9;
64056;2014;15;
64063;2014;34;
64065;2014;35;
64074;2014;109;
64075;2014;14;
64076;2014;18;
71002;2014;31;
71004;2014;184;
71011;2014;79;
71016;2014;386;
71017;2014;23;
71020;2014;33;
71022;2014;279;
71024;2014;43;
71034;2014;74;
71037;2014;48;
71045;2014;11;
71047;2014;29;
71053;2014;198;
71057;2014;78;
71066;2014;93;
71067;2014;27;
71069;2014;48;
71070;2014;100;
72003;2014;43;
72004;2014;48;
72018;2014;24;
72020;2014;152;
72021;2014;49;
72025;2014;34;
72029;2014;32;
72030;2014;41;
72037;2014;24;
72038;2014;30;
72039;2014;89;
72040;2014;24;
72041;2014;54;
73001;2014;32;
73006;2014;110;
73009;2014;24;
73022;2014;23;
73028;2014;0;
73032;2014;12;
73040;2014;59;
73042;2014;113;
73066;2014;28;
73083;2014;149;
73098;2014;27;
73107;2014;121;
73109;2014;9;
81001;2014;155;
81003;2014;8;
81004;2014;67;
81013;2014;8;
81015;2014;46;
82003;2014;90;
82005;2014;6;
82009;2014;9;
82014;2014;24;
82032;2014;35;
82036;2014;19;
82037;2014;22;
82038;2014;17;
83012;2014;68;
83013;2014;11;
83028;2014;43;
83031;2014;14;
83034;2014;151;
83040;2014;25;
83044;2014;10;
83049;2014;8;
83055;2014;14;
84009;2014;59;
84010;2014;23;
84016;2014;6;
84029;2014;8;
84033;2014;18;
84035;2014;14;
84043;2014;54;
84050;2014;15;
84059;2014;41;
84068;2014;6;
84075;2014;16;
84077;2014;40;
85007;2014;32;
85009;2014;21;
85011;2014;17;
85024;2014;8;
85026;2014;13;
85034;2014;6;
85039;2014;12;
85045;2014;65;
85046;2014;23;
85047;2014;8;
91005;2014;33;
91013;2014;35;
91015;2014;20;
91030;2014;77;
91034;2014;109;
91054;2014;25;
91059;2014;35;
91064;2014;14;
91072;2014;27;
91103;2014;13;
91114;2014;92;
91120;2014;25;
91141;2014;46;
91142;2014;43;
91143;2014;9;
92003;2014;128;
92006;2014;19;
92035;2014;42;
92045;2014;35;
92048;2014;35;
92054;2014;18;
92087;2014;61;
92094;2014;622;
92097;2014;31;
92101;2014;46;
92114;2014;23;
92137;2014;125;
92138;2014;20;
92140;2014;112;
92141;2014;16;
92142;2014;59;
93010;2014;28;
93014;2014;127;
93018;2014;12;
93022;2014;95;
93056;2014;68;
93088;2014;96;
93090;2014;43;
